"Interpreter","Name","Version","Built","Library"
"C:\Program Files\R\R-4.6.1\bin\x64\Rscript.exe","BH","1.90.0-1","R 4.6.1; ; 2026-08-19 11:46:54 UTC; windows","C:/Users/PPCCpcpc/AppData/Local/R/win-library/4.6"
"C:\Program Files\R\R-4.6.1\bin\x64\Rscript.exe","DALEX","2.5.4","R 4.6.1; ; 2026-09-09 03:05:18 UTC; windows","C:/Users/PPCCpcpc/AppData/Local/R/win-library/4.6"
"C:\Program Files\R\R-4.6.1\bin\x64\Rscript.exe","DBI","1.3.0","R 4.6.1; ; 2026-09-09 00:54:06 UTC; windows","C:/Users/PPCCpcpc/AppData/Local/R/win-library/4.6"
"C:\Program Files\R\R-4.6.1\bin\x64\Rscript.exe","DT","0.34.0","R 4.6.1; ; 2026-09-09 03:20:48 UTC; windows","C:/Users/PPCCpcpc/AppData/Local/R/win-library/4.6"
"C:\Program Files\R\R-4.6.1\bin\x64\Rscript.exe","Deriv","4.3.5","R 4.6.1; x86_64-w64-mingw32; 2026-09-03 23:51:16 UTC; windows","C:/Users/PPCCpcpc/AppData/Local/R/win-library/4.6"
"C:\Program Files\R\R-4.6.1\bin\x64\Rscript.exe","DiceDesign","1.10","R 4.6.1; x86_64-w64-mingw32; 2026-09-09 00:57:46 UTC; windows","C:/Users/PPCCpcpc/AppData/Local/R/win-library/4.6"
"C:\Program Files\R\R-4.6.1\bin\x64\Rscript.exe","DiceKriging","1.6.1","R 4.6.1; x86_64-w64-mingw32; 2026-09-09 01:00:28 UTC; windows","C:/Users/PPCCpcpc/AppData/Local/R/win-library/4.6"
"C:\Program Files\R\R-4.6.1\bin\x64\Rscript.exe","DistributionUtils","0.6-2","R 4.6.1; x86_64-w64-mingw32; 2026-09-09 00:55:03 UTC; windows","C:/Users/PPCCpcpc/AppData/Local/R/win-library/4.6"
"C:\Program Files\R\R-4.6.1\bin\x64\Rscript.exe","FNN","1.1.4.1","R 4.6.1; x86_64-w64-mingw32; 2026-09-09 00:54:22 UTC; windows","C:/Users/PPCCpcpc/AppData/Local/R/win-library/4.6"
"C:\Program Files\R\R-4.6.1\bin\x64\Rscript.exe","Formula","1.2-6","R 4.6.1; ; 2026-09-09 00:54:00 UTC; windows","C:/Users/PPCCpcpc/AppData/Local/R/win-library/4.6"
"C:\Program Files\R\R-4.6.1\bin\x64\Rscript.exe","GauPro","0.2.17","R 4.6.1; x86_64-w64-mingw32; 2026-09-09 04:14:11 UTC; windows","C:/Users/PPCCpcpc/AppData/Local/R/win-library/4.6"
"C:\Program Files\R\R-4.6.1\bin\x64\Rscript.exe","GeneralizedHyperbolic","0.8-7","R 4.6.1; ; 2026-09-09 01:56:02 UTC; windows","C:/Users/PPCCpcpc/AppData/Local/R/win-library/4.6"
"C:\Program Files\R\R-4.6.1\bin\x64\Rscript.exe","MatrixModels","0.5-4","R 4.6.1; ; 2026-09-09 02:20:47 UTC; windows","C:/Users/PPCCpcpc/AppData/Local/R/win-library/4.6"
"C:\Program Files\R\R-4.6.1\bin\x64\Rscript.exe","Metrics","0.1.4","R 4.6.1; ; 2026-09-09 00:56:08 UTC; windows","C:/Users/PPCCpcpc/AppData/Local/R/win-library/4.6"
"C:\Program Files\R\R-4.6.1\bin\x64\Rscript.exe","PerformanceAnalytics","2.1.0","R 4.6.1; x86_64-w64-mingw32; 2026-09-09 01:56:03 UTC; windows","C:/Users/PPCCpcpc/AppData/Local/R/win-library/4.6"
"C:\Program Files\R\R-4.6.1\bin\x64\Rscript.exe","R.cache","0.17.0","R 4.6.1; ; 2026-09-09 00:56:07 UTC; windows","C:/Users/PPCCpcpc/AppData/Local/R/win-library/4.6"
"C:\Program Files\R\R-4.6.1\bin\x64\Rscript.exe","R.methodsS3","1.8.2","R 4.6.1; ; 2026-08-19 11:46:20 UTC; windows","C:/Users/PPCCpcpc/AppData/Local/R/win-library/4.6"
"C:\Program Files\R\R-4.6.1\bin\x64\Rscript.exe","R.oo","1.27.1","R 4.6.1; ; 2026-08-19 12:58:27 UTC; windows","C:/Users/PPCCpcpc/AppData/Local/R/win-library/4.6"
"C:\Program Files\R\R-4.6.1\bin\x64\Rscript.exe","R.utils","2.13.0","R 4.6.1; ; 2026-09-09 00:55:10 UTC; windows","C:/Users/PPCCpcpc/AppData/Local/R/win-library/4.6"
"C:\Program Files\R\R-4.6.1\bin\x64\Rscript.exe","R6","2.6.1","R 4.6.1; ; 2026-09-09 00:54:01 UTC; windows","C:/Users/PPCCpcpc/AppData/Local/R/win-library/4.6"
"C:\Program Files\R\R-4.6.1\bin\x64\Rscript.exe","RColorBrewer","1.1-3","R 4.6.1; ; 2026-08-19 11:46:07 UTC; windows","C:/Users/PPCCpcpc/AppData/Local/R/win-library/4.6"
"C:\Program Files\R\R-4.6.1\bin\x64\Rscript.exe","RMariaDB","1.3.5","R 4.6.1; x86_64-w64-mingw32; 2026-09-09 02:24:11 UTC; windows","C:/Users/PPCCpcpc/AppData/Local/R/win-library/4.6"
"C:\Program Files\R\R-4.6.1\bin\x64\Rscript.exe","RPostgres","1.4.10","R 4.6.1; x86_64-w64-mingw32; 2026-09-09 02:21:32 UTC; windows","C:/Users/PPCCpcpc/AppData/Local/R/win-library/4.6"
"C:\Program Files\R\R-4.6.1\bin\x64\Rscript.exe","RSQLite","3.53.3","R 4.6.1; x86_64-w64-mingw32; 2026-09-02 03:39:44 UTC; windows","C:/Users/PPCCpcpc/AppData/Local/R/win-library/4.6"
"C:\Program Files\R\R-4.6.1\bin\x64\Rscript.exe","Rcpp","1.1.2","R 4.6.1; x86_64-w64-mingw32; 2026-09-09 00:54:07 UTC; windows","C:/Users/PPCCpcpc/AppData/Local/R/win-library/4.6"
"C:\Program Files\R\R-4.6.1\bin\x64\Rscript.exe","RcppArmadillo","15.6.0-1","R 4.6.1; x86_64-w64-mingw32; 2026-09-09 01:55:59 UTC; windows","C:/Users/PPCCpcpc/AppData/Local/R/win-library/4.6"
"C:\Program Files\R\R-4.6.1\bin\x64\Rscript.exe","RcppParallel","6.2.1","R 4.6.1; x86_64-w64-mingw32; 2026-09-09 00:54:53 UTC; windows","C:/Users/PPCCpcpc/AppData/Local/R/win-library/4.6"
"C:\Program Files\R\R-4.6.1\bin\x64\Rscript.exe","RcppTOML","0.2.3","R 4.6.1; x86_64-w64-mingw32; 2026-09-09 00:56:36 UTC; windows","C:/Users/PPCCpcpc/AppData/Local/R/win-library/4.6"
"C:\Program Files\R\R-4.6.1\bin\x64\Rscript.exe","Rdpack","2.6.6","R 4.6.1; ; 2026-09-09 01:55:55 UTC; windows","C:/Users/PPCCpcpc/AppData/Local/R/win-library/4.6"
"C:\Program Files\R\R-4.6.1\bin\x64\Rscript.exe","Rsolnp","2.0.1","R 4.6.1; x86_64-w64-mingw32; 2026-09-09 02:40:31 UTC; windows","C:/Users/PPCCpcpc/AppData/Local/R/win-library/4.6"
"C:\Program Files\R\R-4.6.1\bin\x64\Rscript.exe","S7","0.2.2","R 4.6.1; x86_64-w64-mingw32; 2026-09-09 00:54:02 UTC; windows","C:/Users/PPCCpcpc/AppData/Local/R/win-library/4.6"
"C:\Program Files\R\R-4.6.1\bin\x64\Rscript.exe","SQUAREM","2026.1","R 4.6.1; ; 2026-09-09 00:54:41 UTC; windows","C:/Users/PPCCpcpc/AppData/Local/R/win-library/4.6"
"C:\Program Files\R\R-4.6.1\bin\x64\Rscript.exe","SkewHyperbolic","0.4-2","R 4.6.1; ; 2026-09-09 02:21:08 UTC; windows","C:/Users/PPCCpcpc/AppData/Local/R/win-library/4.6"
"C:\Program Files\R\R-4.6.1\bin\x64\Rscript.exe","SparseM","1.84-2","R 4.6.1; x86_64-w64-mingw32; 2026-09-09 00:54:03 UTC; windows","C:/Users/PPCCpcpc/AppData/Local/R/win-library/4.6"
"C:\Program Files\R\R-4.6.1\bin\x64\Rscript.exe","TTR","0.24.4","R 4.6.1; x86_64-w64-mingw32; 2026-09-09 02:20:50 UTC; windows","C:/Users/PPCCpcpc/AppData/Local/R/win-library/4.6"
"C:\Program Files\R\R-4.6.1\bin\x64\Rscript.exe","V8","8.2.0","R 4.6.1; x86_64-w64-mingw32; 2026-09-09 00:56:07 UTC; windows","C:/Users/PPCCpcpc/AppData/Local/R/win-library/4.6"
"C:\Program Files\R\R-4.6.1\bin\x64\Rscript.exe","abind","1.4-8","R 4.6.1; ; 2026-08-19 11:46:37 UTC; windows","C:/Users/PPCCpcpc/AppData/Local/R/win-library/4.6"
"C:\Program Files\R\R-4.6.1\bin\x64\Rscript.exe","anytime","0.3.13","R 4.6.1; x86_64-w64-mingw32; 2026-09-09 00:55:18 UTC; windows","C:/Users/PPCCpcpc/AppData/Local/R/win-library/4.6"
"C:\Program Files\R\R-4.6.1\bin\x64\Rscript.exe","arrow","25.0.1","R 4.6.1; x86_64-w64-mingw32; 2026-09-09 03:03:57 UTC; windows","C:/Users/PPCCpcpc/AppData/Local/R/win-library/4.6"
"C:\Program Files\R\R-4.6.1\bin\x64\Rscript.exe","askpass","1.2.1","R 4.6.1; x86_64-w64-mingw32; 2026-09-09 01:55:57 UTC; windows","C:/Users/PPCCpcpc/AppData/Local/R/win-library/4.6"
"C:\Program Files\R\R-4.6.1\bin\x64\Rscript.exe","assertthat","0.2.1","R 4.6.1; ; 2026-09-09 00:54:04 UTC; windows","C:/Users/PPCCpcpc/AppData/Local/R/win-library/4.6"
"C:\Program Files\R\R-4.6.1\bin\x64\Rscript.exe","backports","1.5.1","R 4.6.1; x86_64-w64-mingw32; 2026-08-19 11:46:10 UTC; windows","C:/Users/PPCCpcpc/AppData/Local/R/win-library/4.6"
"C:\Program Files\R\R-4.6.1\bin\x64\Rscript.exe","base64enc","0.1-6","R 4.6.1; x86_64-w64-mingw32; 2026-08-19 11:46:07 UTC; windows","C:/Users/PPCCpcpc/AppData/Local/R/win-library/4.6"
"C:\Program Files\R\R-4.6.1\bin\x64\Rscript.exe","base64url","1.4","R 4.6.1; x86_64-w64-mingw32; 2026-09-09 00:57:33 UTC; windows","C:/Users/PPCCpcpc/AppData/Local/R/win-library/4.6"
"C:\Program Files\R\R-4.6.1\bin\x64\Rscript.exe","bench","1.1.4","R 4.6.1; x86_64-w64-mingw32; 2026-09-09 03:07:46 UTC; windows","C:/Users/PPCCpcpc/AppData/Local/R/win-library/4.6"
"C:\Program Files\R\R-4.6.1\bin\x64\Rscript.exe","bigD","0.3.1","R 4.6.1; ; 2026-09-09 00:57:50 UTC; windows","C:/Users/PPCCpcpc/AppData/Local/R/win-library/4.6"
"C:\Program Files\R\R-4.6.1\bin\x64\Rscript.exe","bit","4.6.0","R 4.6.1; x86_64-w64-mingw32; 2026-09-09 00:54:04 UTC; windows","C:/Users/PPCCpcpc/AppData/Local/R/win-library/4.6"
"C:\Program Files\R\R-4.6.1\bin\x64\Rscript.exe","bit64","4.8.6","R 4.6.1; x86_64-w64-mingw32; 2026-09-09 01:55:57 UTC; windows","C:/Users/PPCCpcpc/AppData/Local/R/win-library/4.6"
"C:\Program Files\R\R-4.6.1\bin\x64\Rscript.exe","bitops","1.1-0","R 4.6.1; x86_64-w64-mingw32; 2026-08-19 11:46:54 UTC; windows","C:/Users/PPCCpcpc/AppData/Local/R/win-library/4.6"
"C:\Program Files\R\R-4.6.1\bin\x64\Rscript.exe","blob","1.3.0","R 4.6.1; ; 2026-09-09 02:21:04 UTC; windows","C:/Users/PPCCpcpc/AppData/Local/R/win-library/4.6"
"C:\Program Files\R\R-4.6.1\bin\x64\Rscript.exe","brio","1.1.5","R 4.6.1; x86_64-w64-mingw32; 2026-09-09 00:54:04 UTC; windows","C:/Users/PPCCpcpc/AppData/Local/R/win-library/4.6"
"C:\Program Files\R\R-4.6.1\bin\x64\Rscript.exe","broom","1.0.13","R 4.6.1; ; 2026-09-09 04:11:56 UTC; windows","C:/Users/PPCCpcpc/AppData/Local/R/win-library/4.6"
"C:\Program Files\R\R-4.6.1\bin\x64\Rscript.exe","bslib","0.12.0","R 4.6.1; ; 2026-09-09 02:40:27 UTC; windows","C:/Users/PPCCpcpc/AppData/Local/R/win-library/4.6"
"C:\Program Files\R\R-4.6.1\bin\x64\Rscript.exe","cachem","1.1.0","R 4.6.1; x86_64-w64-mingw32; 2026-09-09 01:55:54 UTC; windows","C:/Users/PPCCpcpc/AppData/Local/R/win-library/4.6"
"C:\Program Files\R\R-4.6.1\bin\x64\Rscript.exe","callr","3.8.0","R 4.6.1; ; 2026-09-09 02:20:58 UTC; windows","C:/Users/PPCCpcpc/AppData/Local/R/win-library/4.6"
"C:\Program Files\R\R-4.6.1\bin\x64\Rscript.exe","car","3.1-5","R 4.6.1; ; 2026-09-09 04:53:17 UTC; windows","C:/Users/PPCCpcpc/AppData/Local/R/win-library/4.6"
"C:\Program Files\R\R-4.6.1\bin\x64\Rscript.exe","carData","3.0-6","R 4.6.1; ; 2026-09-09 00:54:01 UTC; windows","C:/Users/PPCCpcpc/AppData/Local/R/win-library/4.6"
"C:\Program Files\R\R-4.6.1\bin\x64\Rscript.exe","cards","0.9.0","R 4.6.1; ; 2026-09-09 03:40:05 UTC; windows","C:/Users/PPCCpcpc/AppData/Local/R/win-library/4.6"
"C:\Program Files\R\R-4.6.1\bin\x64\Rscript.exe","cardx","0.3.4","R 4.6.1; ; 2026-09-09 04:15:36 UTC; windows","C:/Users/PPCCpcpc/AppData/Local/R/win-library/4.6"
"C:\Program Files\R\R-4.6.1\bin\x64\Rscript.exe","cellranger","1.1.0","R 4.6.1; ; 2026-09-09 03:20:11 UTC; windows","C:/Users/PPCCpcpc/AppData/Local/R/win-library/4.6"
"C:\Program Files\R\R-4.6.1\bin\x64\Rscript.exe","checkmate","2.3.4","R 4.6.1; x86_64-w64-mingw32; 2026-09-09 00:54:58 UTC; windows","C:/Users/PPCCpcpc/AppData/Local/R/win-library/4.6"
"C:\Program Files\R\R-4.6.1\bin\x64\Rscript.exe","chron","2.3-63","R 4.6.1; x86_64-w64-mingw32; 2026-09-09 00:55:03 UTC; windows","C:/Users/PPCCpcpc/AppData/Local/R/win-library/4.6"
"C:\Program Files\R\R-4.6.1\bin\x64\Rscript.exe","cli","3.6.6","R 4.6.1; x86_64-w64-mingw32; 2026-09-09 00:54:02 UTC; windows","C:/Users/PPCCpcpc/AppData/Local/R/win-library/4.6"
"C:\Program Files\R\R-4.6.1\bin\x64\Rscript.exe","clipr","0.8.1","R 4.6.1; ; 2026-09-09 00:54:13 UTC; windows","C:/Users/PPCCpcpc/AppData/Local/R/win-library/4.6"
"C:\Program Files\R\R-4.6.1\bin\x64\Rscript.exe","clock","0.7.4","R 4.6.1; x86_64-w64-mingw32; 2026-09-09 02:21:01 UTC; windows","C:/Users/PPCCpcpc/AppData/Local/R/win-library/4.6"
"C:\Program Files\R\R-4.6.1\bin\x64\Rscript.exe","collapse","2.1.8","R 4.6.1; x86_64-w64-mingw32; 2026-09-09 00:56:08 UTC; windows","C:/Users/PPCCpcpc/AppData/Local/R/win-library/4.6"
"C:\Program Files\R\R-4.6.1\bin\x64\Rscript.exe","colorspace","2.1-3","R 4.6.1; x86_64-w64-mingw32; 2026-09-09 00:54:04 UTC; windows","C:/Users/PPCCpcpc/AppData/Local/R/win-library/4.6"
"C:\Program Files\R\R-4.6.1\bin\x64\Rscript.exe","commonmark","2.0.0","R 4.6.1; x86_64-w64-mingw32; 2026-09-09 00:54:03 UTC; windows","C:/Users/PPCCpcpc/AppData/Local/R/win-library/4.6"
"C:\Program Files\R\R-4.6.1\bin\x64\Rscript.exe","conflicted","1.2.0","R 4.6.1; ; 2026-09-09 02:21:19 UTC; windows","C:/Users/PPCCpcpc/AppData/Local/R/win-library/4.6"
"C:\Program Files\R\R-4.6.1\bin\x64\Rscript.exe","corrplot","0.95","R 4.6.1; ; 2026-09-09 00:55:05 UTC; windows","C:/Users/PPCCpcpc/AppData/Local/R/win-library/4.6"
"C:\Program Files\R\R-4.6.1\bin\x64\Rscript.exe","cowplot","1.2.0","R 4.6.1; ; 2026-09-09 03:03:39 UTC; windows","C:/Users/PPCCpcpc/AppData/Local/R/win-library/4.6"
"C:\Program Files\R\R-4.6.1\bin\x64\Rscript.exe","cpp11","0.5.5","R 4.6.1; ; 2026-09-09 00:54:02 UTC; windows","C:/Users/PPCCpcpc/AppData/Local/R/win-library/4.6"
"C:\Program Files\R\R-4.6.1\bin\x64\Rscript.exe","crayon","1.5.3","R 4.6.1; ; 2026-09-09 00:54:16 UTC; windows","C:/Users/PPCCpcpc/AppData/Local/R/win-library/4.6"
"C:\Program Files\R\R-4.6.1\bin\x64\Rscript.exe","crosstalk","1.2.2","R 4.6.1; ; 2026-09-09 02:20:58 UTC; windows","C:/Users/PPCCpcpc/AppData/Local/R/win-library/4.6"
"C:\Program Files\R\R-4.6.1\bin\x64\Rscript.exe","curl","8.0.0","R 4.6.1; x86_64-w64-mingw32; 2026-09-09 00:54:15 UTC; windows","C:/Users/PPCCpcpc/AppData/Local/R/win-library/4.6"
"C:\Program Files\R\R-4.6.1\bin\x64\Rscript.exe","data.table","1.18.6.1","R 4.6.1; x86_64-w64-mingw32; 2026-09-09 00:54:07 UTC; windows","C:/Users/PPCCpcpc/AppData/Local/R/win-library/4.6"
"C:\Program Files\R\R-4.6.1\bin\x64\Rscript.exe","dbplyr","2.6.0","R 4.6.1; ; 2026-09-09 04:12:08 UTC; windows","C:/Users/PPCCpcpc/AppData/Local/R/win-library/4.6"
"C:\Program Files\R\R-4.6.1\bin\x64\Rscript.exe","depmixS4","1.5-4","R 4.6.1; x86_64-w64-mingw32; 2026-09-09 03:01:50 UTC; windows","C:/Users/PPCCpcpc/AppData/Local/R/win-library/4.6"
"C:\Program Files\R\R-4.6.1\bin\x64\Rscript.exe","desc","1.4.3","R 4.6.1; ; 2026-09-09 01:55:57 UTC; windows","C:/Users/PPCCpcpc/AppData/Local/R/win-library/4.6"
"C:\Program Files\R\R-4.6.1\bin\x64\Rscript.exe","diagram","1.6.5","R 4.6.1; ; 2026-08-19 11:47:59 UTC; windows","C:/Users/PPCCpcpc/AppData/Local/R/win-library/4.6"
"C:\Program Files\R\R-4.6.1\bin\x64\Rscript.exe","dials","1.4.4","R 4.6.1; ; 2026-09-09 03:21:47 UTC; windows","C:/Users/PPCCpcpc/AppData/Local/R/win-library/4.6"
"C:\Program Files\R\R-4.6.1\bin\x64\Rscript.exe","diffobj","0.3.9","R 4.6.1; x86_64-w64-mingw32; 2026-09-15 21:05:06 UTC; windows","C:/Users/PPCCpcpc/AppData/Local/R/win-library/4.6"
"C:\Program Files\R\R-4.6.1\bin\x64\Rscript.exe","digest","0.6.39","R 4.6.1; x86_64-w64-mingw32; 2026-09-09 00:54:04 UTC; windows","C:/Users/PPCCpcpc/AppData/Local/R/win-library/4.6"
"C:\Program Files\R\R-4.6.1\bin\x64\Rscript.exe","distributional","0.9.0","R 4.6.1; ; 2026-09-09 02:41:28 UTC; windows","C:/Users/PPCCpcpc/AppData/Local/R/win-library/4.6"
"C:\Program Files\R\R-4.6.1\bin\x64\Rscript.exe","doBy","4.7.2","R 4.6.1; ; 2026-09-09 04:49:26 UTC; windows","C:/Users/PPCCpcpc/AppData/Local/R/win-library/4.6"
"C:\Program Files\R\R-4.6.1\bin\x64\Rscript.exe","doFuture","1.3.0","R 4.6.1; ; 2026-09-09 02:22:52 UTC; windows","C:/Users/PPCCpcpc/AppData/Local/R/win-library/4.6"
"C:\Program Files\R\R-4.6.1\bin\x64\Rscript.exe","dplyr","1.2.1","R 4.6.1; x86_64-w64-mingw32; 2026-09-02 04:00:08 UTC; windows","C:/Users/PPCCpcpc/AppData/Local/R/win-library/4.6"
"C:\Program Files\R\R-4.6.1\bin\x64\Rscript.exe","dtplyr","1.3.3","R 4.6.1; ; 2026-09-09 03:20:19 UTC; windows","C:/Users/PPCCpcpc/AppData/Local/R/win-library/4.6"
"C:\Program Files\R\R-4.6.1\bin\x64\Rscript.exe","duckdb","1.5.5","R 4.6.1; x86_64-w64-mingw32; 2026-09-09 00:57:22 UTC; windows","C:/Users/PPCCpcpc/AppData/Local/R/win-library/4.6"
"C:\Program Files\R\R-4.6.1\bin\x64\Rscript.exe","evaluate","1.0.5","R 4.6.1; ; 2026-09-09 00:54:28 UTC; windows","C:/Users/PPCCpcpc/AppData/Local/R/win-library/4.6"
"C:\Program Files\R\R-4.6.1\bin\x64\Rscript.exe","exactRankTests","0.8-37","R 4.6.1; x86_64-w64-mingw32; 2026-09-09 00:59:44 UTC; windows","C:/Users/PPCCpcpc/AppData/Local/R/win-library/4.6"
"C:\Program Files\R\R-4.6.1\bin\x64\Rscript.exe","fable","0.5.0","R 4.6.1; x86_64-w64-mingw32; 2026-09-09 03:47:10 UTC; windows","C:/Users/PPCCpcpc/AppData/Local/R/win-library/4.6"
"C:\Program Files\R\R-4.6.1\bin\x64\Rscript.exe","fabletools","0.8.0","R 4.6.1; ; 2026-09-09 03:42:39 UTC; windows","C:/Users/PPCCpcpc/AppData/Local/R/win-library/4.6"
"C:\Program Files\R\R-4.6.1\bin\x64\Rscript.exe","farver","2.1.2","R 4.6.1; x86_64-w64-mingw32; 2026-09-09 00:54:02 UTC; windows","C:/Users/PPCCpcpc/AppData/Local/R/win-library/4.6"
"C:\Program Files\R\R-4.6.1\bin\x64\Rscript.exe","fastmap","1.2.0","R 4.6.1; x86_64-w64-mingw32; 2026-09-09 00:54:02 UTC; windows","C:/Users/PPCCpcpc/AppData/Local/R/win-library/4.6"
"C:\Program Files\R\R-4.6.1\bin\x64\Rscript.exe","flextable","0.10.1","R 4.6.1; ; 2026-09-15 21:06:58 UTC; windows","C:/Users/PPCCpcpc/AppData/Local/R/win-library/4.6"
"C:\Program Files\R\R-4.6.1\bin\x64\Rscript.exe","fontBitstreamVera","0.1.1","R 4.6.1; ; 2026-08-19 11:48:50 UTC; windows","C:/Users/PPCCpcpc/AppData/Local/R/win-library/4.6"
"C:\Program Files\R\R-4.6.1\bin\x64\Rscript.exe","fontLiberation","0.1.0","R 4.6.1; ; 2026-08-19 11:48:51 UTC; windows","C:/Users/PPCCpcpc/AppData/Local/R/win-library/4.6"
"C:\Program Files\R\R-4.6.1\bin\x64\Rscript.exe","fontawesome","0.5.3","R 4.6.1; ; 2026-09-09 02:20:49 UTC; windows","C:/Users/PPCCpcpc/AppData/Local/R/win-library/4.6"
"C:\Program Files\R\R-4.6.1\bin\x64\Rscript.exe","fontquiver","0.2.1","R 4.6.1; ; 2026-09-09 00:55:27 UTC; windows","C:/Users/PPCCpcpc/AppData/Local/R/win-library/4.6"
"C:\Program Files\R\R-4.6.1\bin\x64\Rscript.exe","forcats","1.0.1","R 4.6.1; ; 2026-09-09 03:20:06 UTC; windows","C:/Users/PPCCpcpc/AppData/Local/R/win-library/4.6"
"C:\Program Files\R\R-4.6.1\bin\x64\Rscript.exe","foreach","1.5.2","R 4.6.1; ; 2026-09-09 01:55:55 UTC; windows","C:/Users/PPCCpcpc/AppData/Local/R/win-library/4.6"
"C:\Program Files\R\R-4.6.1\bin\x64\Rscript.exe","forecast","9.0.2","R 4.6.1; x86_64-w64-mingw32; 2026-09-09 03:03:40 UTC; windows","C:/Users/PPCCpcpc/AppData/Local/R/win-library/4.6"
"C:\Program Files\R\R-4.6.1\bin\x64\Rscript.exe","fracdiff","1.5-4","R 4.6.1; x86_64-w64-mingw32; 2026-09-09 00:54:02 UTC; windows","C:/Users/PPCCpcpc/AppData/Local/R/win-library/4.6"
"C:\Program Files\R\R-4.6.1\bin\x64\Rscript.exe","fs","2.1.0","R 4.6.1; x86_64-w64-mingw32; 2026-09-09 00:54:04 UTC; windows","C:/Users/PPCCpcpc/AppData/Local/R/win-library/4.6"
"C:\Program Files\R\R-4.6.1\bin\x64\Rscript.exe","fst","0.9.8","R 4.6.1; x86_64-w64-mingw32; 2026-09-09 01:56:13 UTC; windows","C:/Users/PPCCpcpc/AppData/Local/R/win-library/4.6"
"C:\Program Files\R\R-4.6.1\bin\x64\Rscript.exe","fstcore","0.10.0","R 4.6.1; x86_64-w64-mingw32; 2026-09-09 00:56:03 UTC; windows","C:/Users/PPCCpcpc/AppData/Local/R/win-library/4.6"
"C:\Program Files\R\R-4.6.1\bin\x64\Rscript.exe","furrr","0.4.0","R 4.6.1; ; 2026-09-09 02:40:34 UTC; windows","C:/Users/PPCCpcpc/AppData/Local/R/win-library/4.6"
"C:\Program Files\R\R-4.6.1\bin\x64\Rscript.exe","future","1.75.0","R 4.6.1; ; 2026-09-09 01:55:59 UTC; windows","C:/Users/PPCCpcpc/AppData/Local/R/win-library/4.6"
"C:\Program Files\R\R-4.6.1\bin\x64\Rscript.exe","future.apply","1.20.2","R 4.6.1; ; 2026-09-09 02:21:02 UTC; windows","C:/Users/PPCCpcpc/AppData/Local/R/win-library/4.6"
"C:\Program Files\R\R-4.6.1\bin\x64\Rscript.exe","gargle","1.6.1","R 4.6.1; ; 2026-09-09 03:03:57 UTC; windows","C:/Users/PPCCpcpc/AppData/Local/R/win-library/4.6"
"C:\Program Files\R\R-4.6.1\bin\x64\Rscript.exe","gdtools","0.5.1","R 4.6.1; x86_64-w64-mingw32; 2026-09-09 02:40:44 UTC; windows","C:/Users/PPCCpcpc/AppData/Local/R/win-library/4.6"
"C:\Program Files\R\R-4.6.1\bin\x64\Rscript.exe","generics","0.1.4","R 4.6.1; ; 2026-09-09 00:54:01 UTC; windows","C:/Users/PPCCpcpc/AppData/Local/R/win-library/4.6"
"C:\Program Files\R\R-4.6.1\bin\x64\Rscript.exe","ggdist","3.3.3","R 4.6.1; x86_64-w64-mingw32; 2026-09-09 03:04:59 UTC; windows","C:/Users/PPCCpcpc/AppData/Local/R/win-library/4.6"
"C:\Program Files\R\R-4.6.1\bin\x64\Rscript.exe","ggfittext","0.10.4","R 4.6.1; ; 2026-09-09 03:05:24 UTC; windows","C:/Users/PPCCpcpc/AppData/Local/R/win-library/4.6"
"C:\Program Files\R\R-4.6.1\bin\x64\Rscript.exe","gggenes","0.7.0","R 4.6.1; ; 2026-09-09 03:07:51 UTC; windows","C:/Users/PPCCpcpc/AppData/Local/R/win-library/4.6"
"C:\Program Files\R\R-4.6.1\bin\x64\Rscript.exe","ggiraph","0.9.6","R 4.6.1; x86_64-w64-mingw32; 2026-09-09 03:20:24 UTC; windows","C:/Users/PPCCpcpc/AppData/Local/R/win-library/4.6"
"C:\Program Files\R\R-4.6.1\bin\x64\Rscript.exe","ggplot2","4.0.3","R 4.6.1; ; 2026-09-09 02:40:25 UTC; windows","C:/Users/PPCCpcpc/AppData/Local/R/win-library/4.6"
"C:\Program Files\R\R-4.6.1\bin\x64\Rscript.exe","ggpubr","1.0.0","R 4.6.1; ; 2026-09-09 04:56:39 UTC; windows","C:/Users/PPCCpcpc/AppData/Local/R/win-library/4.6"
"C:\Program Files\R\R-4.6.1\bin\x64\Rscript.exe","ggrepel","0.9.8","R 4.6.1; x86_64-w64-mingw32; 2026-09-09 03:03:57 UTC; windows","C:/Users/PPCCpcpc/AppData/Local/R/win-library/4.6"
"C:\Program Files\R\R-4.6.1\bin\x64\Rscript.exe","ggsci","5.2.0","R 4.6.1; ; 2026-09-09 03:03:58 UTC; windows","C:/Users/PPCCpcpc/AppData/Local/R/win-library/4.6"
"C:\Program Files\R\R-4.6.1\bin\x64\Rscript.exe","ggsignif","0.6.4","R 4.6.1; ; 2026-09-09 03:03:58 UTC; windows","C:/Users/PPCCpcpc/AppData/Local/R/win-library/4.6"
"C:\Program Files\R\R-4.6.1\bin\x64\Rscript.exe","ggtext","0.2.0","R 4.6.1; ; 2026-09-09 03:05:27 UTC; windows","C:/Users/PPCCpcpc/AppData/Local/R/win-library/4.6"
"C:\Program Files\R\R-4.6.1\bin\x64\Rscript.exe","glmnet","5.0","R 4.6.1; x86_64-w64-mingw32; 2026-09-02 03:15:13 UTC; windows","C:/Users/PPCCpcpc/AppData/Local/R/win-library/4.6"
"C:\Program Files\R\R-4.6.1\bin\x64\Rscript.exe","globals","0.19.1","R 4.6.1; ; 2026-08-19 12:58:27 UTC; windows","C:/Users/PPCCpcpc/AppData/Local/R/win-library/4.6"
"C:\Program Files\R\R-4.6.1\bin\x64\Rscript.exe","glue","1.8.1","R 4.6.1; x86_64-w64-mingw32; 2026-09-09 00:54:02 UTC; windows","C:/Users/PPCCpcpc/AppData/Local/R/win-library/4.6"
"C:\Program Files\R\R-4.6.1\bin\x64\Rscript.exe","googledrive","2.1.2","R 4.6.1; ; 2026-09-09 03:20:20 UTC; windows","C:/Users/PPCCpcpc/AppData/Local/R/win-library/4.6"
"C:\Program Files\R\R-4.6.1\bin\x64\Rscript.exe","googlesheets4","1.1.2","R 4.6.1; ; 2026-09-09 03:39:22 UTC; windows","C:/Users/PPCCpcpc/AppData/Local/R/win-library/4.6"
"C:\Program Files\R\R-4.6.1\bin\x64\Rscript.exe","gower","1.0.2","R 4.6.1; x86_64-w64-mingw32; 2026-08-19 11:47:57 UTC; windows","C:/Users/PPCCpcpc/AppData/Local/R/win-library/4.6"
"C:\Program Files\R\R-4.6.1\bin\x64\Rscript.exe","grf","2.6.1","R 4.6.1; x86_64-w64-mingw32; 2026-09-09 02:24:27 UTC; windows","C:/Users/PPCCpcpc/AppData/Local/R/win-library/4.6"
"C:\Program Files\R\R-4.6.1\bin\x64\Rscript.exe","gridExtra","2.3.1","R 4.6.1; ; 2026-09-09 02:40:22 UTC; windows","C:/Users/PPCCpcpc/AppData/Local/R/win-library/4.6"
"C:\Program Files\R\R-4.6.1\bin\x64\Rscript.exe","gridtext","0.1.6","R 4.6.1; x86_64-w64-mingw32; 2026-09-09 02:41:34 UTC; windows","C:/Users/PPCCpcpc/AppData/Local/R/win-library/4.6"
"C:\Program Files\R\R-4.6.1\bin\x64\Rscript.exe","gt","1.3.0","R 4.6.1; ; 2026-09-09 03:21:52 UTC; windows","C:/Users/PPCCpcpc/AppData/Local/R/win-library/4.6"
"C:\Program Files\R\R-4.6.1\bin\x64\Rscript.exe","gtable","0.3.6","R 4.6.1; ; 2026-09-09 02:20:45 UTC; windows","C:/Users/PPCCpcpc/AppData/Local/R/win-library/4.6"
"C:\Program Files\R\R-4.6.1\bin\x64\Rscript.exe","gtsummary","2.6.1","R 4.6.1; ; 2026-09-09 04:39:52 UTC; windows","C:/Users/PPCCpcpc/AppData/Local/R/win-library/4.6"
"C:\Program Files\R\R-4.6.1\bin\x64\Rscript.exe","hardhat","1.4.3","R 4.6.1; ; 2026-09-09 03:20:12 UTC; windows","C:/Users/PPCCpcpc/AppData/Local/R/win-library/4.6"
"C:\Program Files\R\R-4.6.1\bin\x64\Rscript.exe","haven","2.5.5","R 4.6.1; x86_64-w64-mingw32; 2026-09-09 04:12:04 UTC; windows","C:/Users/PPCCpcpc/AppData/Local/R/win-library/4.6"
"C:\Program Files\R\R-4.6.1\bin\x64\Rscript.exe","here","1.0.2","R 4.6.1; ; 2026-09-09 01:55:56 UTC; windows","C:/Users/PPCCpcpc/AppData/Local/R/win-library/4.6"
"C:\Program Files\R\R-4.6.1\bin\x64\Rscript.exe","highr","0.12","R 4.6.1; ; 2026-09-09 01:55:56 UTC; windows","C:/Users/PPCCpcpc/AppData/Local/R/win-library/4.6"
"C:\Program Files\R\R-4.6.1\bin\x64\Rscript.exe","hms","1.1.4","R 4.6.1; ; 2026-09-09 02:20:54 UTC; windows","C:/Users/PPCCpcpc/AppData/Local/R/win-library/4.6"
"C:\Program Files\R\R-4.6.1\bin\x64\Rscript.exe","htmltools","0.5.9","R 4.6.1; x86_64-w64-mingw32; 2026-09-09 01:55:56 UTC; windows","C:/Users/PPCCpcpc/AppData/Local/R/win-library/4.6"
"C:\Program Files\R\R-4.6.1\bin\x64\Rscript.exe","htmlwidgets","1.6.4","R 4.6.1; ; 2026-09-09 03:20:06 UTC; windows","C:/Users/PPCCpcpc/AppData/Local/R/win-library/4.6"
"C:\Program Files\R\R-4.6.1\bin\x64\Rscript.exe","httpuv","1.6.17","R 4.6.1; x86_64-w64-mingw32; 2026-09-09 02:40:24 UTC; windows","C:/Users/PPCCpcpc/AppData/Local/R/win-library/4.6"
"C:\Program Files\R\R-4.6.1\bin\x64\Rscript.exe","httr","1.4.9","R 4.6.1; ; 2026-09-09 02:40:25 UTC; windows","C:/Users/PPCCpcpc/AppData/Local/R/win-library/4.6"
"C:\Program Files\R\R-4.6.1\bin\x64\Rscript.exe","httr2","1.3.0","R 4.6.1; ; 2026-09-09 02:40:27 UTC; windows","C:/Users/PPCCpcpc/AppData/Local/R/win-library/4.6"
"C:\Program Files\R\R-4.6.1\bin\x64\Rscript.exe","iBreakDown","2.1.2","R 4.6.1; ; 2026-09-09 02:41:33 UTC; windows","C:/Users/PPCCpcpc/AppData/Local/R/win-library/4.6"
"C:\Program Files\R\R-4.6.1\bin\x64\Rscript.exe","ids","1.0.1","R 4.6.1; ; 2026-09-09 02:40:33 UTC; windows","C:/Users/PPCCpcpc/AppData/Local/R/win-library/4.6"
"C:\Program Files\R\R-4.6.1\bin\x64\Rscript.exe","igraph","2.3.3","R 4.6.1; x86_64-w64-mingw32; 2026-09-09 02:21:13 UTC; windows","C:/Users/PPCCpcpc/AppData/Local/R/win-library/4.6"
"C:\Program Files\R\R-4.6.1\bin\x64\Rscript.exe","iml","0.11.4","R 4.6.1; ; 2026-09-09 02:44:46 UTC; windows","C:/Users/PPCCpcpc/AppData/Local/R/win-library/4.6"
"C:\Program Files\R\R-4.6.1\bin\x64\Rscript.exe","infer","1.1.0","R 4.6.1; ; 2026-09-09 04:14:20 UTC; windows","C:/Users/PPCCpcpc/AppData/Local/R/win-library/4.6"
"C:\Program Files\R\R-4.6.1\bin\x64\Rscript.exe","ingredients","2.3.0","R 4.6.1; ; 2026-09-09 02:41:33 UTC; windows","C:/Users/PPCCpcpc/AppData/Local/R/win-library/4.6"
"C:\Program Files\R\R-4.6.1\bin\x64\Rscript.exe","ipred","0.9-16","R 4.6.1; x86_64-w64-mingw32; 2026-09-09 03:20:12 UTC; windows","C:/Users/PPCCpcpc/AppData/Local/R/win-library/4.6"
"C:\Program Files\R\R-4.6.1\bin\x64\Rscript.exe","isoband","0.3.0","R 4.6.1; x86_64-w64-mingw32; 2026-09-09 01:55:54 UTC; windows","C:/Users/PPCCpcpc/AppData/Local/R/win-library/4.6"
"C:\Program Files\R\R-4.6.1\bin\x64\Rscript.exe","iterators","1.0.14","R 4.6.1; ; 2026-09-09 00:54:05 UTC; windows","C:/Users/PPCCpcpc/AppData/Local/R/win-library/4.6"
"C:\Program Files\R\R-4.6.1\bin\x64\Rscript.exe","janitor","2.2.1","R 4.6.1; ; 2026-09-09 04:13:02 UTC; windows","C:/Users/PPCCpcpc/AppData/Local/R/win-library/4.6"
"C:\Program Files\R\R-4.6.1\bin\x64\Rscript.exe","jose","2.0.0","R 4.6.1; ; 2026-09-09 02:23:23 UTC; windows","C:/Users/PPCCpcpc/AppData/Local/R/win-library/4.6"
"C:\Program Files\R\R-4.6.1\bin\x64\Rscript.exe","jpeg","0.1-11","R 4.6.1; x86_64-w64-mingw32; 2026-08-19 11:47:28 UTC; windows","C:/Users/PPCCpcpc/AppData/Local/R/win-library/4.6"
"C:\Program Files\R\R-4.6.1\bin\x64\Rscript.exe","jquerylib","0.1.4","R 4.6.1; ; 2026-09-09 02:20:47 UTC; windows","C:/Users/PPCCpcpc/AppData/Local/R/win-library/4.6"
"C:\Program Files\R\R-4.6.1\bin\x64\Rscript.exe","jsonlite","2.0.0","R 4.6.1; x86_64-w64-mingw32; 2026-09-09 00:54:04 UTC; windows","C:/Users/PPCCpcpc/AppData/Local/R/win-library/4.6"
"C:\Program Files\R\R-4.6.1\bin\x64\Rscript.exe","juicyjuice","0.1.0","R 4.6.1; ; 2026-09-09 00:57:50 UTC; windows","C:/Users/PPCCpcpc/AppData/Local/R/win-library/4.6"
"C:\Program Files\R\R-4.6.1\bin\x64\Rscript.exe","kernelshap","0.9.1","R 4.6.1; ; 2026-09-09 02:23:00 UTC; windows","C:/Users/PPCCpcpc/AppData/Local/R/win-library/4.6"
"C:\Program Files\R\R-4.6.1\bin\x64\Rscript.exe","kernlab","0.9-33","R 4.6.1; x86_64-w64-mingw32; 2026-08-19 11:46:09 UTC; windows","C:/Users/PPCCpcpc/AppData/Local/R/win-library/4.6"
"C:\Program Files\R\R-4.6.1\bin\x64\Rscript.exe","knitr","1.52","R 4.6.1; ; 2026-09-09 02:20:57 UTC; windows","C:/Users/PPCCpcpc/AppData/Local/R/win-library/4.6"
"C:\Program Files\R\R-4.6.1\bin\x64\Rscript.exe","ks","1.15.3","R 4.6.1; x86_64-w64-mingw32; 2026-09-09 02:40:29 UTC; windows","C:/Users/PPCCpcpc/AppData/Local/R/win-library/4.6"
"C:\Program Files\R\R-4.6.1\bin\x64\Rscript.exe","labeling","0.4.3","R 4.6.1; ; 2026-08-19 11:46:07 UTC; windows","C:/Users/PPCCpcpc/AppData/Local/R/win-library/4.6"
"C:\Program Files\R\R-4.6.1\bin\x64\Rscript.exe","later","1.4.8","R 4.6.1; x86_64-w64-mingw32; 2026-09-09 01:55:53 UTC; windows","C:/Users/PPCCpcpc/AppData/Local/R/win-library/4.6"
"C:\Program Files\R\R-4.6.1\bin\x64\Rscript.exe","lava","1.9.3","R 4.6.1; ; 2026-09-09 02:40:30 UTC; windows","C:/Users/PPCCpcpc/AppData/Local/R/win-library/4.6"
"C:\Program Files\R\R-4.6.1\bin\x64\Rscript.exe","lazyeval","0.2.3","R 4.6.1; x86_64-w64-mingw32; 2026-09-09 01:55:57 UTC; windows","C:/Users/PPCCpcpc/AppData/Local/R/win-library/4.6"
"C:\Program Files\R\R-4.6.1\bin\x64\Rscript.exe","lbfgs","1.2.1.2","R 4.6.1; x86_64-w64-mingw32; 2026-09-09 00:57:48 UTC; windows","C:/Users/PPCCpcpc/AppData/Local/R/win-library/4.6"
"C:\Program Files\R\R-4.6.1\bin\x64\Rscript.exe","lifecycle","1.0.5","R 4.6.1; ; 2026-09-09 01:55:53 UTC; windows","C:/Users/PPCCpcpc/AppData/Local/R/win-library/4.6"
"C:\Program Files\R\R-4.6.1\bin\x64\Rscript.exe","lightgbm","4.7.0","R 4.6.1; x86_64-w64-mingw32; 2026-09-09 01:57:50 UTC; windows","C:/Users/PPCCpcpc/AppData/Local/R/win-library/4.6"
"C:\Program Files\R\R-4.6.1\bin\x64\Rscript.exe","lintr","3.4.0","R 4.6.1; ; 2026-09-09 02:27:06 UTC; windows","C:/Users/PPCCpcpc/AppData/Local/R/win-library/4.6"
"C:\Program Files\R\R-4.6.1\bin\x64\Rscript.exe","listenv","1.0.0","R 4.6.1; ; 2026-09-09 00:54:41 UTC; windows","C:/Users/PPCCpcpc/AppData/Local/R/win-library/4.6"
"C:\Program Files\R\R-4.6.1\bin\x64\Rscript.exe","litedown","0.11","R 4.6.1; ; 2026-09-09 00:56:37 UTC; windows","C:/Users/PPCCpcpc/AppData/Local/R/win-library/4.6"
"C:\Program Files\R\R-4.6.1\bin\x64\Rscript.exe","lme4","2.0-6","R 4.6.1; x86_64-w64-mingw32; 2026-09-09 02:40:21 UTC; windows","C:/Users/PPCCpcpc/AppData/Local/R/win-library/4.6"
"C:\Program Files\R\R-4.6.1\bin\x64\Rscript.exe","lmtest","0.9-40","R 4.6.1; x86_64-w64-mingw32; 2026-09-09 02:20:47 UTC; windows","C:/Users/PPCCpcpc/AppData/Local/R/win-library/4.6"
"C:\Program Files\R\R-4.6.1\bin\x64\Rscript.exe","logger","0.4.3","R 4.6.1; ; 2026-09-09 00:54:38 UTC; windows","C:/Users/PPCCpcpc/AppData/Local/R/win-library/4.6"
"C:\Program Files\R\R-4.6.1\bin\x64\Rscript.exe","lubridate","1.9.5","R 4.6.1; x86_64-w64-mingw32; 2026-09-02 02:52:33 UTC; windows","C:/Users/PPCCpcpc/AppData/Local/R/win-library/4.6"
"C:\Program Files\R\R-4.6.1\bin\x64\Rscript.exe","magrittr","2.0.5","R 4.6.1; x86_64-w64-mingw32; 2026-09-09 00:54:02 UTC; windows","C:/Users/PPCCpcpc/AppData/Local/R/win-library/4.6"
"C:\Program Files\R\R-4.6.1\bin\x64\Rscript.exe","markdown","2.0","R 4.6.1; ; 2026-09-09 01:56:24 UTC; windows","C:/Users/PPCCpcpc/AppData/Local/R/win-library/4.6"
"C:\Program Files\R\R-4.6.1\bin\x64\Rscript.exe","maxstat","0.7-26","R 4.6.1; x86_64-w64-mingw32; 2026-09-09 01:57:26 UTC; windows","C:/Users/PPCCpcpc/AppData/Local/R/win-library/4.6"
"C:\Program Files\R\R-4.6.1\bin\x64\Rscript.exe","mclust","6.1.3","R 4.6.1; x86_64-w64-mingw32; 2026-09-09 00:54:39 UTC; windows","C:/Users/PPCCpcpc/AppData/Local/R/win-library/4.6"
"C:\Program Files\R\R-4.6.1\bin\x64\Rscript.exe","memoise","2.0.1","R 4.6.1; ; 2026-09-09 02:20:48 UTC; windows","C:/Users/PPCCpcpc/AppData/Local/R/win-library/4.6"
"C:\Program Files\R\R-4.6.1\bin\x64\Rscript.exe","mime","0.13","R 4.6.1; x86_64-w64-mingw32; 2026-08-19 11:46:07 UTC; windows","C:/Users/PPCCpcpc/AppData/Local/R/win-library/4.6"
"C:\Program Files\R\R-4.6.1\bin\x64\Rscript.exe","minqa","1.2.8","R 4.6.1; x86_64-w64-mingw32; 2026-09-09 01:55:53 UTC; windows","C:/Users/PPCCpcpc/AppData/Local/R/win-library/4.6"
"C:\Program Files\R\R-4.6.1\bin\x64\Rscript.exe","mixopt","0.1.3","R 4.6.1; ; 2026-09-09 03:21:47 UTC; windows","C:/Users/PPCCpcpc/AppData/Local/R/win-library/4.6"
"C:\Program Files\R\R-4.6.1\bin\x64\Rscript.exe","modeldata","1.6.0","R 4.6.1; ; 2026-09-09 03:21:51 UTC; windows","C:/Users/PPCCpcpc/AppData/Local/R/win-library/4.6"
"C:\Program Files\R\R-4.6.1\bin\x64\Rscript.exe","modelenv","0.2.0","R 4.6.1; ; 2026-09-09 03:05:17 UTC; windows","C:/Users/PPCCpcpc/AppData/Local/R/win-library/4.6"
"C:\Program Files\R\R-4.6.1\bin\x64\Rscript.exe","modelr","0.1.11","R 4.6.1; ; 2026-09-09 04:38:15 UTC; windows","C:/Users/PPCCpcpc/AppData/Local/R/win-library/4.6"
"C:\Program Files\R\R-4.6.1\bin\x64\Rscript.exe","multicool","1.0.1","R 4.6.1; x86_64-w64-mingw32; 2026-09-09 01:55:56 UTC; windows","C:/Users/PPCCpcpc/AppData/Local/R/win-library/4.6"
"C:\Program Files\R\R-4.6.1\bin\x64\Rscript.exe","mvtnorm","1.4-2","R 4.6.1; x86_64-w64-mingw32; 2026-09-09 00:54:39 UTC; windows","C:/Users/PPCCpcpc/AppData/Local/R/win-library/4.6"
"C:\Program Files\R\R-4.6.1\bin\x64\Rscript.exe","nanoparquet","0.5.1","R 4.6.1; x86_64-w64-mingw32; 2026-09-09 01:00:12 UTC; windows","C:/Users/PPCCpcpc/AppData/Local/R/win-library/4.6"
"C:\Program Files\R\R-4.6.1\bin\x64\Rscript.exe","nloptr","2.2.1","R 4.6.1; x86_64-w64-mingw32; 2026-09-09 00:54:01 UTC; windows","C:/Users/PPCCpcpc/AppData/Local/R/win-library/4.6"
"C:\Program Files\R\R-4.6.1\bin\x64\Rscript.exe","numDeriv","2016.8-1.1","R 4.6.1; ; 2026-08-19 11:46:08 UTC; windows","C:/Users/PPCCpcpc/AppData/Local/R/win-library/4.6"
"C:\Program Files\R\R-4.6.1\bin\x64\Rscript.exe","odbc","1.7.0","R 4.6.1; x86_64-w64-mingw32; 2026-09-09 02:25:54 UTC; windows","C:/Users/PPCCpcpc/AppData/Local/R/win-library/4.6"
"C:\Program Files\R\R-4.6.1\bin\x64\Rscript.exe","officer","0.7.6","R 4.6.1; ; 2026-09-09 04:12:43 UTC; windows","C:/Users/PPCCpcpc/AppData/Local/R/win-library/4.6"
"C:\Program Files\R\R-4.6.1\bin\x64\Rscript.exe","openssl","2.4.2","R 4.6.1; x86_64-w64-mingw32; 2026-09-09 02:21:03 UTC; windows","C:/Users/PPCCpcpc/AppData/Local/R/win-library/4.6"
"C:\Program Files\R\R-4.6.1\bin\x64\Rscript.exe","otel","0.2.0","R 4.6.1; ; 2026-09-09 00:54:04 UTC; windows","C:/Users/PPCCpcpc/AppData/Local/R/win-library/4.6"
"C:\Program Files\R\R-4.6.1\bin\x64\Rscript.exe","packrat","0.9.3","R 4.6.1; ; 2026-09-09 01:17:54 UTC; windows","C:/Users/PPCCpcpc/AppData/Local/R/win-library/4.6"
"C:\Program Files\R\R-4.6.1\bin\x64\Rscript.exe","pak","0.11.1","R 4.6.1; x86_64-w64-mingw32; 2026-07-22 17:19:03 UTC; windows","C:/Users/PPCCpcpc/AppData/Local/R/win-library/4.6"
"C:\Program Files\R\R-4.6.1\bin\x64\Rscript.exe","parallelly","1.48.0","R 4.6.1; x86_64-w64-mingw32; 2026-09-09 00:54:41 UTC; windows","C:/Users/PPCCpcpc/AppData/Local/R/win-library/4.6"
"C:\Program Files\R\R-4.6.1\bin\x64\Rscript.exe","parsnip","1.6.0","R 4.6.1; ; 2026-09-09 04:14:12 UTC; windows","C:/Users/PPCCpcpc/AppData/Local/R/win-library/4.6"
"C:\Program Files\R\R-4.6.1\bin\x64\Rscript.exe","patchwork","1.3.2","R 4.6.1; ; 2026-09-09 03:03:58 UTC; windows","C:/Users/PPCCpcpc/AppData/Local/R/win-library/4.6"
"C:\Program Files\R\R-4.6.1\bin\x64\Rscript.exe","pbkrtest","0.5.5","R 4.6.1; ; 2026-09-09 04:52:36 UTC; windows","C:/Users/PPCCpcpc/AppData/Local/R/win-library/4.6"
"C:\Program Files\R\R-4.6.1\bin\x64\Rscript.exe","pdp","0.8.3","R 4.6.1; x86_64-w64-mingw32; 2026-09-09 02:45:50 UTC; windows","C:/Users/PPCCpcpc/AppData/Local/R/win-library/4.6"
"C:\Program Files\R\R-4.6.1\bin\x64\Rscript.exe","pillar","1.11.1","R 4.6.1; ; 2026-09-09 02:40:23 UTC; windows","C:/Users/PPCCpcpc/AppData/Local/R/win-library/4.6"
"C:\Program Files\R\R-4.6.1\bin\x64\Rscript.exe","pkgbuild","1.4.8","R 4.6.1; ; 2026-09-09 02:40:26 UTC; windows","C:/Users/PPCCpcpc/AppData/Local/R/win-library/4.6"
"C:\Program Files\R\R-4.6.1\bin\x64\Rscript.exe","pkgconfig","2.0.3","R 4.6.1; ; 2026-09-09 00:54:02 UTC; windows","C:/Users/PPCCpcpc/AppData/Local/R/win-library/4.6"
"C:\Program Files\R\R-4.6.1\bin\x64\Rscript.exe","pkgload","1.5.3","R 4.6.1; ; 2026-09-09 03:03:44 UTC; windows","C:/Users/PPCCpcpc/AppData/Local/R/win-library/4.6"
"C:\Program Files\R\R-4.6.1\bin\x64\Rscript.exe","plotly","4.12.1","R 4.6.1; ; 2026-09-09 04:12:12 UTC; windows","C:/Users/PPCCpcpc/AppData/Local/R/win-library/4.6"
"C:\Program Files\R\R-4.6.1\bin\x64\Rscript.exe","png","0.1-9","R 4.6.1; x86_64-w64-mingw32; 2026-08-19 11:46:52 UTC; windows","C:/Users/PPCCpcpc/AppData/Local/R/win-library/4.6"
"C:\Program Files\R\R-4.6.1\bin\x64\Rscript.exe","polynom","1.4-1","R 4.6.1; ; 2026-09-09 00:55:03 UTC; windows","C:/Users/PPCCpcpc/AppData/Local/R/win-library/4.6"
"C:\Program Files\R\R-4.6.1\bin\x64\Rscript.exe","pool","1.0.5","R 4.6.1; ; 2026-09-09 02:02:00 UTC; windows","C:/Users/PPCCpcpc/AppData/Local/R/win-library/4.6"
"C:\Program Files\R\R-4.6.1\bin\x64\Rscript.exe","pracma","2.4.6","R 4.6.1; ; 2026-09-09 00:54:41 UTC; windows","C:/Users/PPCCpcpc/AppData/Local/R/win-library/4.6"
"C:\Program Files\R\R-4.6.1\bin\x64\Rscript.exe","praise","1.0.0","R 4.6.1; ; 2026-09-09 00:54:38 UTC; windows","C:/Users/PPCCpcpc/AppData/Local/R/win-library/4.6"
"C:\Program Files\R\R-4.6.1\bin\x64\Rscript.exe","prettyunits","1.2.0","R 4.6.1; ; 2026-09-09 00:54:20 UTC; windows","C:/Users/PPCCpcpc/AppData/Local/R/win-library/4.6"
"C:\Program Files\R\R-4.6.1\bin\x64\Rscript.exe","processx","3.9.0","R 4.6.1; x86_64-w64-mingw32; 2026-09-09 01:55:58 UTC; windows","C:/Users/PPCCpcpc/AppData/Local/R/win-library/4.6"
"C:\Program Files\R\R-4.6.1\bin\x64\Rscript.exe","prodlim","2026.03.11","R 4.6.1; x86_64-w64-mingw32; 2026-09-09 03:03:47 UTC; windows","C:/Users/PPCCpcpc/AppData/Local/R/win-library/4.6"
"C:\Program Files\R\R-4.6.1\bin\x64\Rscript.exe","profmem","0.7.0","R 4.6.1; ; 2026-09-09 01:02:35 UTC; windows","C:/Users/PPCCpcpc/AppData/Local/R/win-library/4.6"
"C:\Program Files\R\R-4.6.1\bin\x64\Rscript.exe","profvis","0.4.0","R 4.6.1; x86_64-w64-mingw32; 2026-09-09 03:39:21 UTC; windows","C:/Users/PPCCpcpc/AppData/Local/R/win-library/4.6"
"C:\Program Files\R\R-4.6.1\bin\x64\Rscript.exe","progressr","1.0.0","R 4.6.1; ; 2026-09-09 00:54:41 UTC; windows","C:/Users/PPCCpcpc/AppData/Local/R/win-library/4.6"
"C:\Program Files\R\R-4.6.1\bin\x64\Rscript.exe","promises","1.5.0","R 4.6.1; ; 2026-09-09 02:20:50 UTC; windows","C:/Users/PPCCpcpc/AppData/Local/R/win-library/4.6"
"C:\Program Files\R\R-4.6.1\bin\x64\Rscript.exe","ps","1.9.3","R 4.6.1; x86_64-w64-mingw32; 2026-09-09 00:54:50 UTC; windows","C:/Users/PPCCpcpc/AppData/Local/R/win-library/4.6"
"C:\Program Files\R\R-4.6.1\bin\x64\Rscript.exe","purrr","1.2.2","R 4.6.1; x86_64-w64-mingw32; 2026-09-02 03:15:05 UTC; windows","C:/Users/PPCCpcpc/AppData/Local/R/win-library/4.6"
"C:\Program Files\R\R-4.6.1\bin\x64\Rscript.exe","qs2","0.3.1","R 4.6.1; x86_64-w64-mingw32; 2026-09-09 02:22:01 UTC; windows","C:/Users/PPCCpcpc/AppData/Local/R/win-library/4.6"
"C:\Program Files\R\R-4.6.1\bin\x64\Rscript.exe","quadprog","1.5-8","R 4.6.1; x86_64-w64-mingw32; 2026-08-19 11:46:37 UTC; windows","C:/Users/PPCCpcpc/AppData/Local/R/win-library/4.6"
"C:\Program Files\R\R-4.6.1\bin\x64\Rscript.exe","quantmod","0.4.29","R 4.6.1; ; 2026-09-09 02:40:22 UTC; windows","C:/Users/PPCCpcpc/AppData/Local/R/win-library/4.6"
"C:\Program Files\R\R-4.6.1\bin\x64\Rscript.exe","quantreg","6.1","R 4.6.1; x86_64-w64-mingw32; 2026-09-02 03:15:10 UTC; windows","C:/Users/PPCCpcpc/AppData/Local/R/win-library/4.6"
"C:\Program Files\R\R-4.6.1\bin\x64\Rscript.exe","quarto","1.5.1","R 4.6.1; ; 2026-09-09 03:05:40 UTC; windows","C:/Users/PPCCpcpc/AppData/Local/R/win-library/4.6"
"C:\Program Files\R\R-4.6.1\bin\x64\Rscript.exe","ragg","1.5.2","R 4.6.1; x86_64-w64-mingw32; 2026-09-09 03:03:43 UTC; windows","C:/Users/PPCCpcpc/AppData/Local/R/win-library/4.6"
"C:\Program Files\R\R-4.6.1\bin\x64\Rscript.exe","ranger","0.18.0","R 4.6.1; x86_64-w64-mingw32; 2026-09-02 02:53:38 UTC; windows","C:/Users/PPCCpcpc/AppData/Local/R/win-library/4.6"
"C:\Program Files\R\R-4.6.1\bin\x64\Rscript.exe","rappdirs","0.3.4","R 4.6.1; x86_64-w64-mingw32; 2026-09-09 00:54:02 UTC; windows","C:/Users/PPCCpcpc/AppData/Local/R/win-library/4.6"
"C:\Program Files\R\R-4.6.1\bin\x64\Rscript.exe","rbibutils","2.4.1","R 4.6.1; x86_64-w64-mingw32; 2026-09-09 00:54:01 UTC; windows","C:/Users/PPCCpcpc/AppData/Local/R/win-library/4.6"
"C:\Program Files\R\R-4.6.1\bin\x64\Rscript.exe","reactR","0.6.1","R 4.6.1; ; 2026-09-09 01:56:24 UTC; windows","C:/Users/PPCCpcpc/AppData/Local/R/win-library/4.6"
"C:\Program Files\R\R-4.6.1\bin\x64\Rscript.exe","reactable","0.4.5","R 4.6.1; ; 2026-09-09 03:20:55 UTC; windows","C:/Users/PPCCpcpc/AppData/Local/R/win-library/4.6"
"C:\Program Files\R\R-4.6.1\bin\x64\Rscript.exe","readr","2.2.0","R 4.6.1; x86_64-w64-mingw32; 2026-09-09 03:39:20 UTC; windows","C:/Users/PPCCpcpc/AppData/Local/R/win-library/4.6"
"C:\Program Files\R\R-4.6.1\bin\x64\Rscript.exe","readxl","1.5.0","R 4.6.1; x86_64-w64-mingw32; 2026-09-09 03:39:22 UTC; windows","C:/Users/PPCCpcpc/AppData/Local/R/win-library/4.6"
"C:\Program Files\R\R-4.6.1\bin\x64\Rscript.exe","recipes","1.4.0","R 4.6.1; ; 2026-09-09 04:11:57 UTC; windows","C:/Users/PPCCpcpc/AppData/Local/R/win-library/4.6"
"C:\Program Files\R\R-4.6.1\bin\x64\Rscript.exe","reformulas","0.4.4","R 4.6.1; ; 2026-09-09 02:20:45 UTC; windows","C:/Users/PPCCpcpc/AppData/Local/R/win-library/4.6"
"C:\Program Files\R\R-4.6.1\bin\x64\Rscript.exe","rematch","2.0.0","R 4.6.1; ; 2026-09-09 00:54:42 UTC; windows","C:/Users/PPCCpcpc/AppData/Local/R/win-library/4.6"
"C:\Program Files\R\R-4.6.1\bin\x64\Rscript.exe","rematch2","2.1.2","R 4.6.1; ; 2026-09-09 03:20:13 UTC; windows","C:/Users/PPCCpcpc/AppData/Local/R/win-library/4.6"
"C:\Program Files\R\R-4.6.1\bin\x64\Rscript.exe","renv","1.2.4","R 4.6.1; ; 2026-09-09 00:56:08 UTC; windows","C:/Users/PPCCpcpc/AppData/Local/R/win-library/4.6"
"C:\Program Files\R\R-4.6.1\bin\x64\Rscript.exe","reprex","2.1.1","R 4.6.1; ; 2026-09-09 03:20:21 UTC; windows","C:/Users/PPCCpcpc/AppData/Local/R/win-library/4.6"
"C:\Program Files\R\R-4.6.1\bin\x64\Rscript.exe","reticulate","1.47.0","R 4.6.1; x86_64-w64-mingw32; 2026-09-09 01:56:24 UTC; windows","C:/Users/PPCCpcpc/AppData/Local/R/win-library/4.6"
"C:\Program Files\R\R-4.6.1\bin\x64\Rscript.exe","rex","1.2.2","R 4.6.1; ; 2026-09-09 01:01:36 UTC; windows","C:/Users/PPCCpcpc/AppData/Local/R/win-library/4.6"
"C:\Program Files\R\R-4.6.1\bin\x64\Rscript.exe","rlang","1.3.0","R 4.6.1; x86_64-w64-mingw32; 2026-09-09 00:54:04 UTC; windows","C:/Users/PPCCpcpc/AppData/Local/R/win-library/4.6"
"C:\Program Files\R\R-4.6.1\bin\x64\Rscript.exe","rmarkdown","2.32","R 4.6.1; ; 2026-09-09 03:03:43 UTC; windows","C:/Users/PPCCpcpc/AppData/Local/R/win-library/4.6"
"C:\Program Files\R\R-4.6.1\bin\x64\Rscript.exe","rprojroot","2.1.1","R 4.6.1; ; 2026-09-09 00:54:04 UTC; windows","C:/Users/PPCCpcpc/AppData/Local/R/win-library/4.6"
"C:\Program Files\R\R-4.6.1\bin\x64\Rscript.exe","rsample","1.3.2","R 4.6.1; ; 2026-09-09 04:12:13 UTC; windows","C:/Users/PPCCpcpc/AppData/Local/R/win-library/4.6"
"C:\Program Files\R\R-4.6.1\bin\x64\Rscript.exe","rsconnect","1.11.0","R 4.6.1; ; 2026-09-19 11:41:34 UTC; windows","C:/Users/PPCCpcpc/AppData/Local/R/win-library/4.6"
"C:\Program Files\R\R-4.6.1\bin\x64\Rscript.exe","rstatix","1.1.0","R 4.6.1; ; 2026-09-09 04:53:39 UTC; windows","C:/Users/PPCCpcpc/AppData/Local/R/win-library/4.6"
"C:\Program Files\R\R-4.6.1\bin\x64\Rscript.exe","rstudioapi","0.19.0","R 4.6.1; ; 2026-09-09 00:54:11 UTC; windows","C:/Users/PPCCpcpc/AppData/Local/R/win-library/4.6"
"C:\Program Files\R\R-4.6.1\bin\x64\Rscript.exe","rugarch","1.5-6","R 4.6.1; x86_64-w64-mingw32; 2026-09-09 03:03:55 UTC; windows","C:/Users/PPCCpcpc/AppData/Local/R/win-library/4.6"
"C:\Program Files\R\R-4.6.1\bin\x64\Rscript.exe","rvest","1.0.5","R 4.6.1; ; 2026-09-09 03:20:10 UTC; windows","C:/Users/PPCCpcpc/AppData/Local/R/win-library/4.6"
"C:\Program Files\R\R-4.6.1\bin\x64\Rscript.exe","sandwich","3.1-3","R 4.6.1; ; 2026-09-09 02:20:54 UTC; windows","C:/Users/PPCCpcpc/AppData/Local/R/win-library/4.6"
"C:\Program Files\R\R-4.6.1\bin\x64\Rscript.exe","sass","0.4.10","R 4.6.1; x86_64-w64-mingw32; 2026-09-09 02:20:49 UTC; windows","C:/Users/PPCCpcpc/AppData/Local/R/win-library/4.6"
"C:\Program Files\R\R-4.6.1\bin\x64\Rscript.exe","scales","1.4.0","R 4.6.1; ; 2026-09-09 02:20:47 UTC; windows","C:/Users/PPCCpcpc/AppData/Local/R/win-library/4.6"
"C:\Program Files\R\R-4.6.1\bin\x64\Rscript.exe","secretbase","1.3.0","R 4.6.1; x86_64-w64-mingw32; 2026-08-19 12:17:50 UTC; windows","C:/Users/PPCCpcpc/AppData/Local/R/win-library/4.6"
"C:\Program Files\R\R-4.6.1\bin\x64\Rscript.exe","selectr","0.6-0","R 4.6.1; ; 2026-09-09 00:54:38 UTC; windows","C:/Users/PPCCpcpc/AppData/Local/R/win-library/4.6"
"C:\Program Files\R\R-4.6.1\bin\x64\Rscript.exe","sessioninfo","1.2.4","R 4.6.1; ; 2026-09-09 01:55:58 UTC; windows","C:/Users/PPCCpcpc/AppData/Local/R/win-library/4.6"
"C:\Program Files\R\R-4.6.1\bin\x64\Rscript.exe","sfd","0.1.0","R 4.6.1; ; 2026-09-09 03:05:18 UTC; windows","C:/Users/PPCCpcpc/AppData/Local/R/win-library/4.6"
"C:\Program Files\R\R-4.6.1\bin\x64\Rscript.exe","shades","1.5.0","R 4.6.1; ; 2026-09-09 00:57:50 UTC; windows","C:/Users/PPCCpcpc/AppData/Local/R/win-library/4.6"
"C:\Program Files\R\R-4.6.1\bin\x64\Rscript.exe","shape","1.4.6.1","R 4.6.1; ; 2026-08-19 11:46:34 UTC; windows","C:/Users/PPCCpcpc/AppData/Local/R/win-library/4.6"
"C:\Program Files\R\R-4.6.1\bin\x64\Rscript.exe","shapviz","0.10.4","R 4.6.1; ; 2026-09-09 03:11:33 UTC; windows","C:/Users/PPCCpcpc/AppData/Local/R/win-library/4.6"
"C:\Program Files\R\R-4.6.1\bin\x64\Rscript.exe","shiny","1.14.0","R 4.6.1; ; 2026-09-09 03:03:41 UTC; windows","C:/Users/PPCCpcpc/AppData/Local/R/win-library/4.6"
"C:\Program Files\R\R-4.6.1\bin\x64\Rscript.exe","shinyWidgets","0.9.1","R 4.6.1; ; 2026-09-09 03:20:33 UTC; windows","C:/Users/PPCCpcpc/AppData/Local/R/win-library/4.6"
"C:\Program Files\R\R-4.6.1\bin\x64\Rscript.exe","shinyjs","2.1.1","R 4.6.1; ; 2026-09-09 03:20:13 UTC; windows","C:/Users/PPCCpcpc/AppData/Local/R/win-library/4.6"
"C:\Program Files\R\R-4.6.1\bin\x64\Rscript.exe","slider","0.3.3","R 4.6.1; x86_64-w64-mingw32; 2026-09-09 02:21:21 UTC; windows","C:/Users/PPCCpcpc/AppData/Local/R/win-library/4.6"
"C:\Program Files\R\R-4.6.1\bin\x64\Rscript.exe","snakecase","0.11.1","R 4.6.1; ; 2026-09-09 02:41:04 UTC; windows","C:/Users/PPCCpcpc/AppData/Local/R/win-library/4.6"
"C:\Program Files\R\R-4.6.1\bin\x64\Rscript.exe","snowflakeauth","0.3.0","R 4.6.1; ; 2026-09-09 02:32:04 UTC; windows","C:/Users/PPCCpcpc/AppData/Local/R/win-library/4.6"
"C:\Program Files\R\R-4.6.1\bin\x64\Rscript.exe","sourcetools","0.1.7-2","R 4.6.1; x86_64-w64-mingw32; 2026-09-09 00:54:04 UTC; windows","C:/Users/PPCCpcpc/AppData/Local/R/win-library/4.6"
"C:\Program Files\R\R-4.6.1\bin\x64\Rscript.exe","sparsevctrs","0.3.6","R 4.6.1; x86_64-w64-mingw32; 2026-09-09 02:21:02 UTC; windows","C:/Users/PPCCpcpc/AppData/Local/R/win-library/4.6"
"C:\Program Files\R\R-4.6.1\bin\x64\Rscript.exe","spd","2.0-1","R 4.6.1; ; 2026-09-09 00:55:03 UTC; windows","C:/Users/PPCCpcpc/AppData/Local/R/win-library/4.6"
"C:\Program Files\R\R-4.6.1\bin\x64\Rscript.exe","splitfngr","0.1.2","R 4.6.1; ; 2026-09-09 01:56:48 UTC; windows","C:/Users/PPCCpcpc/AppData/Local/R/win-library/4.6"
"C:\Program Files\R\R-4.6.1\bin\x64\Rscript.exe","stringfish","0.19.2","R 4.6.1; x86_64-w64-mingw32; 2026-09-09 01:56:23 UTC; windows","C:/Users/PPCCpcpc/AppData/Local/R/win-library/4.6"
"C:\Program Files\R\R-4.6.1\bin\x64\Rscript.exe","stringi","1.8.9","R 4.6.1; x86_64-w64-mingw32; 2026-08-19 11:46:22 UTC; windows","C:/Users/PPCCpcpc/AppData/Local/R/win-library/4.6"
"C:\Program Files\R\R-4.6.1\bin\x64\Rscript.exe","stringr","1.6.0","R 4.6.1; ; 2026-09-09 02:40:23 UTC; windows","C:/Users/PPCCpcpc/AppData/Local/R/win-library/4.6"
"C:\Program Files\R\R-4.6.1\bin\x64\Rscript.exe","styler","1.11.0","R 4.6.1; ; 2026-09-09 02:42:11 UTC; windows","C:/Users/PPCCpcpc/AppData/Local/R/win-library/4.6"
"C:\Program Files\R\R-4.6.1\bin\x64\Rscript.exe","survminer","0.5.2","R 4.6.1; ; 2026-09-09 05:00:11 UTC; windows","C:/Users/PPCCpcpc/AppData/Local/R/win-library/4.6"
"C:\Program Files\R\R-4.6.1\bin\x64\Rscript.exe","sys","3.4.3","R 4.6.1; x86_64-w64-mingw32; 2026-09-09 00:54:07 UTC; windows","C:/Users/PPCCpcpc/AppData/Local/R/win-library/4.6"
"C:\Program Files\R\R-4.6.1\bin\x64\Rscript.exe","systemfonts","1.3.2","R 4.6.1; x86_64-w64-mingw32; 2026-09-09 02:20:59 UTC; windows","C:/Users/PPCCpcpc/AppData/Local/R/win-library/4.6"
"C:\Program Files\R\R-4.6.1\bin\x64\Rscript.exe","tailor","0.1.0","R 4.6.1; ; 2026-09-09 03:21:47 UTC; windows","C:/Users/PPCCpcpc/AppData/Local/R/win-library/4.6"
"C:\Program Files\R\R-4.6.1\bin\x64\Rscript.exe","targets","1.12.0","R 4.6.1; ; 2026-09-09 03:05:11 UTC; windows","C:/Users/PPCCpcpc/AppData/Local/R/win-library/4.6"
"C:\Program Files\R\R-4.6.1\bin\x64\Rscript.exe","testthat","3.3.2","R 4.6.1; x86_64-w64-mingw32; 2026-09-09 03:20:10 UTC; windows","C:/Users/PPCCpcpc/AppData/Local/R/win-library/4.6"
"C:\Program Files\R\R-4.6.1\bin\x64\Rscript.exe","textshaping","1.0.5","R 4.6.1; x86_64-w64-mingw32; 2026-09-09 02:40:26 UTC; windows","C:/Users/PPCCpcpc/AppData/Local/R/win-library/4.6"
"C:\Program Files\R\R-4.6.1\bin\x64\Rscript.exe","tibble","3.3.1","R 4.6.1; x86_64-w64-mingw32; 2026-09-09 03:03:39 UTC; windows","C:/Users/PPCCpcpc/AppData/Local/R/win-library/4.6"
"C:\Program Files\R\R-4.6.1\bin\x64\Rscript.exe","tidymodels","1.5.0","R 4.6.1; ; 2026-09-09 04:53:18 UTC; windows","C:/Users/PPCCpcpc/AppData/Local/R/win-library/4.6"
"C:\Program Files\R\R-4.6.1\bin\x64\Rscript.exe","tidyr","1.3.2","R 4.6.1; x86_64-w64-mingw32; 2026-09-09 03:39:19 UTC; windows","C:/Users/PPCCpcpc/AppData/Local/R/win-library/4.6"
"C:\Program Files\R\R-4.6.1\bin\x64\Rscript.exe","tidyselect","1.2.1","R 4.6.1; ; 2026-09-09 02:40:22 UTC; windows","C:/Users/PPCCpcpc/AppData/Local/R/win-library/4.6"
"C:\Program Files\R\R-4.6.1\bin\x64\Rscript.exe","tidyverse","2.0.0","R 4.6.1; ; 2026-09-09 04:38:25 UTC; windows","C:/Users/PPCCpcpc/AppData/Local/R/win-library/4.6"
"C:\Program Files\R\R-4.6.1\bin\x64\Rscript.exe","timeDate","4052.112","R 4.6.1; ; 2026-08-23 00:53:23 UTC; windows","C:/Users/PPCCpcpc/AppData/Local/R/win-library/4.6"
"C:\Program Files\R\R-4.6.1\bin\x64\Rscript.exe","timechange","0.4.0","R 4.6.1; x86_64-w64-mingw32; 2026-09-09 00:54:33 UTC; windows","C:/Users/PPCCpcpc/AppData/Local/R/win-library/4.6"
"C:\Program Files\R\R-4.6.1\bin\x64\Rscript.exe","tinytex","0.60","R 4.6.1; ; 2026-09-09 01:55:56 UTC; windows","C:/Users/PPCCpcpc/AppData/Local/R/win-library/4.6"
"C:\Program Files\R\R-4.6.1\bin\x64\Rscript.exe","truncnorm","1.0-9","R 4.6.1; x86_64-w64-mingw32; 2026-09-09 00:55:03 UTC; windows","C:/Users/PPCCpcpc/AppData/Local/R/win-library/4.6"
"C:\Program Files\R\R-4.6.1\bin\x64\Rscript.exe","tsibble","1.2.0","R 4.6.1; ; 2026-09-09 03:20:41 UTC; windows","C:/Users/PPCCpcpc/AppData/Local/R/win-library/4.6"
"C:\Program Files\R\R-4.6.1\bin\x64\Rscript.exe","tune","2.1.0","R 4.6.1; ; 2026-09-09 04:49:53 UTC; windows","C:/Users/PPCCpcpc/AppData/Local/R/win-library/4.6"
"C:\Program Files\R\R-4.6.1\bin\x64\Rscript.exe","tzdb","0.5.0","R 4.6.1; x86_64-w64-mingw32; 2026-09-09 00:54:18 UTC; windows","C:/Users/PPCCpcpc/AppData/Local/R/win-library/4.6"
"C:\Program Files\R\R-4.6.1\bin\x64\Rscript.exe","urca","1.3-4","R 4.6.1; x86_64-w64-mingw32; 2026-09-02 02:33:29 UTC; windows","C:/Users/PPCCpcpc/AppData/Local/R/win-library/4.6"
"C:\Program Files\R\R-4.6.1\bin\x64\Rscript.exe","utf8","1.2.6","R 4.6.1; x86_64-w64-mingw32; 2026-09-09 00:54:02 UTC; windows","C:/Users/PPCCpcpc/AppData/Local/R/win-library/4.6"
"C:\Program Files\R\R-4.6.1\bin\x64\Rscript.exe","uuid","1.2-2","R 4.6.1; x86_64-w64-mingw32; 2026-08-19 11:47:18 UTC; windows","C:/Users/PPCCpcpc/AppData/Local/R/win-library/4.6"
"C:\Program Files\R\R-4.6.1\bin\x64\Rscript.exe","vctrs","0.7.3","R 4.6.1; x86_64-w64-mingw32; 2026-09-02 02:52:27 UTC; windows","C:/Users/PPCCpcpc/AppData/Local/R/win-library/4.6"
"C:\Program Files\R\R-4.6.1\bin\x64\Rscript.exe","viridisLite","0.4.3","R 4.6.1; ; 2026-09-09 00:54:02 UTC; windows","C:/Users/PPCCpcpc/AppData/Local/R/win-library/4.6"
"C:\Program Files\R\R-4.6.1\bin\x64\Rscript.exe","vroom","1.7.1","R 4.6.1; x86_64-w64-mingw32; 2026-09-09 03:20:06 UTC; windows","C:/Users/PPCCpcpc/AppData/Local/R/win-library/4.6"
"C:\Program Files\R\R-4.6.1\bin\x64\Rscript.exe","waldo","0.6.2","R 4.6.1; ; 2026-09-09 01:55:56 UTC; windows","C:/Users/PPCCpcpc/AppData/Local/R/win-library/4.6"
"C:\Program Files\R\R-4.6.1\bin\x64\Rscript.exe","warp","0.2.3","R 4.6.1; x86_64-w64-mingw32; 2026-09-09 00:55:16 UTC; windows","C:/Users/PPCCpcpc/AppData/Local/R/win-library/4.6"
"C:\Program Files\R\R-4.6.1\bin\x64\Rscript.exe","withr","3.0.3","R 4.6.1; ; 2026-09-09 00:54:02 UTC; windows","C:/Users/PPCCpcpc/AppData/Local/R/win-library/4.6"
"C:\Program Files\R\R-4.6.1\bin\x64\Rscript.exe","workflows","1.3.0","R 4.6.1; ; 2026-09-09 04:39:15 UTC; windows","C:/Users/PPCCpcpc/AppData/Local/R/win-library/4.6"
"C:\Program Files\R\R-4.6.1\bin\x64\Rscript.exe","workflowsets","1.1.1","R 4.6.1; ; 2026-09-09 04:52:43 UTC; windows","C:/Users/PPCCpcpc/AppData/Local/R/win-library/4.6"
"C:\Program Files\R\R-4.6.1\bin\x64\Rscript.exe","xfun","0.60","R 4.6.1; x86_64-w64-mingw32; 2026-09-09 00:54:30 UTC; windows","C:/Users/PPCCpcpc/AppData/Local/R/win-library/4.6"
"C:\Program Files\R\R-4.6.1\bin\x64\Rscript.exe","xgboost","3.2.1.1","R 4.6.1; x86_64-w64-mingw32; 2026-09-09 01:57:01 UTC; windows","C:/Users/PPCCpcpc/AppData/Local/R/win-library/4.6"
"C:\Program Files\R\R-4.6.1\bin\x64\Rscript.exe","xml2","1.6.0","R 4.6.1; x86_64-w64-mingw32; 2026-09-02 01:28:03 UTC; windows","C:/Users/PPCCpcpc/AppData/Local/R/win-library/4.6"
"C:\Program Files\R\R-4.6.1\bin\x64\Rscript.exe","xmlparsedata","1.0.5","R 4.6.1; ; 2026-09-09 01:07:09 UTC; windows","C:/Users/PPCCpcpc/AppData/Local/R/win-library/4.6"
"C:\Program Files\R\R-4.6.1\bin\x64\Rscript.exe","xtable","1.8-8","R 4.6.1; ; 2026-09-09 00:54:04 UTC; windows","C:/Users/PPCCpcpc/AppData/Local/R/win-library/4.6"
"C:\Program Files\R\R-4.6.1\bin\x64\Rscript.exe","xts","0.14.3","R 4.6.1; x86_64-w64-mingw32; 2026-09-08 23:50:30 UTC; windows","C:/Users/PPCCpcpc/AppData/Local/R/win-library/4.6"
"C:\Program Files\R\R-4.6.1\bin\x64\Rscript.exe","yaml","2.3.12","R 4.6.1; x86_64-w64-mingw32; 2026-09-09 00:54:31 UTC; windows","C:/Users/PPCCpcpc/AppData/Local/R/win-library/4.6"
"C:\Program Files\R\R-4.6.1\bin\x64\Rscript.exe","yardstick","1.4.0","R 4.6.1; x86_64-w64-mingw32; 2026-09-09 03:21:48 UTC; windows","C:/Users/PPCCpcpc/AppData/Local/R/win-library/4.6"
"C:\Program Files\R\R-4.6.1\bin\x64\Rscript.exe","zip","3.0.2","R 4.6.1; x86_64-w64-mingw32; 2026-09-09 01:55:58 UTC; windows","C:/Users/PPCCpcpc/AppData/Local/R/win-library/4.6"
"C:\Program Files\R\R-4.6.1\bin\x64\Rscript.exe","zoo","1.9-0","R 4.6.1; x86_64-w64-mingw32; 2026-09-02 02:33:29 UTC; windows","C:/Users/PPCCpcpc/AppData/Local/R/win-library/4.6"
"C:\Program Files\R\R-4.6.1\bin\x64\Rscript.exe","KernSmooth","2.23-26","R 4.6.1; x86_64-w64-mingw32; 2026-06-24 08:32:40 UTC; windows","C:/Program Files/R/R-4.6.1/library"
"C:\Program Files\R\R-4.6.1\bin\x64\Rscript.exe","MASS","7.3-65","R 4.6.1; x86_64-w64-mingw32; 2026-06-24 08:23:25 UTC; windows","C:/Program Files/R/R-4.6.1/library"
"C:\Program Files\R\R-4.6.1\bin\x64\Rscript.exe","Matrix","1.7-5","R 4.6.1; x86_64-w64-mingw32; 2026-06-24 08:23:58 UTC; windows","C:/Program Files/R/R-4.6.1/library"
"C:\Program Files\R\R-4.6.1\bin\x64\Rscript.exe","base","4.6.1","R 4.6.1; ; 2026-06-24 08:20:51 UTC; windows","C:/Program Files/R/R-4.6.1/library"
"C:\Program Files\R\R-4.6.1\bin\x64\Rscript.exe","boot","1.3-32","R 4.6.1; ; 2026-06-24 08:32:04 UTC; windows","C:/Program Files/R/R-4.6.1/library"
"C:\Program Files\R\R-4.6.1\bin\x64\Rscript.exe","class","7.3-23","R 4.6.1; x86_64-w64-mingw32; 2026-06-24 08:33:04 UTC; windows","C:/Program Files/R/R-4.6.1/library"
"C:\Program Files\R\R-4.6.1\bin\x64\Rscript.exe","cluster","2.1.8.2","R 4.6.1; x86_64-w64-mingw32; 2026-06-24 08:32:11 UTC; windows","C:/Program Files/R/R-4.6.1/library"
"C:\Program Files\R\R-4.6.1\bin\x64\Rscript.exe","codetools","0.2-20","R 4.6.1; ; 2026-06-24 08:32:25 UTC; windows","C:/Program Files/R/R-4.6.1/library"
"C:\Program Files\R\R-4.6.1\bin\x64\Rscript.exe","compiler","4.6.1","R 4.6.1; ; 2026-06-24 08:14:21 UTC; windows","C:/Program Files/R/R-4.6.1/library"
"C:\Program Files\R\R-4.6.1\bin\x64\Rscript.exe","datasets","4.6.1","R 4.6.1; ; 2026-06-24 08:19:02 UTC; windows","C:/Program Files/R/R-4.6.1/library"
"C:\Program Files\R\R-4.6.1\bin\x64\Rscript.exe","foreign","0.8-91","R 4.6.1; x86_64-w64-mingw32; 2026-06-24 08:32:28 UTC; windows","C:/Program Files/R/R-4.6.1/library"
"C:\Program Files\R\R-4.6.1\bin\x64\Rscript.exe","grDevices","4.6.1","R 4.6.1; x86_64-w64-mingw32; 2026-06-24 08:16:14 UTC; windows","C:/Program Files/R/R-4.6.1/library"
"C:\Program Files\R\R-4.6.1\bin\x64\Rscript.exe","graphics","4.6.1","R 4.6.1; x86_64-w64-mingw32; 2026-06-24 08:16:56 UTC; windows","C:/Program Files/R/R-4.6.1/library"
"C:\Program Files\R\R-4.6.1\bin\x64\Rscript.exe","grid","4.6.1","R 4.6.1; x86_64-w64-mingw32; 2026-06-24 08:19:46 UTC; windows","C:/Program Files/R/R-4.6.1/library"
"C:\Program Files\R\R-4.6.1\bin\x64\Rscript.exe","lattice","0.22-9","R 4.6.1; x86_64-w64-mingw32; 2026-06-24 08:23:40 UTC; windows","C:/Program Files/R/R-4.6.1/library"
"C:\Program Files\R\R-4.6.1\bin\x64\Rscript.exe","methods","4.6.1","R 4.6.1; x86_64-w64-mingw32; 2026-06-24 08:19:12 UTC; windows","C:/Program Files/R/R-4.6.1/library"
"C:\Program Files\R\R-4.6.1\bin\x64\Rscript.exe","mgcv","1.9-4","R 4.6.1; x86_64-w64-mingw32; 2026-06-24 08:33:21 UTC; windows","C:/Program Files/R/R-4.6.1/library"
"C:\Program Files\R\R-4.6.1\bin\x64\Rscript.exe","nlme","3.1-169","R 4.6.1; x86_64-w64-mingw32; 2026-06-24 08:30:23 UTC; windows","C:/Program Files/R/R-4.6.1/library"
"C:\Program Files\R\R-4.6.1\bin\x64\Rscript.exe","nnet","7.3-20","R 4.6.1; x86_64-w64-mingw32; 2026-06-24 08:33:09 UTC; windows","C:/Program Files/R/R-4.6.1/library"
"C:\Program Files\R\R-4.6.1\bin\x64\Rscript.exe","parallel","4.6.1","R 4.6.1; x86_64-w64-mingw32; 2026-06-24 08:20:30 UTC; windows","C:/Program Files/R/R-4.6.1/library"
"C:\Program Files\R\R-4.6.1\bin\x64\Rscript.exe","rpart","4.1.27","R 4.6.1; x86_64-w64-mingw32; 2026-06-24 08:32:48 UTC; windows","C:/Program Files/R/R-4.6.1/library"
"C:\Program Files\R\R-4.6.1\bin\x64\Rscript.exe","spatial","7.3-18","R 4.6.1; x86_64-w64-mingw32; 2026-06-24 08:33:14 UTC; windows","C:/Program Files/R/R-4.6.1/library"
"C:\Program Files\R\R-4.6.1\bin\x64\Rscript.exe","splines","4.6.1","R 4.6.1; x86_64-w64-mingw32; 2026-06-24 08:20:12 UTC; windows","C:/Program Files/R/R-4.6.1/library"
"C:\Program Files\R\R-4.6.1\bin\x64\Rscript.exe","stats","4.6.1","R 4.6.1; x86_64-w64-mingw32; 2026-06-24 08:17:23 UTC; windows","C:/Program Files/R/R-4.6.1/library"
"C:\Program Files\R\R-4.6.1\bin\x64\Rscript.exe","stats4","4.6.1","R 4.6.1; ; 2026-06-24 08:20:17 UTC; windows","C:/Program Files/R/R-4.6.1/library"
"C:\Program Files\R\R-4.6.1\bin\x64\Rscript.exe","survival","3.8-6","R 4.6.1; x86_64-w64-mingw32; 2026-06-24 08:30:55 UTC; windows","C:/Program Files/R/R-4.6.1/library"
"C:\Program Files\R\R-4.6.1\bin\x64\Rscript.exe","tcltk","4.6.1","R 4.6.1; x86_64-w64-mingw32; 2026-06-24 08:20:20 UTC; windows","C:/Program Files/R/R-4.6.1/library"
"C:\Program Files\R\R-4.6.1\bin\x64\Rscript.exe","tools","4.6.1","R 4.6.1; x86_64-w64-mingw32; 2026-06-24 08:14:19 UTC; windows","C:/Program Files/R/R-4.6.1/library"
"C:\Program Files\R\R-4.6.1\bin\x64\Rscript.exe","translations","4.6.1","R 4.6.1; ; 2026-06-24 08:20:37 UTC; windows","C:/Program Files/R/R-4.6.1/library"
"C:\Program Files\R\R-4.6.1\bin\x64\Rscript.exe","utils","4.6.1","R 4.6.1; x86_64-w64-mingw32; 2026-06-24 08:15:23 UTC; windows","C:/Program Files/R/R-4.6.1/library"
"C:\Program Files\R\R-4.6.1\bin\Rscript.exe","BH","1.90.0-1","R 4.6.1; ; 2026-08-19 11:46:54 UTC; windows","C:/Users/PPCCpcpc/AppData/Local/R/win-library/4.6"
"C:\Program Files\R\R-4.6.1\bin\Rscript.exe","DALEX","2.5.4","R 4.6.1; ; 2026-09-09 03:05:18 UTC; windows","C:/Users/PPCCpcpc/AppData/Local/R/win-library/4.6"
"C:\Program Files\R\R-4.6.1\bin\Rscript.exe","DBI","1.3.0","R 4.6.1; ; 2026-09-09 00:54:06 UTC; windows","C:/Users/PPCCpcpc/AppData/Local/R/win-library/4.6"
"C:\Program Files\R\R-4.6.1\bin\Rscript.exe","DT","0.34.0","R 4.6.1; ; 2026-09-09 03:20:48 UTC; windows","C:/Users/PPCCpcpc/AppData/Local/R/win-library/4.6"
"C:\Program Files\R\R-4.6.1\bin\Rscript.exe","Deriv","4.3.5","R 4.6.1; x86_64-w64-mingw32; 2026-09-03 23:51:16 UTC; windows","C:/Users/PPCCpcpc/AppData/Local/R/win-library/4.6"
"C:\Program Files\R\R-4.6.1\bin\Rscript.exe","DiceDesign","1.10","R 4.6.1; x86_64-w64-mingw32; 2026-09-09 00:57:46 UTC; windows","C:/Users/PPCCpcpc/AppData/Local/R/win-library/4.6"
"C:\Program Files\R\R-4.6.1\bin\Rscript.exe","DiceKriging","1.6.1","R 4.6.1; x86_64-w64-mingw32; 2026-09-09 01:00:28 UTC; windows","C:/Users/PPCCpcpc/AppData/Local/R/win-library/4.6"
"C:\Program Files\R\R-4.6.1\bin\Rscript.exe","DistributionUtils","0.6-2","R 4.6.1; x86_64-w64-mingw32; 2026-09-09 00:55:03 UTC; windows","C:/Users/PPCCpcpc/AppData/Local/R/win-library/4.6"
"C:\Program Files\R\R-4.6.1\bin\Rscript.exe","FNN","1.1.4.1","R 4.6.1; x86_64-w64-mingw32; 2026-09-09 00:54:22 UTC; windows","C:/Users/PPCCpcpc/AppData/Local/R/win-library/4.6"
"C:\Program Files\R\R-4.6.1\bin\Rscript.exe","Formula","1.2-6","R 4.6.1; ; 2026-09-09 00:54:00 UTC; windows","C:/Users/PPCCpcpc/AppData/Local/R/win-library/4.6"
"C:\Program Files\R\R-4.6.1\bin\Rscript.exe","GauPro","0.2.17","R 4.6.1; x86_64-w64-mingw32; 2026-09-09 04:14:11 UTC; windows","C:/Users/PPCCpcpc/AppData/Local/R/win-library/4.6"
"C:\Program Files\R\R-4.6.1\bin\Rscript.exe","GeneralizedHyperbolic","0.8-7","R 4.6.1; ; 2026-09-09 01:56:02 UTC; windows","C:/Users/PPCCpcpc/AppData/Local/R/win-library/4.6"
"C:\Program Files\R\R-4.6.1\bin\Rscript.exe","MatrixModels","0.5-4","R 4.6.1; ; 2026-09-09 02:20:47 UTC; windows","C:/Users/PPCCpcpc/AppData/Local/R/win-library/4.6"
"C:\Program Files\R\R-4.6.1\bin\Rscript.exe","Metrics","0.1.4","R 4.6.1; ; 2026-09-09 00:56:08 UTC; windows","C:/Users/PPCCpcpc/AppData/Local/R/win-library/4.6"
"C:\Program Files\R\R-4.6.1\bin\Rscript.exe","PerformanceAnalytics","2.1.0","R 4.6.1; x86_64-w64-mingw32; 2026-09-09 01:56:03 UTC; windows","C:/Users/PPCCpcpc/AppData/Local/R/win-library/4.6"
"C:\Program Files\R\R-4.6.1\bin\Rscript.exe","R.cache","0.17.0","R 4.6.1; ; 2026-09-09 00:56:07 UTC; windows","C:/Users/PPCCpcpc/AppData/Local/R/win-library/4.6"
"C:\Program Files\R\R-4.6.1\bin\Rscript.exe","R.methodsS3","1.8.2","R 4.6.1; ; 2026-08-19 11:46:20 UTC; windows","C:/Users/PPCCpcpc/AppData/Local/R/win-library/4.6"
"C:\Program Files\R\R-4.6.1\bin\Rscript.exe","R.oo","1.27.1","R 4.6.1; ; 2026-08-19 12:58:27 UTC; windows","C:/Users/PPCCpcpc/AppData/Local/R/win-library/4.6"
"C:\Program Files\R\R-4.6.1\bin\Rscript.exe","R.utils","2.13.0","R 4.6.1; ; 2026-09-09 00:55:10 UTC; windows","C:/Users/PPCCpcpc/AppData/Local/R/win-library/4.6"
"C:\Program Files\R\R-4.6.1\bin\Rscript.exe","R6","2.6.1","R 4.6.1; ; 2026-09-09 00:54:01 UTC; windows","C:/Users/PPCCpcpc/AppData/Local/R/win-library/4.6"
"C:\Program Files\R\R-4.6.1\bin\Rscript.exe","RColorBrewer","1.1-3","R 4.6.1; ; 2026-08-19 11:46:07 UTC; windows","C:/Users/PPCCpcpc/AppData/Local/R/win-library/4.6"
"C:\Program Files\R\R-4.6.1\bin\Rscript.exe","RMariaDB","1.3.5","R 4.6.1; x86_64-w64-mingw32; 2026-09-09 02:24:11 UTC; windows","C:/Users/PPCCpcpc/AppData/Local/R/win-library/4.6"
"C:\Program Files\R\R-4.6.1\bin\Rscript.exe","RPostgres","1.4.10","R 4.6.1; x86_64-w64-mingw32; 2026-09-09 02:21:32 UTC; windows","C:/Users/PPCCpcpc/AppData/Local/R/win-library/4.6"
"C:\Program Files\R\R-4.6.1\bin\Rscript.exe","RSQLite","3.53.3","R 4.6.1; x86_64-w64-mingw32; 2026-09-02 03:39:44 UTC; windows","C:/Users/PPCCpcpc/AppData/Local/R/win-library/4.6"
"C:\Program Files\R\R-4.6.1\bin\Rscript.exe","Rcpp","1.1.2","R 4.6.1; x86_64-w64-mingw32; 2026-09-09 00:54:07 UTC; windows","C:/Users/PPCCpcpc/AppData/Local/R/win-library/4.6"
"C:\Program Files\R\R-4.6.1\bin\Rscript.exe","RcppArmadillo","15.6.0-1","R 4.6.1; x86_64-w64-mingw32; 2026-09-09 01:55:59 UTC; windows","C:/Users/PPCCpcpc/AppData/Local/R/win-library/4.6"
"C:\Program Files\R\R-4.6.1\bin\Rscript.exe","RcppParallel","6.2.1","R 4.6.1; x86_64-w64-mingw32; 2026-09-09 00:54:53 UTC; windows","C:/Users/PPCCpcpc/AppData/Local/R/win-library/4.6"
"C:\Program Files\R\R-4.6.1\bin\Rscript.exe","RcppTOML","0.2.3","R 4.6.1; x86_64-w64-mingw32; 2026-09-09 00:56:36 UTC; windows","C:/Users/PPCCpcpc/AppData/Local/R/win-library/4.6"
"C:\Program Files\R\R-4.6.1\bin\Rscript.exe","Rdpack","2.6.6","R 4.6.1; ; 2026-09-09 01:55:55 UTC; windows","C:/Users/PPCCpcpc/AppData/Local/R/win-library/4.6"
"C:\Program Files\R\R-4.6.1\bin\Rscript.exe","Rsolnp","2.0.1","R 4.6.1; x86_64-w64-mingw32; 2026-09-09 02:40:31 UTC; windows","C:/Users/PPCCpcpc/AppData/Local/R/win-library/4.6"
"C:\Program Files\R\R-4.6.1\bin\Rscript.exe","S7","0.2.2","R 4.6.1; x86_64-w64-mingw32; 2026-09-09 00:54:02 UTC; windows","C:/Users/PPCCpcpc/AppData/Local/R/win-library/4.6"
"C:\Program Files\R\R-4.6.1\bin\Rscript.exe","SQUAREM","2026.1","R 4.6.1; ; 2026-09-09 00:54:41 UTC; windows","C:/Users/PPCCpcpc/AppData/Local/R/win-library/4.6"
"C:\Program Files\R\R-4.6.1\bin\Rscript.exe","SkewHyperbolic","0.4-2","R 4.6.1; ; 2026-09-09 02:21:08 UTC; windows","C:/Users/PPCCpcpc/AppData/Local/R/win-library/4.6"
"C:\Program Files\R\R-4.6.1\bin\Rscript.exe","SparseM","1.84-2","R 4.6.1; x86_64-w64-mingw32; 2026-09-09 00:54:03 UTC; windows","C:/Users/PPCCpcpc/AppData/Local/R/win-library/4.6"
"C:\Program Files\R\R-4.6.1\bin\Rscript.exe","TTR","0.24.4","R 4.6.1; x86_64-w64-mingw32; 2026-09-09 02:20:50 UTC; windows","C:/Users/PPCCpcpc/AppData/Local/R/win-library/4.6"
"C:\Program Files\R\R-4.6.1\bin\Rscript.exe","V8","8.2.0","R 4.6.1; x86_64-w64-mingw32; 2026-09-09 00:56:07 UTC; windows","C:/Users/PPCCpcpc/AppData/Local/R/win-library/4.6"
"C:\Program Files\R\R-4.6.1\bin\Rscript.exe","abind","1.4-8","R 4.6.1; ; 2026-08-19 11:46:37 UTC; windows","C:/Users/PPCCpcpc/AppData/Local/R/win-library/4.6"
"C:\Program Files\R\R-4.6.1\bin\Rscript.exe","anytime","0.3.13","R 4.6.1; x86_64-w64-mingw32; 2026-09-09 00:55:18 UTC; windows","C:/Users/PPCCpcpc/AppData/Local/R/win-library/4.6"
"C:\Program Files\R\R-4.6.1\bin\Rscript.exe","arrow","25.0.1","R 4.6.1; x86_64-w64-mingw32; 2026-09-09 03:03:57 UTC; windows","C:/Users/PPCCpcpc/AppData/Local/R/win-library/4.6"
"C:\Program Files\R\R-4.6.1\bin\Rscript.exe","askpass","1.2.1","R 4.6.1; x86_64-w64-mingw32; 2026-09-09 01:55:57 UTC; windows","C:/Users/PPCCpcpc/AppData/Local/R/win-library/4.6"
"C:\Program Files\R\R-4.6.1\bin\Rscript.exe","assertthat","0.2.1","R 4.6.1; ; 2026-09-09 00:54:04 UTC; windows","C:/Users/PPCCpcpc/AppData/Local/R/win-library/4.6"
"C:\Program Files\R\R-4.6.1\bin\Rscript.exe","backports","1.5.1","R 4.6.1; x86_64-w64-mingw32; 2026-08-19 11:46:10 UTC; windows","C:/Users/PPCCpcpc/AppData/Local/R/win-library/4.6"
"C:\Program Files\R\R-4.6.1\bin\Rscript.exe","base64enc","0.1-6","R 4.6.1; x86_64-w64-mingw32; 2026-08-19 11:46:07 UTC; windows","C:/Users/PPCCpcpc/AppData/Local/R/win-library/4.6"
"C:\Program Files\R\R-4.6.1\bin\Rscript.exe","base64url","1.4","R 4.6.1; x86_64-w64-mingw32; 2026-09-09 00:57:33 UTC; windows","C:/Users/PPCCpcpc/AppData/Local/R/win-library/4.6"
"C:\Program Files\R\R-4.6.1\bin\Rscript.exe","bench","1.1.4","R 4.6.1; x86_64-w64-mingw32; 2026-09-09 03:07:46 UTC; windows","C:/Users/PPCCpcpc/AppData/Local/R/win-library/4.6"
"C:\Program Files\R\R-4.6.1\bin\Rscript.exe","bigD","0.3.1","R 4.6.1; ; 2026-09-09 00:57:50 UTC; windows","C:/Users/PPCCpcpc/AppData/Local/R/win-library/4.6"
"C:\Program Files\R\R-4.6.1\bin\Rscript.exe","bit","4.6.0","R 4.6.1; x86_64-w64-mingw32; 2026-09-09 00:54:04 UTC; windows","C:/Users/PPCCpcpc/AppData/Local/R/win-library/4.6"
"C:\Program Files\R\R-4.6.1\bin\Rscript.exe","bit64","4.8.6","R 4.6.1; x86_64-w64-mingw32; 2026-09-09 01:55:57 UTC; windows","C:/Users/PPCCpcpc/AppData/Local/R/win-library/4.6"
"C:\Program Files\R\R-4.6.1\bin\Rscript.exe","bitops","1.1-0","R 4.6.1; x86_64-w64-mingw32; 2026-08-19 11:46:54 UTC; windows","C:/Users/PPCCpcpc/AppData/Local/R/win-library/4.6"
"C:\Program Files\R\R-4.6.1\bin\Rscript.exe","blob","1.3.0","R 4.6.1; ; 2026-09-09 02:21:04 UTC; windows","C:/Users/PPCCpcpc/AppData/Local/R/win-library/4.6"
"C:\Program Files\R\R-4.6.1\bin\Rscript.exe","brio","1.1.5","R 4.6.1; x86_64-w64-mingw32; 2026-09-09 00:54:04 UTC; windows","C:/Users/PPCCpcpc/AppData/Local/R/win-library/4.6"
"C:\Program Files\R\R-4.6.1\bin\Rscript.exe","broom","1.0.13","R 4.6.1; ; 2026-09-09 04:11:56 UTC; windows","C:/Users/PPCCpcpc/AppData/Local/R/win-library/4.6"
"C:\Program Files\R\R-4.6.1\bin\Rscript.exe","bslib","0.12.0","R 4.6.1; ; 2026-09-09 02:40:27 UTC; windows","C:/Users/PPCCpcpc/AppData/Local/R/win-library/4.6"
"C:\Program Files\R\R-4.6.1\bin\Rscript.exe","cachem","1.1.0","R 4.6.1; x86_64-w64-mingw32; 2026-09-09 01:55:54 UTC; windows","C:/Users/PPCCpcpc/AppData/Local/R/win-library/4.6"
"C:\Program Files\R\R-4.6.1\bin\Rscript.exe","callr","3.8.0","R 4.6.1; ; 2026-09-09 02:20:58 UTC; windows","C:/Users/PPCCpcpc/AppData/Local/R/win-library/4.6"
"C:\Program Files\R\R-4.6.1\bin\Rscript.exe","car","3.1-5","R 4.6.1; ; 2026-09-09 04:53:17 UTC; windows","C:/Users/PPCCpcpc/AppData/Local/R/win-library/4.6"
"C:\Program Files\R\R-4.6.1\bin\Rscript.exe","carData","3.0-6","R 4.6.1; ; 2026-09-09 00:54:01 UTC; windows","C:/Users/PPCCpcpc/AppData/Local/R/win-library/4.6"
"C:\Program Files\R\R-4.6.1\bin\Rscript.exe","cards","0.9.0","R 4.6.1; ; 2026-09-09 03:40:05 UTC; windows","C:/Users/PPCCpcpc/AppData/Local/R/win-library/4.6"
"C:\Program Files\R\R-4.6.1\bin\Rscript.exe","cardx","0.3.4","R 4.6.1; ; 2026-09-09 04:15:36 UTC; windows","C:/Users/PPCCpcpc/AppData/Local/R/win-library/4.6"
"C:\Program Files\R\R-4.6.1\bin\Rscript.exe","cellranger","1.1.0","R 4.6.1; ; 2026-09-09 03:20:11 UTC; windows","C:/Users/PPCCpcpc/AppData/Local/R/win-library/4.6"
"C:\Program Files\R\R-4.6.1\bin\Rscript.exe","checkmate","2.3.4","R 4.6.1; x86_64-w64-mingw32; 2026-09-09 00:54:58 UTC; windows","C:/Users/PPCCpcpc/AppData/Local/R/win-library/4.6"
"C:\Program Files\R\R-4.6.1\bin\Rscript.exe","chron","2.3-63","R 4.6.1; x86_64-w64-mingw32; 2026-09-09 00:55:03 UTC; windows","C:/Users/PPCCpcpc/AppData/Local/R/win-library/4.6"
"C:\Program Files\R\R-4.6.1\bin\Rscript.exe","cli","3.6.6","R 4.6.1; x86_64-w64-mingw32; 2026-09-09 00:54:02 UTC; windows","C:/Users/PPCCpcpc/AppData/Local/R/win-library/4.6"
"C:\Program Files\R\R-4.6.1\bin\Rscript.exe","clipr","0.8.1","R 4.6.1; ; 2026-09-09 00:54:13 UTC; windows","C:/Users/PPCCpcpc/AppData/Local/R/win-library/4.6"
"C:\Program Files\R\R-4.6.1\bin\Rscript.exe","clock","0.7.4","R 4.6.1; x86_64-w64-mingw32; 2026-09-09 02:21:01 UTC; windows","C:/Users/PPCCpcpc/AppData/Local/R/win-library/4.6"
"C:\Program Files\R\R-4.6.1\bin\Rscript.exe","collapse","2.1.8","R 4.6.1; x86_64-w64-mingw32; 2026-09-09 00:56:08 UTC; windows","C:/Users/PPCCpcpc/AppData/Local/R/win-library/4.6"
"C:\Program Files\R\R-4.6.1\bin\Rscript.exe","colorspace","2.1-3","R 4.6.1; x86_64-w64-mingw32; 2026-09-09 00:54:04 UTC; windows","C:/Users/PPCCpcpc/AppData/Local/R/win-library/4.6"
"C:\Program Files\R\R-4.6.1\bin\Rscript.exe","commonmark","2.0.0","R 4.6.1; x86_64-w64-mingw32; 2026-09-09 00:54:03 UTC; windows","C:/Users/PPCCpcpc/AppData/Local/R/win-library/4.6"
"C:\Program Files\R\R-4.6.1\bin\Rscript.exe","conflicted","1.2.0","R 4.6.1; ; 2026-09-09 02:21:19 UTC; windows","C:/Users/PPCCpcpc/AppData/Local/R/win-library/4.6"
"C:\Program Files\R\R-4.6.1\bin\Rscript.exe","corrplot","0.95","R 4.6.1; ; 2026-09-09 00:55:05 UTC; windows","C:/Users/PPCCpcpc/AppData/Local/R/win-library/4.6"
"C:\Program Files\R\R-4.6.1\bin\Rscript.exe","cowplot","1.2.0","R 4.6.1; ; 2026-09-09 03:03:39 UTC; windows","C:/Users/PPCCpcpc/AppData/Local/R/win-library/4.6"
"C:\Program Files\R\R-4.6.1\bin\Rscript.exe","cpp11","0.5.5","R 4.6.1; ; 2026-09-09 00:54:02 UTC; windows","C:/Users/PPCCpcpc/AppData/Local/R/win-library/4.6"
"C:\Program Files\R\R-4.6.1\bin\Rscript.exe","crayon","1.5.3","R 4.6.1; ; 2026-09-09 00:54:16 UTC; windows","C:/Users/PPCCpcpc/AppData/Local/R/win-library/4.6"
"C:\Program Files\R\R-4.6.1\bin\Rscript.exe","crosstalk","1.2.2","R 4.6.1; ; 2026-09-09 02:20:58 UTC; windows","C:/Users/PPCCpcpc/AppData/Local/R/win-library/4.6"
"C:\Program Files\R\R-4.6.1\bin\Rscript.exe","curl","8.0.0","R 4.6.1; x86_64-w64-mingw32; 2026-09-09 00:54:15 UTC; windows","C:/Users/PPCCpcpc/AppData/Local/R/win-library/4.6"
"C:\Program Files\R\R-4.6.1\bin\Rscript.exe","data.table","1.18.6.1","R 4.6.1; x86_64-w64-mingw32; 2026-09-09 00:54:07 UTC; windows","C:/Users/PPCCpcpc/AppData/Local/R/win-library/4.6"
"C:\Program Files\R\R-4.6.1\bin\Rscript.exe","dbplyr","2.6.0","R 4.6.1; ; 2026-09-09 04:12:08 UTC; windows","C:/Users/PPCCpcpc/AppData/Local/R/win-library/4.6"
"C:\Program Files\R\R-4.6.1\bin\Rscript.exe","depmixS4","1.5-4","R 4.6.1; x86_64-w64-mingw32; 2026-09-09 03:01:50 UTC; windows","C:/Users/PPCCpcpc/AppData/Local/R/win-library/4.6"
"C:\Program Files\R\R-4.6.1\bin\Rscript.exe","desc","1.4.3","R 4.6.1; ; 2026-09-09 01:55:57 UTC; windows","C:/Users/PPCCpcpc/AppData/Local/R/win-library/4.6"
"C:\Program Files\R\R-4.6.1\bin\Rscript.exe","diagram","1.6.5","R 4.6.1; ; 2026-08-19 11:47:59 UTC; windows","C:/Users/PPCCpcpc/AppData/Local/R/win-library/4.6"
"C:\Program Files\R\R-4.6.1\bin\Rscript.exe","dials","1.4.4","R 4.6.1; ; 2026-09-09 03:21:47 UTC; windows","C:/Users/PPCCpcpc/AppData/Local/R/win-library/4.6"
"C:\Program Files\R\R-4.6.1\bin\Rscript.exe","diffobj","0.3.9","R 4.6.1; x86_64-w64-mingw32; 2026-09-15 21:05:06 UTC; windows","C:/Users/PPCCpcpc/AppData/Local/R/win-library/4.6"
"C:\Program Files\R\R-4.6.1\bin\Rscript.exe","digest","0.6.39","R 4.6.1; x86_64-w64-mingw32; 2026-09-09 00:54:04 UTC; windows","C:/Users/PPCCpcpc/AppData/Local/R/win-library/4.6"
"C:\Program Files\R\R-4.6.1\bin\Rscript.exe","distributional","0.9.0","R 4.6.1; ; 2026-09-09 02:41:28 UTC; windows","C:/Users/PPCCpcpc/AppData/Local/R/win-library/4.6"
"C:\Program Files\R\R-4.6.1\bin\Rscript.exe","doBy","4.7.2","R 4.6.1; ; 2026-09-09 04:49:26 UTC; windows","C:/Users/PPCCpcpc/AppData/Local/R/win-library/4.6"
"C:\Program Files\R\R-4.6.1\bin\Rscript.exe","doFuture","1.3.0","R 4.6.1; ; 2026-09-09 02:22:52 UTC; windows","C:/Users/PPCCpcpc/AppData/Local/R/win-library/4.6"
"C:\Program Files\R\R-4.6.1\bin\Rscript.exe","dplyr","1.2.1","R 4.6.1; x86_64-w64-mingw32; 2026-09-02 04:00:08 UTC; windows","C:/Users/PPCCpcpc/AppData/Local/R/win-library/4.6"
"C:\Program Files\R\R-4.6.1\bin\Rscript.exe","dtplyr","1.3.3","R 4.6.1; ; 2026-09-09 03:20:19 UTC; windows","C:/Users/PPCCpcpc/AppData/Local/R/win-library/4.6"
"C:\Program Files\R\R-4.6.1\bin\Rscript.exe","duckdb","1.5.5","R 4.6.1; x86_64-w64-mingw32; 2026-09-09 00:57:22 UTC; windows","C:/Users/PPCCpcpc/AppData/Local/R/win-library/4.6"
"C:\Program Files\R\R-4.6.1\bin\Rscript.exe","evaluate","1.0.5","R 4.6.1; ; 2026-09-09 00:54:28 UTC; windows","C:/Users/PPCCpcpc/AppData/Local/R/win-library/4.6"
"C:\Program Files\R\R-4.6.1\bin\Rscript.exe","exactRankTests","0.8-37","R 4.6.1; x86_64-w64-mingw32; 2026-09-09 00:59:44 UTC; windows","C:/Users/PPCCpcpc/AppData/Local/R/win-library/4.6"
"C:\Program Files\R\R-4.6.1\bin\Rscript.exe","fable","0.5.0","R 4.6.1; x86_64-w64-mingw32; 2026-09-09 03:47:10 UTC; windows","C:/Users/PPCCpcpc/AppData/Local/R/win-library/4.6"
"C:\Program Files\R\R-4.6.1\bin\Rscript.exe","fabletools","0.8.0","R 4.6.1; ; 2026-09-09 03:42:39 UTC; windows","C:/Users/PPCCpcpc/AppData/Local/R/win-library/4.6"
"C:\Program Files\R\R-4.6.1\bin\Rscript.exe","farver","2.1.2","R 4.6.1; x86_64-w64-mingw32; 2026-09-09 00:54:02 UTC; windows","C:/Users/PPCCpcpc/AppData/Local/R/win-library/4.6"
"C:\Program Files\R\R-4.6.1\bin\Rscript.exe","fastmap","1.2.0","R 4.6.1; x86_64-w64-mingw32; 2026-09-09 00:54:02 UTC; windows","C:/Users/PPCCpcpc/AppData/Local/R/win-library/4.6"
"C:\Program Files\R\R-4.6.1\bin\Rscript.exe","flextable","0.10.1","R 4.6.1; ; 2026-09-15 21:06:58 UTC; windows","C:/Users/PPCCpcpc/AppData/Local/R/win-library/4.6"
"C:\Program Files\R\R-4.6.1\bin\Rscript.exe","fontBitstreamVera","0.1.1","R 4.6.1; ; 2026-08-19 11:48:50 UTC; windows","C:/Users/PPCCpcpc/AppData/Local/R/win-library/4.6"
"C:\Program Files\R\R-4.6.1\bin\Rscript.exe","fontLiberation","0.1.0","R 4.6.1; ; 2026-08-19 11:48:51 UTC; windows","C:/Users/PPCCpcpc/AppData/Local/R/win-library/4.6"
"C:\Program Files\R\R-4.6.1\bin\Rscript.exe","fontawesome","0.5.3","R 4.6.1; ; 2026-09-09 02:20:49 UTC; windows","C:/Users/PPCCpcpc/AppData/Local/R/win-library/4.6"
"C:\Program Files\R\R-4.6.1\bin\Rscript.exe","fontquiver","0.2.1","R 4.6.1; ; 2026-09-09 00:55:27 UTC; windows","C:/Users/PPCCpcpc/AppData/Local/R/win-library/4.6"
"C:\Program Files\R\R-4.6.1\bin\Rscript.exe","forcats","1.0.1","R 4.6.1; ; 2026-09-09 03:20:06 UTC; windows","C:/Users/PPCCpcpc/AppData/Local/R/win-library/4.6"
"C:\Program Files\R\R-4.6.1\bin\Rscript.exe","foreach","1.5.2","R 4.6.1; ; 2026-09-09 01:55:55 UTC; windows","C:/Users/PPCCpcpc/AppData/Local/R/win-library/4.6"
"C:\Program Files\R\R-4.6.1\bin\Rscript.exe","forecast","9.0.2","R 4.6.1; x86_64-w64-mingw32; 2026-09-09 03:03:40 UTC; windows","C:/Users/PPCCpcpc/AppData/Local/R/win-library/4.6"
"C:\Program Files\R\R-4.6.1\bin\Rscript.exe","fracdiff","1.5-4","R 4.6.1; x86_64-w64-mingw32; 2026-09-09 00:54:02 UTC; windows","C:/Users/PPCCpcpc/AppData/Local/R/win-library/4.6"
"C:\Program Files\R\R-4.6.1\bin\Rscript.exe","fs","2.1.0","R 4.6.1; x86_64-w64-mingw32; 2026-09-09 00:54:04 UTC; windows","C:/Users/PPCCpcpc/AppData/Local/R/win-library/4.6"
"C:\Program Files\R\R-4.6.1\bin\Rscript.exe","fst","0.9.8","R 4.6.1; x86_64-w64-mingw32; 2026-09-09 01:56:13 UTC; windows","C:/Users/PPCCpcpc/AppData/Local/R/win-library/4.6"
"C:\Program Files\R\R-4.6.1\bin\Rscript.exe","fstcore","0.10.0","R 4.6.1; x86_64-w64-mingw32; 2026-09-09 00:56:03 UTC; windows","C:/Users/PPCCpcpc/AppData/Local/R/win-library/4.6"
"C:\Program Files\R\R-4.6.1\bin\Rscript.exe","furrr","0.4.0","R 4.6.1; ; 2026-09-09 02:40:34 UTC; windows","C:/Users/PPCCpcpc/AppData/Local/R/win-library/4.6"
"C:\Program Files\R\R-4.6.1\bin\Rscript.exe","future","1.75.0","R 4.6.1; ; 2026-09-09 01:55:59 UTC; windows","C:/Users/PPCCpcpc/AppData/Local/R/win-library/4.6"
"C:\Program Files\R\R-4.6.1\bin\Rscript.exe","future.apply","1.20.2","R 4.6.1; ; 2026-09-09 02:21:02 UTC; windows","C:/Users/PPCCpcpc/AppData/Local/R/win-library/4.6"
"C:\Program Files\R\R-4.6.1\bin\Rscript.exe","gargle","1.6.1","R 4.6.1; ; 2026-09-09 03:03:57 UTC; windows","C:/Users/PPCCpcpc/AppData/Local/R/win-library/4.6"
"C:\Program Files\R\R-4.6.1\bin\Rscript.exe","gdtools","0.5.1","R 4.6.1; x86_64-w64-mingw32; 2026-09-09 02:40:44 UTC; windows","C:/Users/PPCCpcpc/AppData/Local/R/win-library/4.6"
"C:\Program Files\R\R-4.6.1\bin\Rscript.exe","generics","0.1.4","R 4.6.1; ; 2026-09-09 00:54:01 UTC; windows","C:/Users/PPCCpcpc/AppData/Local/R/win-library/4.6"
"C:\Program Files\R\R-4.6.1\bin\Rscript.exe","ggdist","3.3.3","R 4.6.1; x86_64-w64-mingw32; 2026-09-09 03:04:59 UTC; windows","C:/Users/PPCCpcpc/AppData/Local/R/win-library/4.6"
"C:\Program Files\R\R-4.6.1\bin\Rscript.exe","ggfittext","0.10.4","R 4.6.1; ; 2026-09-09 03:05:24 UTC; windows","C:/Users/PPCCpcpc/AppData/Local/R/win-library/4.6"
"C:\Program Files\R\R-4.6.1\bin\Rscript.exe","gggenes","0.7.0","R 4.6.1; ; 2026-09-09 03:07:51 UTC; windows","C:/Users/PPCCpcpc/AppData/Local/R/win-library/4.6"
"C:\Program Files\R\R-4.6.1\bin\Rscript.exe","ggiraph","0.9.6","R 4.6.1; x86_64-w64-mingw32; 2026-09-09 03:20:24 UTC; windows","C:/Users/PPCCpcpc/AppData/Local/R/win-library/4.6"
"C:\Program Files\R\R-4.6.1\bin\Rscript.exe","ggplot2","4.0.3","R 4.6.1; ; 2026-09-09 02:40:25 UTC; windows","C:/Users/PPCCpcpc/AppData/Local/R/win-library/4.6"
"C:\Program Files\R\R-4.6.1\bin\Rscript.exe","ggpubr","1.0.0","R 4.6.1; ; 2026-09-09 04:56:39 UTC; windows","C:/Users/PPCCpcpc/AppData/Local/R/win-library/4.6"
"C:\Program Files\R\R-4.6.1\bin\Rscript.exe","ggrepel","0.9.8","R 4.6.1; x86_64-w64-mingw32; 2026-09-09 03:03:57 UTC; windows","C:/Users/PPCCpcpc/AppData/Local/R/win-library/4.6"
"C:\Program Files\R\R-4.6.1\bin\Rscript.exe","ggsci","5.2.0","R 4.6.1; ; 2026-09-09 03:03:58 UTC; windows","C:/Users/PPCCpcpc/AppData/Local/R/win-library/4.6"
"C:\Program Files\R\R-4.6.1\bin\Rscript.exe","ggsignif","0.6.4","R 4.6.1; ; 2026-09-09 03:03:58 UTC; windows","C:/Users/PPCCpcpc/AppData/Local/R/win-library/4.6"
"C:\Program Files\R\R-4.6.1\bin\Rscript.exe","ggtext","0.2.0","R 4.6.1; ; 2026-09-09 03:05:27 UTC; windows","C:/Users/PPCCpcpc/AppData/Local/R/win-library/4.6"
"C:\Program Files\R\R-4.6.1\bin\Rscript.exe","glmnet","5.0","R 4.6.1; x86_64-w64-mingw32; 2026-09-02 03:15:13 UTC; windows","C:/Users/PPCCpcpc/AppData/Local/R/win-library/4.6"
"C:\Program Files\R\R-4.6.1\bin\Rscript.exe","globals","0.19.1","R 4.6.1; ; 2026-08-19 12:58:27 UTC; windows","C:/Users/PPCCpcpc/AppData/Local/R/win-library/4.6"
"C:\Program Files\R\R-4.6.1\bin\Rscript.exe","glue","1.8.1","R 4.6.1; x86_64-w64-mingw32; 2026-09-09 00:54:02 UTC; windows","C:/Users/PPCCpcpc/AppData/Local/R/win-library/4.6"
"C:\Program Files\R\R-4.6.1\bin\Rscript.exe","googledrive","2.1.2","R 4.6.1; ; 2026-09-09 03:20:20 UTC; windows","C:/Users/PPCCpcpc/AppData/Local/R/win-library/4.6"
"C:\Program Files\R\R-4.6.1\bin\Rscript.exe","googlesheets4","1.1.2","R 4.6.1; ; 2026-09-09 03:39:22 UTC; windows","C:/Users/PPCCpcpc/AppData/Local/R/win-library/4.6"
"C:\Program Files\R\R-4.6.1\bin\Rscript.exe","gower","1.0.2","R 4.6.1; x86_64-w64-mingw32; 2026-08-19 11:47:57 UTC; windows","C:/Users/PPCCpcpc/AppData/Local/R/win-library/4.6"
"C:\Program Files\R\R-4.6.1\bin\Rscript.exe","grf","2.6.1","R 4.6.1; x86_64-w64-mingw32; 2026-09-09 02:24:27 UTC; windows","C:/Users/PPCCpcpc/AppData/Local/R/win-library/4.6"
"C:\Program Files\R\R-4.6.1\bin\Rscript.exe","gridExtra","2.3.1","R 4.6.1; ; 2026-09-09 02:40:22 UTC; windows","C:/Users/PPCCpcpc/AppData/Local/R/win-library/4.6"
"C:\Program Files\R\R-4.6.1\bin\Rscript.exe","gridtext","0.1.6","R 4.6.1; x86_64-w64-mingw32; 2026-09-09 02:41:34 UTC; windows","C:/Users/PPCCpcpc/AppData/Local/R/win-library/4.6"
"C:\Program Files\R\R-4.6.1\bin\Rscript.exe","gt","1.3.0","R 4.6.1; ; 2026-09-09 03:21:52 UTC; windows","C:/Users/PPCCpcpc/AppData/Local/R/win-library/4.6"
"C:\Program Files\R\R-4.6.1\bin\Rscript.exe","gtable","0.3.6","R 4.6.1; ; 2026-09-09 02:20:45 UTC; windows","C:/Users/PPCCpcpc/AppData/Local/R/win-library/4.6"
"C:\Program Files\R\R-4.6.1\bin\Rscript.exe","gtsummary","2.6.1","R 4.6.1; ; 2026-09-09 04:39:52 UTC; windows","C:/Users/PPCCpcpc/AppData/Local/R/win-library/4.6"
"C:\Program Files\R\R-4.6.1\bin\Rscript.exe","hardhat","1.4.3","R 4.6.1; ; 2026-09-09 03:20:12 UTC; windows","C:/Users/PPCCpcpc/AppData/Local/R/win-library/4.6"
"C:\Program Files\R\R-4.6.1\bin\Rscript.exe","haven","2.5.5","R 4.6.1; x86_64-w64-mingw32; 2026-09-09 04:12:04 UTC; windows","C:/Users/PPCCpcpc/AppData/Local/R/win-library/4.6"
"C:\Program Files\R\R-4.6.1\bin\Rscript.exe","here","1.0.2","R 4.6.1; ; 2026-09-09 01:55:56 UTC; windows","C:/Users/PPCCpcpc/AppData/Local/R/win-library/4.6"
"C:\Program Files\R\R-4.6.1\bin\Rscript.exe","highr","0.12","R 4.6.1; ; 2026-09-09 01:55:56 UTC; windows","C:/Users/PPCCpcpc/AppData/Local/R/win-library/4.6"
"C:\Program Files\R\R-4.6.1\bin\Rscript.exe","hms","1.1.4","R 4.6.1; ; 2026-09-09 02:20:54 UTC; windows","C:/Users/PPCCpcpc/AppData/Local/R/win-library/4.6"
"C:\Program Files\R\R-4.6.1\bin\Rscript.exe","htmltools","0.5.9","R 4.6.1; x86_64-w64-mingw32; 2026-09-09 01:55:56 UTC; windows","C:/Users/PPCCpcpc/AppData/Local/R/win-library/4.6"
"C:\Program Files\R\R-4.6.1\bin\Rscript.exe","htmlwidgets","1.6.4","R 4.6.1; ; 2026-09-09 03:20:06 UTC; windows","C:/Users/PPCCpcpc/AppData/Local/R/win-library/4.6"
"C:\Program Files\R\R-4.6.1\bin\Rscript.exe","httpuv","1.6.17","R 4.6.1; x86_64-w64-mingw32; 2026-09-09 02:40:24 UTC; windows","C:/Users/PPCCpcpc/AppData/Local/R/win-library/4.6"
"C:\Program Files\R\R-4.6.1\bin\Rscript.exe","httr","1.4.9","R 4.6.1; ; 2026-09-09 02:40:25 UTC; windows","C:/Users/PPCCpcpc/AppData/Local/R/win-library/4.6"
"C:\Program Files\R\R-4.6.1\bin\Rscript.exe","httr2","1.3.0","R 4.6.1; ; 2026-09-09 02:40:27 UTC; windows","C:/Users/PPCCpcpc/AppData/Local/R/win-library/4.6"
"C:\Program Files\R\R-4.6.1\bin\Rscript.exe","iBreakDown","2.1.2","R 4.6.1; ; 2026-09-09 02:41:33 UTC; windows","C:/Users/PPCCpcpc/AppData/Local/R/win-library/4.6"
"C:\Program Files\R\R-4.6.1\bin\Rscript.exe","ids","1.0.1","R 4.6.1; ; 2026-09-09 02:40:33 UTC; windows","C:/Users/PPCCpcpc/AppData/Local/R/win-library/4.6"
"C:\Program Files\R\R-4.6.1\bin\Rscript.exe","igraph","2.3.3","R 4.6.1; x86_64-w64-mingw32; 2026-09-09 02:21:13 UTC; windows","C:/Users/PPCCpcpc/AppData/Local/R/win-library/4.6"
"C:\Program Files\R\R-4.6.1\bin\Rscript.exe","iml","0.11.4","R 4.6.1; ; 2026-09-09 02:44:46 UTC; windows","C:/Users/PPCCpcpc/AppData/Local/R/win-library/4.6"
"C:\Program Files\R\R-4.6.1\bin\Rscript.exe","infer","1.1.0","R 4.6.1; ; 2026-09-09 04:14:20 UTC; windows","C:/Users/PPCCpcpc/AppData/Local/R/win-library/4.6"
"C:\Program Files\R\R-4.6.1\bin\Rscript.exe","ingredients","2.3.0","R 4.6.1; ; 2026-09-09 02:41:33 UTC; windows","C:/Users/PPCCpcpc/AppData/Local/R/win-library/4.6"
"C:\Program Files\R\R-4.6.1\bin\Rscript.exe","ipred","0.9-16","R 4.6.1; x86_64-w64-mingw32; 2026-09-09 03:20:12 UTC; windows","C:/Users/PPCCpcpc/AppData/Local/R/win-library/4.6"
"C:\Program Files\R\R-4.6.1\bin\Rscript.exe","isoband","0.3.0","R 4.6.1; x86_64-w64-mingw32; 2026-09-09 01:55:54 UTC; windows","C:/Users/PPCCpcpc/AppData/Local/R/win-library/4.6"
"C:\Program Files\R\R-4.6.1\bin\Rscript.exe","iterators","1.0.14","R 4.6.1; ; 2026-09-09 00:54:05 UTC; windows","C:/Users/PPCCpcpc/AppData/Local/R/win-library/4.6"
"C:\Program Files\R\R-4.6.1\bin\Rscript.exe","janitor","2.2.1","R 4.6.1; ; 2026-09-09 04:13:02 UTC; windows","C:/Users/PPCCpcpc/AppData/Local/R/win-library/4.6"
"C:\Program Files\R\R-4.6.1\bin\Rscript.exe","jose","2.0.0","R 4.6.1; ; 2026-09-09 02:23:23 UTC; windows","C:/Users/PPCCpcpc/AppData/Local/R/win-library/4.6"
"C:\Program Files\R\R-4.6.1\bin\Rscript.exe","jpeg","0.1-11","R 4.6.1; x86_64-w64-mingw32; 2026-08-19 11:47:28 UTC; windows","C:/Users/PPCCpcpc/AppData/Local/R/win-library/4.6"
"C:\Program Files\R\R-4.6.1\bin\Rscript.exe","jquerylib","0.1.4","R 4.6.1; ; 2026-09-09 02:20:47 UTC; windows","C:/Users/PPCCpcpc/AppData/Local/R/win-library/4.6"
"C:\Program Files\R\R-4.6.1\bin\Rscript.exe","jsonlite","2.0.0","R 4.6.1; x86_64-w64-mingw32; 2026-09-09 00:54:04 UTC; windows","C:/Users/PPCCpcpc/AppData/Local/R/win-library/4.6"
"C:\Program Files\R\R-4.6.1\bin\Rscript.exe","juicyjuice","0.1.0","R 4.6.1; ; 2026-09-09 00:57:50 UTC; windows","C:/Users/PPCCpcpc/AppData/Local/R/win-library/4.6"
"C:\Program Files\R\R-4.6.1\bin\Rscript.exe","kernelshap","0.9.1","R 4.6.1; ; 2026-09-09 02:23:00 UTC; windows","C:/Users/PPCCpcpc/AppData/Local/R/win-library/4.6"
"C:\Program Files\R\R-4.6.1\bin\Rscript.exe","kernlab","0.9-33","R 4.6.1; x86_64-w64-mingw32; 2026-08-19 11:46:09 UTC; windows","C:/Users/PPCCpcpc/AppData/Local/R/win-library/4.6"
"C:\Program Files\R\R-4.6.1\bin\Rscript.exe","knitr","1.52","R 4.6.1; ; 2026-09-09 02:20:57 UTC; windows","C:/Users/PPCCpcpc/AppData/Local/R/win-library/4.6"
"C:\Program Files\R\R-4.6.1\bin\Rscript.exe","ks","1.15.3","R 4.6.1; x86_64-w64-mingw32; 2026-09-09 02:40:29 UTC; windows","C:/Users/PPCCpcpc/AppData/Local/R/win-library/4.6"
"C:\Program Files\R\R-4.6.1\bin\Rscript.exe","labeling","0.4.3","R 4.6.1; ; 2026-08-19 11:46:07 UTC; windows","C:/Users/PPCCpcpc/AppData/Local/R/win-library/4.6"
"C:\Program Files\R\R-4.6.1\bin\Rscript.exe","later","1.4.8","R 4.6.1; x86_64-w64-mingw32; 2026-09-09 01:55:53 UTC; windows","C:/Users/PPCCpcpc/AppData/Local/R/win-library/4.6"
"C:\Program Files\R\R-4.6.1\bin\Rscript.exe","lava","1.9.3","R 4.6.1; ; 2026-09-09 02:40:30 UTC; windows","C:/Users/PPCCpcpc/AppData/Local/R/win-library/4.6"
"C:\Program Files\R\R-4.6.1\bin\Rscript.exe","lazyeval","0.2.3","R 4.6.1; x86_64-w64-mingw32; 2026-09-09 01:55:57 UTC; windows","C:/Users/PPCCpcpc/AppData/Local/R/win-library/4.6"
"C:\Program Files\R\R-4.6.1\bin\Rscript.exe","lbfgs","1.2.1.2","R 4.6.1; x86_64-w64-mingw32; 2026-09-09 00:57:48 UTC; windows","C:/Users/PPCCpcpc/AppData/Local/R/win-library/4.6"
"C:\Program Files\R\R-4.6.1\bin\Rscript.exe","lifecycle","1.0.5","R 4.6.1; ; 2026-09-09 01:55:53 UTC; windows","C:/Users/PPCCpcpc/AppData/Local/R/win-library/4.6"
"C:\Program Files\R\R-4.6.1\bin\Rscript.exe","lightgbm","4.7.0","R 4.6.1; x86_64-w64-mingw32; 2026-09-09 01:57:50 UTC; windows","C:/Users/PPCCpcpc/AppData/Local/R/win-library/4.6"
"C:\Program Files\R\R-4.6.1\bin\Rscript.exe","lintr","3.4.0","R 4.6.1; ; 2026-09-09 02:27:06 UTC; windows","C:/Users/PPCCpcpc/AppData/Local/R/win-library/4.6"
"C:\Program Files\R\R-4.6.1\bin\Rscript.exe","listenv","1.0.0","R 4.6.1; ; 2026-09-09 00:54:41 UTC; windows","C:/Users/PPCCpcpc/AppData/Local/R/win-library/4.6"
"C:\Program Files\R\R-4.6.1\bin\Rscript.exe","litedown","0.11","R 4.6.1; ; 2026-09-09 00:56:37 UTC; windows","C:/Users/PPCCpcpc/AppData/Local/R/win-library/4.6"
"C:\Program Files\R\R-4.6.1\bin\Rscript.exe","lme4","2.0-6","R 4.6.1; x86_64-w64-mingw32; 2026-09-09 02:40:21 UTC; windows","C:/Users/PPCCpcpc/AppData/Local/R/win-library/4.6"
"C:\Program Files\R\R-4.6.1\bin\Rscript.exe","lmtest","0.9-40","R 4.6.1; x86_64-w64-mingw32; 2026-09-09 02:20:47 UTC; windows","C:/Users/PPCCpcpc/AppData/Local/R/win-library/4.6"
"C:\Program Files\R\R-4.6.1\bin\Rscript.exe","logger","0.4.3","R 4.6.1; ; 2026-09-09 00:54:38 UTC; windows","C:/Users/PPCCpcpc/AppData/Local/R/win-library/4.6"
"C:\Program Files\R\R-4.6.1\bin\Rscript.exe","lubridate","1.9.5","R 4.6.1; x86_64-w64-mingw32; 2026-09-02 02:52:33 UTC; windows","C:/Users/PPCCpcpc/AppData/Local/R/win-library/4.6"
"C:\Program Files\R\R-4.6.1\bin\Rscript.exe","magrittr","2.0.5","R 4.6.1; x86_64-w64-mingw32; 2026-09-09 00:54:02 UTC; windows","C:/Users/PPCCpcpc/AppData/Local/R/win-library/4.6"
"C:\Program Files\R\R-4.6.1\bin\Rscript.exe","markdown","2.0","R 4.6.1; ; 2026-09-09 01:56:24 UTC; windows","C:/Users/PPCCpcpc/AppData/Local/R/win-library/4.6"
"C:\Program Files\R\R-4.6.1\bin\Rscript.exe","maxstat","0.7-26","R 4.6.1; x86_64-w64-mingw32; 2026-09-09 01:57:26 UTC; windows","C:/Users/PPCCpcpc/AppData/Local/R/win-library/4.6"
"C:\Program Files\R\R-4.6.1\bin\Rscript.exe","mclust","6.1.3","R 4.6.1; x86_64-w64-mingw32; 2026-09-09 00:54:39 UTC; windows","C:/Users/PPCCpcpc/AppData/Local/R/win-library/4.6"
"C:\Program Files\R\R-4.6.1\bin\Rscript.exe","memoise","2.0.1","R 4.6.1; ; 2026-09-09 02:20:48 UTC; windows","C:/Users/PPCCpcpc/AppData/Local/R/win-library/4.6"
"C:\Program Files\R\R-4.6.1\bin\Rscript.exe","mime","0.13","R 4.6.1; x86_64-w64-mingw32; 2026-08-19 11:46:07 UTC; windows","C:/Users/PPCCpcpc/AppData/Local/R/win-library/4.6"
"C:\Program Files\R\R-4.6.1\bin\Rscript.exe","minqa","1.2.8","R 4.6.1; x86_64-w64-mingw32; 2026-09-09 01:55:53 UTC; windows","C:/Users/PPCCpcpc/AppData/Local/R/win-library/4.6"
"C:\Program Files\R\R-4.6.1\bin\Rscript.exe","mixopt","0.1.3","R 4.6.1; ; 2026-09-09 03:21:47 UTC; windows","C:/Users/PPCCpcpc/AppData/Local/R/win-library/4.6"
"C:\Program Files\R\R-4.6.1\bin\Rscript.exe","modeldata","1.6.0","R 4.6.1; ; 2026-09-09 03:21:51 UTC; windows","C:/Users/PPCCpcpc/AppData/Local/R/win-library/4.6"
"C:\Program Files\R\R-4.6.1\bin\Rscript.exe","modelenv","0.2.0","R 4.6.1; ; 2026-09-09 03:05:17 UTC; windows","C:/Users/PPCCpcpc/AppData/Local/R/win-library/4.6"
"C:\Program Files\R\R-4.6.1\bin\Rscript.exe","modelr","0.1.11","R 4.6.1; ; 2026-09-09 04:38:15 UTC; windows","C:/Users/PPCCpcpc/AppData/Local/R/win-library/4.6"
"C:\Program Files\R\R-4.6.1\bin\Rscript.exe","multicool","1.0.1","R 4.6.1; x86_64-w64-mingw32; 2026-09-09 01:55:56 UTC; windows","C:/Users/PPCCpcpc/AppData/Local/R/win-library/4.6"
"C:\Program Files\R\R-4.6.1\bin\Rscript.exe","mvtnorm","1.4-2","R 4.6.1; x86_64-w64-mingw32; 2026-09-09 00:54:39 UTC; windows","C:/Users/PPCCpcpc/AppData/Local/R/win-library/4.6"
"C:\Program Files\R\R-4.6.1\bin\Rscript.exe","nanoparquet","0.5.1","R 4.6.1; x86_64-w64-mingw32; 2026-09-09 01:00:12 UTC; windows","C:/Users/PPCCpcpc/AppData/Local/R/win-library/4.6"
"C:\Program Files\R\R-4.6.1\bin\Rscript.exe","nloptr","2.2.1","R 4.6.1; x86_64-w64-mingw32; 2026-09-09 00:54:01 UTC; windows","C:/Users/PPCCpcpc/AppData/Local/R/win-library/4.6"
"C:\Program Files\R\R-4.6.1\bin\Rscript.exe","numDeriv","2016.8-1.1","R 4.6.1; ; 2026-08-19 11:46:08 UTC; windows","C:/Users/PPCCpcpc/AppData/Local/R/win-library/4.6"
"C:\Program Files\R\R-4.6.1\bin\Rscript.exe","odbc","1.7.0","R 4.6.1; x86_64-w64-mingw32; 2026-09-09 02:25:54 UTC; windows","C:/Users/PPCCpcpc/AppData/Local/R/win-library/4.6"
"C:\Program Files\R\R-4.6.1\bin\Rscript.exe","officer","0.7.6","R 4.6.1; ; 2026-09-09 04:12:43 UTC; windows","C:/Users/PPCCpcpc/AppData/Local/R/win-library/4.6"
"C:\Program Files\R\R-4.6.1\bin\Rscript.exe","openssl","2.4.2","R 4.6.1; x86_64-w64-mingw32; 2026-09-09 02:21:03 UTC; windows","C:/Users/PPCCpcpc/AppData/Local/R/win-library/4.6"
"C:\Program Files\R\R-4.6.1\bin\Rscript.exe","otel","0.2.0","R 4.6.1; ; 2026-09-09 00:54:04 UTC; windows","C:/Users/PPCCpcpc/AppData/Local/R/win-library/4.6"
"C:\Program Files\R\R-4.6.1\bin\Rscript.exe","packrat","0.9.3","R 4.6.1; ; 2026-09-09 01:17:54 UTC; windows","C:/Users/PPCCpcpc/AppData/Local/R/win-library/4.6"
"C:\Program Files\R\R-4.6.1\bin\Rscript.exe","pak","0.11.1","R 4.6.1; x86_64-w64-mingw32; 2026-07-22 17:19:03 UTC; windows","C:/Users/PPCCpcpc/AppData/Local/R/win-library/4.6"
"C:\Program Files\R\R-4.6.1\bin\Rscript.exe","parallelly","1.48.0","R 4.6.1; x86_64-w64-mingw32; 2026-09-09 00:54:41 UTC; windows","C:/Users/PPCCpcpc/AppData/Local/R/win-library/4.6"
"C:\Program Files\R\R-4.6.1\bin\Rscript.exe","parsnip","1.6.0","R 4.6.1; ; 2026-09-09 04:14:12 UTC; windows","C:/Users/PPCCpcpc/AppData/Local/R/win-library/4.6"
"C:\Program Files\R\R-4.6.1\bin\Rscript.exe","patchwork","1.3.2","R 4.6.1; ; 2026-09-09 03:03:58 UTC; windows","C:/Users/PPCCpcpc/AppData/Local/R/win-library/4.6"
"C:\Program Files\R\R-4.6.1\bin\Rscript.exe","pbkrtest","0.5.5","R 4.6.1; ; 2026-09-09 04:52:36 UTC; windows","C:/Users/PPCCpcpc/AppData/Local/R/win-library/4.6"
"C:\Program Files\R\R-4.6.1\bin\Rscript.exe","pdp","0.8.3","R 4.6.1; x86_64-w64-mingw32; 2026-09-09 02:45:50 UTC; windows","C:/Users/PPCCpcpc/AppData/Local/R/win-library/4.6"
"C:\Program Files\R\R-4.6.1\bin\Rscript.exe","pillar","1.11.1","R 4.6.1; ; 2026-09-09 02:40:23 UTC; windows","C:/Users/PPCCpcpc/AppData/Local/R/win-library/4.6"
"C:\Program Files\R\R-4.6.1\bin\Rscript.exe","pkgbuild","1.4.8","R 4.6.1; ; 2026-09-09 02:40:26 UTC; windows","C:/Users/PPCCpcpc/AppData/Local/R/win-library/4.6"
"C:\Program Files\R\R-4.6.1\bin\Rscript.exe","pkgconfig","2.0.3","R 4.6.1; ; 2026-09-09 00:54:02 UTC; windows","C:/Users/PPCCpcpc/AppData/Local/R/win-library/4.6"
"C:\Program Files\R\R-4.6.1\bin\Rscript.exe","pkgload","1.5.3","R 4.6.1; ; 2026-09-09 03:03:44 UTC; windows","C:/Users/PPCCpcpc/AppData/Local/R/win-library/4.6"
"C:\Program Files\R\R-4.6.1\bin\Rscript.exe","plotly","4.12.1","R 4.6.1; ; 2026-09-09 04:12:12 UTC; windows","C:/Users/PPCCpcpc/AppData/Local/R/win-library/4.6"
"C:\Program Files\R\R-4.6.1\bin\Rscript.exe","png","0.1-9","R 4.6.1; x86_64-w64-mingw32; 2026-08-19 11:46:52 UTC; windows","C:/Users/PPCCpcpc/AppData/Local/R/win-library/4.6"
"C:\Program Files\R\R-4.6.1\bin\Rscript.exe","polynom","1.4-1","R 4.6.1; ; 2026-09-09 00:55:03 UTC; windows","C:/Users/PPCCpcpc/AppData/Local/R/win-library/4.6"
"C:\Program Files\R\R-4.6.1\bin\Rscript.exe","pool","1.0.5","R 4.6.1; ; 2026-09-09 02:02:00 UTC; windows","C:/Users/PPCCpcpc/AppData/Local/R/win-library/4.6"
"C:\Program Files\R\R-4.6.1\bin\Rscript.exe","pracma","2.4.6","R 4.6.1; ; 2026-09-09 00:54:41 UTC; windows","C:/Users/PPCCpcpc/AppData/Local/R/win-library/4.6"
"C:\Program Files\R\R-4.6.1\bin\Rscript.exe","praise","1.0.0","R 4.6.1; ; 2026-09-09 00:54:38 UTC; windows","C:/Users/PPCCpcpc/AppData/Local/R/win-library/4.6"
"C:\Program Files\R\R-4.6.1\bin\Rscript.exe","prettyunits","1.2.0","R 4.6.1; ; 2026-09-09 00:54:20 UTC; windows","C:/Users/PPCCpcpc/AppData/Local/R/win-library/4.6"
"C:\Program Files\R\R-4.6.1\bin\Rscript.exe","processx","3.9.0","R 4.6.1; x86_64-w64-mingw32; 2026-09-09 01:55:58 UTC; windows","C:/Users/PPCCpcpc/AppData/Local/R/win-library/4.6"
"C:\Program Files\R\R-4.6.1\bin\Rscript.exe","prodlim","2026.03.11","R 4.6.1; x86_64-w64-mingw32; 2026-09-09 03:03:47 UTC; windows","C:/Users/PPCCpcpc/AppData/Local/R/win-library/4.6"
"C:\Program Files\R\R-4.6.1\bin\Rscript.exe","profmem","0.7.0","R 4.6.1; ; 2026-09-09 01:02:35 UTC; windows","C:/Users/PPCCpcpc/AppData/Local/R/win-library/4.6"
"C:\Program Files\R\R-4.6.1\bin\Rscript.exe","profvis","0.4.0","R 4.6.1; x86_64-w64-mingw32; 2026-09-09 03:39:21 UTC; windows","C:/Users/PPCCpcpc/AppData/Local/R/win-library/4.6"
"C:\Program Files\R\R-4.6.1\bin\Rscript.exe","progressr","1.0.0","R 4.6.1; ; 2026-09-09 00:54:41 UTC; windows","C:/Users/PPCCpcpc/AppData/Local/R/win-library/4.6"
"C:\Program Files\R\R-4.6.1\bin\Rscript.exe","promises","1.5.0","R 4.6.1; ; 2026-09-09 02:20:50 UTC; windows","C:/Users/PPCCpcpc/AppData/Local/R/win-library/4.6"
"C:\Program Files\R\R-4.6.1\bin\Rscript.exe","ps","1.9.3","R 4.6.1; x86_64-w64-mingw32; 2026-09-09 00:54:50 UTC; windows","C:/Users/PPCCpcpc/AppData/Local/R/win-library/4.6"
"C:\Program Files\R\R-4.6.1\bin\Rscript.exe","purrr","1.2.2","R 4.6.1; x86_64-w64-mingw32; 2026-09-02 03:15:05 UTC; windows","C:/Users/PPCCpcpc/AppData/Local/R/win-library/4.6"
"C:\Program Files\R\R-4.6.1\bin\Rscript.exe","qs2","0.3.1","R 4.6.1; x86_64-w64-mingw32; 2026-09-09 02:22:01 UTC; windows","C:/Users/PPCCpcpc/AppData/Local/R/win-library/4.6"
"C:\Program Files\R\R-4.6.1\bin\Rscript.exe","quadprog","1.5-8","R 4.6.1; x86_64-w64-mingw32; 2026-08-19 11:46:37 UTC; windows","C:/Users/PPCCpcpc/AppData/Local/R/win-library/4.6"
"C:\Program Files\R\R-4.6.1\bin\Rscript.exe","quantmod","0.4.29","R 4.6.1; ; 2026-09-09 02:40:22 UTC; windows","C:/Users/PPCCpcpc/AppData/Local/R/win-library/4.6"
"C:\Program Files\R\R-4.6.1\bin\Rscript.exe","quantreg","6.1","R 4.6.1; x86_64-w64-mingw32; 2026-09-02 03:15:10 UTC; windows","C:/Users/PPCCpcpc/AppData/Local/R/win-library/4.6"
"C:\Program Files\R\R-4.6.1\bin\Rscript.exe","quarto","1.5.1","R 4.6.1; ; 2026-09-09 03:05:40 UTC; windows","C:/Users/PPCCpcpc/AppData/Local/R/win-library/4.6"
"C:\Program Files\R\R-4.6.1\bin\Rscript.exe","ragg","1.5.2","R 4.6.1; x86_64-w64-mingw32; 2026-09-09 03:03:43 UTC; windows","C:/Users/PPCCpcpc/AppData/Local/R/win-library/4.6"
"C:\Program Files\R\R-4.6.1\bin\Rscript.exe","ranger","0.18.0","R 4.6.1; x86_64-w64-mingw32; 2026-09-02 02:53:38 UTC; windows","C:/Users/PPCCpcpc/AppData/Local/R/win-library/4.6"
"C:\Program Files\R\R-4.6.1\bin\Rscript.exe","rappdirs","0.3.4","R 4.6.1; x86_64-w64-mingw32; 2026-09-09 00:54:02 UTC; windows","C:/Users/PPCCpcpc/AppData/Local/R/win-library/4.6"
"C:\Program Files\R\R-4.6.1\bin\Rscript.exe","rbibutils","2.4.1","R 4.6.1; x86_64-w64-mingw32; 2026-09-09 00:54:01 UTC; windows","C:/Users/PPCCpcpc/AppData/Local/R/win-library/4.6"
"C:\Program Files\R\R-4.6.1\bin\Rscript.exe","reactR","0.6.1","R 4.6.1; ; 2026-09-09 01:56:24 UTC; windows","C:/Users/PPCCpcpc/AppData/Local/R/win-library/4.6"
"C:\Program Files\R\R-4.6.1\bin\Rscript.exe","reactable","0.4.5","R 4.6.1; ; 2026-09-09 03:20:55 UTC; windows","C:/Users/PPCCpcpc/AppData/Local/R/win-library/4.6"
"C:\Program Files\R\R-4.6.1\bin\Rscript.exe","readr","2.2.0","R 4.6.1; x86_64-w64-mingw32; 2026-09-09 03:39:20 UTC; windows","C:/Users/PPCCpcpc/AppData/Local/R/win-library/4.6"
"C:\Program Files\R\R-4.6.1\bin\Rscript.exe","readxl","1.5.0","R 4.6.1; x86_64-w64-mingw32; 2026-09-09 03:39:22 UTC; windows","C:/Users/PPCCpcpc/AppData/Local/R/win-library/4.6"
"C:\Program Files\R\R-4.6.1\bin\Rscript.exe","recipes","1.4.0","R 4.6.1; ; 2026-09-09 04:11:57 UTC; windows","C:/Users/PPCCpcpc/AppData/Local/R/win-library/4.6"
"C:\Program Files\R\R-4.6.1\bin\Rscript.exe","reformulas","0.4.4","R 4.6.1; ; 2026-09-09 02:20:45 UTC; windows","C:/Users/PPCCpcpc/AppData/Local/R/win-library/4.6"
"C:\Program Files\R\R-4.6.1\bin\Rscript.exe","rematch","2.0.0","R 4.6.1; ; 2026-09-09 00:54:42 UTC; windows","C:/Users/PPCCpcpc/AppData/Local/R/win-library/4.6"
"C:\Program Files\R\R-4.6.1\bin\Rscript.exe","rematch2","2.1.2","R 4.6.1; ; 2026-09-09 03:20:13 UTC; windows","C:/Users/PPCCpcpc/AppData/Local/R/win-library/4.6"
"C:\Program Files\R\R-4.6.1\bin\Rscript.exe","renv","1.2.4","R 4.6.1; ; 2026-09-09 00:56:08 UTC; windows","C:/Users/PPCCpcpc/AppData/Local/R/win-library/4.6"
"C:\Program Files\R\R-4.6.1\bin\Rscript.exe","reprex","2.1.1","R 4.6.1; ; 2026-09-09 03:20:21 UTC; windows","C:/Users/PPCCpcpc/AppData/Local/R/win-library/4.6"
"C:\Program Files\R\R-4.6.1\bin\Rscript.exe","reticulate","1.47.0","R 4.6.1; x86_64-w64-mingw32; 2026-09-09 01:56:24 UTC; windows","C:/Users/PPCCpcpc/AppData/Local/R/win-library/4.6"
"C:\Program Files\R\R-4.6.1\bin\Rscript.exe","rex","1.2.2","R 4.6.1; ; 2026-09-09 01:01:36 UTC; windows","C:/Users/PPCCpcpc/AppData/Local/R/win-library/4.6"
"C:\Program Files\R\R-4.6.1\bin\Rscript.exe","rlang","1.3.0","R 4.6.1; x86_64-w64-mingw32; 2026-09-09 00:54:04 UTC; windows","C:/Users/PPCCpcpc/AppData/Local/R/win-library/4.6"
"C:\Program Files\R\R-4.6.1\bin\Rscript.exe","rmarkdown","2.32","R 4.6.1; ; 2026-09-09 03:03:43 UTC; windows","C:/Users/PPCCpcpc/AppData/Local/R/win-library/4.6"
"C:\Program Files\R\R-4.6.1\bin\Rscript.exe","rprojroot","2.1.1","R 4.6.1; ; 2026-09-09 00:54:04 UTC; windows","C:/Users/PPCCpcpc/AppData/Local/R/win-library/4.6"
"C:\Program Files\R\R-4.6.1\bin\Rscript.exe","rsample","1.3.2","R 4.6.1; ; 2026-09-09 04:12:13 UTC; windows","C:/Users/PPCCpcpc/AppData/Local/R/win-library/4.6"
"C:\Program Files\R\R-4.6.1\bin\Rscript.exe","rsconnect","1.11.0","R 4.6.1; ; 2026-09-19 11:41:34 UTC; windows","C:/Users/PPCCpcpc/AppData/Local/R/win-library/4.6"
"C:\Program Files\R\R-4.6.1\bin\Rscript.exe","rstatix","1.1.0","R 4.6.1; ; 2026-09-09 04:53:39 UTC; windows","C:/Users/PPCCpcpc/AppData/Local/R/win-library/4.6"
"C:\Program Files\R\R-4.6.1\bin\Rscript.exe","rstudioapi","0.19.0","R 4.6.1; ; 2026-09-09 00:54:11 UTC; windows","C:/Users/PPCCpcpc/AppData/Local/R/win-library/4.6"
"C:\Program Files\R\R-4.6.1\bin\Rscript.exe","rugarch","1.5-6","R 4.6.1; x86_64-w64-mingw32; 2026-09-09 03:03:55 UTC; windows","C:/Users/PPCCpcpc/AppData/Local/R/win-library/4.6"
"C:\Program Files\R\R-4.6.1\bin\Rscript.exe","rvest","1.0.5","R 4.6.1; ; 2026-09-09 03:20:10 UTC; windows","C:/Users/PPCCpcpc/AppData/Local/R/win-library/4.6"
"C:\Program Files\R\R-4.6.1\bin\Rscript.exe","sandwich","3.1-3","R 4.6.1; ; 2026-09-09 02:20:54 UTC; windows","C:/Users/PPCCpcpc/AppData/Local/R/win-library/4.6"
"C:\Program Files\R\R-4.6.1\bin\Rscript.exe","sass","0.4.10","R 4.6.1; x86_64-w64-mingw32; 2026-09-09 02:20:49 UTC; windows","C:/Users/PPCCpcpc/AppData/Local/R/win-library/4.6"
"C:\Program Files\R\R-4.6.1\bin\Rscript.exe","scales","1.4.0","R 4.6.1; ; 2026-09-09 02:20:47 UTC; windows","C:/Users/PPCCpcpc/AppData/Local/R/win-library/4.6"
"C:\Program Files\R\R-4.6.1\bin\Rscript.exe","secretbase","1.3.0","R 4.6.1; x86_64-w64-mingw32; 2026-08-19 12:17:50 UTC; windows","C:/Users/PPCCpcpc/AppData/Local/R/win-library/4.6"
"C:\Program Files\R\R-4.6.1\bin\Rscript.exe","selectr","0.6-0","R 4.6.1; ; 2026-09-09 00:54:38 UTC; windows","C:/Users/PPCCpcpc/AppData/Local/R/win-library/4.6"
"C:\Program Files\R\R-4.6.1\bin\Rscript.exe","sessioninfo","1.2.4","R 4.6.1; ; 2026-09-09 01:55:58 UTC; windows","C:/Users/PPCCpcpc/AppData/Local/R/win-library/4.6"
"C:\Program Files\R\R-4.6.1\bin\Rscript.exe","sfd","0.1.0","R 4.6.1; ; 2026-09-09 03:05:18 UTC; windows","C:/Users/PPCCpcpc/AppData/Local/R/win-library/4.6"
"C:\Program Files\R\R-4.6.1\bin\Rscript.exe","shades","1.5.0","R 4.6.1; ; 2026-09-09 00:57:50 UTC; windows","C:/Users/PPCCpcpc/AppData/Local/R/win-library/4.6"
"C:\Program Files\R\R-4.6.1\bin\Rscript.exe","shape","1.4.6.1","R 4.6.1; ; 2026-08-19 11:46:34 UTC; windows","C:/Users/PPCCpcpc/AppData/Local/R/win-library/4.6"
"C:\Program Files\R\R-4.6.1\bin\Rscript.exe","shapviz","0.10.4","R 4.6.1; ; 2026-09-09 03:11:33 UTC; windows","C:/Users/PPCCpcpc/AppData/Local/R/win-library/4.6"
"C:\Program Files\R\R-4.6.1\bin\Rscript.exe","shiny","1.14.0","R 4.6.1; ; 2026-09-09 03:03:41 UTC; windows","C:/Users/PPCCpcpc/AppData/Local/R/win-library/4.6"
"C:\Program Files\R\R-4.6.1\bin\Rscript.exe","shinyWidgets","0.9.1","R 4.6.1; ; 2026-09-09 03:20:33 UTC; windows","C:/Users/PPCCpcpc/AppData/Local/R/win-library/4.6"
"C:\Program Files\R\R-4.6.1\bin\Rscript.exe","shinyjs","2.1.1","R 4.6.1; ; 2026-09-09 03:20:13 UTC; windows","C:/Users/PPCCpcpc/AppData/Local/R/win-library/4.6"
"C:\Program Files\R\R-4.6.1\bin\Rscript.exe","slider","0.3.3","R 4.6.1; x86_64-w64-mingw32; 2026-09-09 02:21:21 UTC; windows","C:/Users/PPCCpcpc/AppData/Local/R/win-library/4.6"
"C:\Program Files\R\R-4.6.1\bin\Rscript.exe","snakecase","0.11.1","R 4.6.1; ; 2026-09-09 02:41:04 UTC; windows","C:/Users/PPCCpcpc/AppData/Local/R/win-library/4.6"
"C:\Program Files\R\R-4.6.1\bin\Rscript.exe","snowflakeauth","0.3.0","R 4.6.1; ; 2026-09-09 02:32:04 UTC; windows","C:/Users/PPCCpcpc/AppData/Local/R/win-library/4.6"
"C:\Program Files\R\R-4.6.1\bin\Rscript.exe","sourcetools","0.1.7-2","R 4.6.1; x86_64-w64-mingw32; 2026-09-09 00:54:04 UTC; windows","C:/Users/PPCCpcpc/AppData/Local/R/win-library/4.6"
"C:\Program Files\R\R-4.6.1\bin\Rscript.exe","sparsevctrs","0.3.6","R 4.6.1; x86_64-w64-mingw32; 2026-09-09 02:21:02 UTC; windows","C:/Users/PPCCpcpc/AppData/Local/R/win-library/4.6"
"C:\Program Files\R\R-4.6.1\bin\Rscript.exe","spd","2.0-1","R 4.6.1; ; 2026-09-09 00:55:03 UTC; windows","C:/Users/PPCCpcpc/AppData/Local/R/win-library/4.6"
"C:\Program Files\R\R-4.6.1\bin\Rscript.exe","splitfngr","0.1.2","R 4.6.1; ; 2026-09-09 01:56:48 UTC; windows","C:/Users/PPCCpcpc/AppData/Local/R/win-library/4.6"
"C:\Program Files\R\R-4.6.1\bin\Rscript.exe","stringfish","0.19.2","R 4.6.1; x86_64-w64-mingw32; 2026-09-09 01:56:23 UTC; windows","C:/Users/PPCCpcpc/AppData/Local/R/win-library/4.6"
"C:\Program Files\R\R-4.6.1\bin\Rscript.exe","stringi","1.8.9","R 4.6.1; x86_64-w64-mingw32; 2026-08-19 11:46:22 UTC; windows","C:/Users/PPCCpcpc/AppData/Local/R/win-library/4.6"
"C:\Program Files\R\R-4.6.1\bin\Rscript.exe","stringr","1.6.0","R 4.6.1; ; 2026-09-09 02:40:23 UTC; windows","C:/Users/PPCCpcpc/AppData/Local/R/win-library/4.6"
"C:\Program Files\R\R-4.6.1\bin\Rscript.exe","styler","1.11.0","R 4.6.1; ; 2026-09-09 02:42:11 UTC; windows","C:/Users/PPCCpcpc/AppData/Local/R/win-library/4.6"
"C:\Program Files\R\R-4.6.1\bin\Rscript.exe","survminer","0.5.2","R 4.6.1; ; 2026-09-09 05:00:11 UTC; windows","C:/Users/PPCCpcpc/AppData/Local/R/win-library/4.6"
"C:\Program Files\R\R-4.6.1\bin\Rscript.exe","sys","3.4.3","R 4.6.1; x86_64-w64-mingw32; 2026-09-09 00:54:07 UTC; windows","C:/Users/PPCCpcpc/AppData/Local/R/win-library/4.6"
"C:\Program Files\R\R-4.6.1\bin\Rscript.exe","systemfonts","1.3.2","R 4.6.1; x86_64-w64-mingw32; 2026-09-09 02:20:59 UTC; windows","C:/Users/PPCCpcpc/AppData/Local/R/win-library/4.6"
"C:\Program Files\R\R-4.6.1\bin\Rscript.exe","tailor","0.1.0","R 4.6.1; ; 2026-09-09 03:21:47 UTC; windows","C:/Users/PPCCpcpc/AppData/Local/R/win-library/4.6"
"C:\Program Files\R\R-4.6.1\bin\Rscript.exe","targets","1.12.0","R 4.6.1; ; 2026-09-09 03:05:11 UTC; windows","C:/Users/PPCCpcpc/AppData/Local/R/win-library/4.6"
"C:\Program Files\R\R-4.6.1\bin\Rscript.exe","testthat","3.3.2","R 4.6.1; x86_64-w64-mingw32; 2026-09-09 03:20:10 UTC; windows","C:/Users/PPCCpcpc/AppData/Local/R/win-library/4.6"
"C:\Program Files\R\R-4.6.1\bin\Rscript.exe","textshaping","1.0.5","R 4.6.1; x86_64-w64-mingw32; 2026-09-09 02:40:26 UTC; windows","C:/Users/PPCCpcpc/AppData/Local/R/win-library/4.6"
"C:\Program Files\R\R-4.6.1\bin\Rscript.exe","tibble","3.3.1","R 4.6.1; x86_64-w64-mingw32; 2026-09-09 03:03:39 UTC; windows","C:/Users/PPCCpcpc/AppData/Local/R/win-library/4.6"
"C:\Program Files\R\R-4.6.1\bin\Rscript.exe","tidymodels","1.5.0","R 4.6.1; ; 2026-09-09 04:53:18 UTC; windows","C:/Users/PPCCpcpc/AppData/Local/R/win-library/4.6"
"C:\Program Files\R\R-4.6.1\bin\Rscript.exe","tidyr","1.3.2","R 4.6.1; x86_64-w64-mingw32; 2026-09-09 03:39:19 UTC; windows","C:/Users/PPCCpcpc/AppData/Local/R/win-library/4.6"
"C:\Program Files\R\R-4.6.1\bin\Rscript.exe","tidyselect","1.2.1","R 4.6.1; ; 2026-09-09 02:40:22 UTC; windows","C:/Users/PPCCpcpc/AppData/Local/R/win-library/4.6"
"C:\Program Files\R\R-4.6.1\bin\Rscript.exe","tidyverse","2.0.0","R 4.6.1; ; 2026-09-09 04:38:25 UTC; windows","C:/Users/PPCCpcpc/AppData/Local/R/win-library/4.6"
"C:\Program Files\R\R-4.6.1\bin\Rscript.exe","timeDate","4052.112","R 4.6.1; ; 2026-08-23 00:53:23 UTC; windows","C:/Users/PPCCpcpc/AppData/Local/R/win-library/4.6"
"C:\Program Files\R\R-4.6.1\bin\Rscript.exe","timechange","0.4.0","R 4.6.1; x86_64-w64-mingw32; 2026-09-09 00:54:33 UTC; windows","C:/Users/PPCCpcpc/AppData/Local/R/win-library/4.6"
"C:\Program Files\R\R-4.6.1\bin\Rscript.exe","tinytex","0.60","R 4.6.1; ; 2026-09-09 01:55:56 UTC; windows","C:/Users/PPCCpcpc/AppData/Local/R/win-library/4.6"
"C:\Program Files\R\R-4.6.1\bin\Rscript.exe","truncnorm","1.0-9","R 4.6.1; x86_64-w64-mingw32; 2026-09-09 00:55:03 UTC; windows","C:/Users/PPCCpcpc/AppData/Local/R/win-library/4.6"
"C:\Program Files\R\R-4.6.1\bin\Rscript.exe","tsibble","1.2.0","R 4.6.1; ; 2026-09-09 03:20:41 UTC; windows","C:/Users/PPCCpcpc/AppData/Local/R/win-library/4.6"
"C:\Program Files\R\R-4.6.1\bin\Rscript.exe","tune","2.1.0","R 4.6.1; ; 2026-09-09 04:49:53 UTC; windows","C:/Users/PPCCpcpc/AppData/Local/R/win-library/4.6"
"C:\Program Files\R\R-4.6.1\bin\Rscript.exe","tzdb","0.5.0","R 4.6.1; x86_64-w64-mingw32; 2026-09-09 00:54:18 UTC; windows","C:/Users/PPCCpcpc/AppData/Local/R/win-library/4.6"
"C:\Program Files\R\R-4.6.1\bin\Rscript.exe","urca","1.3-4","R 4.6.1; x86_64-w64-mingw32; 2026-09-02 02:33:29 UTC; windows","C:/Users/PPCCpcpc/AppData/Local/R/win-library/4.6"
"C:\Program Files\R\R-4.6.1\bin\Rscript.exe","utf8","1.2.6","R 4.6.1; x86_64-w64-mingw32; 2026-09-09 00:54:02 UTC; windows","C:/Users/PPCCpcpc/AppData/Local/R/win-library/4.6"
"C:\Program Files\R\R-4.6.1\bin\Rscript.exe","uuid","1.2-2","R 4.6.1; x86_64-w64-mingw32; 2026-08-19 11:47:18 UTC; windows","C:/Users/PPCCpcpc/AppData/Local/R/win-library/4.6"
"C:\Program Files\R\R-4.6.1\bin\Rscript.exe","vctrs","0.7.3","R 4.6.1; x86_64-w64-mingw32; 2026-09-02 02:52:27 UTC; windows","C:/Users/PPCCpcpc/AppData/Local/R/win-library/4.6"
"C:\Program Files\R\R-4.6.1\bin\Rscript.exe","viridisLite","0.4.3","R 4.6.1; ; 2026-09-09 00:54:02 UTC; windows","C:/Users/PPCCpcpc/AppData/Local/R/win-library/4.6"
"C:\Program Files\R\R-4.6.1\bin\Rscript.exe","vroom","1.7.1","R 4.6.1; x86_64-w64-mingw32; 2026-09-09 03:20:06 UTC; windows","C:/Users/PPCCpcpc/AppData/Local/R/win-library/4.6"
"C:\Program Files\R\R-4.6.1\bin\Rscript.exe","waldo","0.6.2","R 4.6.1; ; 2026-09-09 01:55:56 UTC; windows","C:/Users/PPCCpcpc/AppData/Local/R/win-library/4.6"
"C:\Program Files\R\R-4.6.1\bin\Rscript.exe","warp","0.2.3","R 4.6.1; x86_64-w64-mingw32; 2026-09-09 00:55:16 UTC; windows","C:/Users/PPCCpcpc/AppData/Local/R/win-library/4.6"
"C:\Program Files\R\R-4.6.1\bin\Rscript.exe","withr","3.0.3","R 4.6.1; ; 2026-09-09 00:54:02 UTC; windows","C:/Users/PPCCpcpc/AppData/Local/R/win-library/4.6"
"C:\Program Files\R\R-4.6.1\bin\Rscript.exe","workflows","1.3.0","R 4.6.1; ; 2026-09-09 04:39:15 UTC; windows","C:/Users/PPCCpcpc/AppData/Local/R/win-library/4.6"
"C:\Program Files\R\R-4.6.1\bin\Rscript.exe","workflowsets","1.1.1","R 4.6.1; ; 2026-09-09 04:52:43 UTC; windows","C:/Users/PPCCpcpc/AppData/Local/R/win-library/4.6"
"C:\Program Files\R\R-4.6.1\bin\Rscript.exe","xfun","0.60","R 4.6.1; x86_64-w64-mingw32; 2026-09-09 00:54:30 UTC; windows","C:/Users/PPCCpcpc/AppData/Local/R/win-library/4.6"
"C:\Program Files\R\R-4.6.1\bin\Rscript.exe","xgboost","3.2.1.1","R 4.6.1; x86_64-w64-mingw32; 2026-09-09 01:57:01 UTC; windows","C:/Users/PPCCpcpc/AppData/Local/R/win-library/4.6"
"C:\Program Files\R\R-4.6.1\bin\Rscript.exe","xml2","1.6.0","R 4.6.1; x86_64-w64-mingw32; 2026-09-02 01:28:03 UTC; windows","C:/Users/PPCCpcpc/AppData/Local/R/win-library/4.6"
"C:\Program Files\R\R-4.6.1\bin\Rscript.exe","xmlparsedata","1.0.5","R 4.6.1; ; 2026-09-09 01:07:09 UTC; windows","C:/Users/PPCCpcpc/AppData/Local/R/win-library/4.6"
"C:\Program Files\R\R-4.6.1\bin\Rscript.exe","xtable","1.8-8","R 4.6.1; ; 2026-09-09 00:54:04 UTC; windows","C:/Users/PPCCpcpc/AppData/Local/R/win-library/4.6"
"C:\Program Files\R\R-4.6.1\bin\Rscript.exe","xts","0.14.3","R 4.6.1; x86_64-w64-mingw32; 2026-09-08 23:50:30 UTC; windows","C:/Users/PPCCpcpc/AppData/Local/R/win-library/4.6"
"C:\Program Files\R\R-4.6.1\bin\Rscript.exe","yaml","2.3.12","R 4.6.1; x86_64-w64-mingw32; 2026-09-09 00:54:31 UTC; windows","C:/Users/PPCCpcpc/AppData/Local/R/win-library/4.6"
"C:\Program Files\R\R-4.6.1\bin\Rscript.exe","yardstick","1.4.0","R 4.6.1; x86_64-w64-mingw32; 2026-09-09 03:21:48 UTC; windows","C:/Users/PPCCpcpc/AppData/Local/R/win-library/4.6"
"C:\Program Files\R\R-4.6.1\bin\Rscript.exe","zip","3.0.2","R 4.6.1; x86_64-w64-mingw32; 2026-09-09 01:55:58 UTC; windows","C:/Users/PPCCpcpc/AppData/Local/R/win-library/4.6"
"C:\Program Files\R\R-4.6.1\bin\Rscript.exe","zoo","1.9-0","R 4.6.1; x86_64-w64-mingw32; 2026-09-02 02:33:29 UTC; windows","C:/Users/PPCCpcpc/AppData/Local/R/win-library/4.6"
"C:\Program Files\R\R-4.6.1\bin\Rscript.exe","KernSmooth","2.23-26","R 4.6.1; x86_64-w64-mingw32; 2026-06-24 08:32:40 UTC; windows","C:/Program Files/R/R-4.6.1/library"
"C:\Program Files\R\R-4.6.1\bin\Rscript.exe","MASS","7.3-65","R 4.6.1; x86_64-w64-mingw32; 2026-06-24 08:23:25 UTC; windows","C:/Program Files/R/R-4.6.1/library"
"C:\Program Files\R\R-4.6.1\bin\Rscript.exe","Matrix","1.7-5","R 4.6.1; x86_64-w64-mingw32; 2026-06-24 08:23:58 UTC; windows","C:/Program Files/R/R-4.6.1/library"
"C:\Program Files\R\R-4.6.1\bin\Rscript.exe","base","4.6.1","R 4.6.1; ; 2026-06-24 08:20:51 UTC; windows","C:/Program Files/R/R-4.6.1/library"
"C:\Program Files\R\R-4.6.1\bin\Rscript.exe","boot","1.3-32","R 4.6.1; ; 2026-06-24 08:32:04 UTC; windows","C:/Program Files/R/R-4.6.1/library"
"C:\Program Files\R\R-4.6.1\bin\Rscript.exe","class","7.3-23","R 4.6.1; x86_64-w64-mingw32; 2026-06-24 08:33:04 UTC; windows","C:/Program Files/R/R-4.6.1/library"
"C:\Program Files\R\R-4.6.1\bin\Rscript.exe","cluster","2.1.8.2","R 4.6.1; x86_64-w64-mingw32; 2026-06-24 08:32:11 UTC; windows","C:/Program Files/R/R-4.6.1/library"
"C:\Program Files\R\R-4.6.1\bin\Rscript.exe","codetools","0.2-20","R 4.6.1; ; 2026-06-24 08:32:25 UTC; windows","C:/Program Files/R/R-4.6.1/library"
"C:\Program Files\R\R-4.6.1\bin\Rscript.exe","compiler","4.6.1","R 4.6.1; ; 2026-06-24 08:14:21 UTC; windows","C:/Program Files/R/R-4.6.1/library"
"C:\Program Files\R\R-4.6.1\bin\Rscript.exe","datasets","4.6.1","R 4.6.1; ; 2026-06-24 08:19:02 UTC; windows","C:/Program Files/R/R-4.6.1/library"
"C:\Program Files\R\R-4.6.1\bin\Rscript.exe","foreign","0.8-91","R 4.6.1; x86_64-w64-mingw32; 2026-06-24 08:32:28 UTC; windows","C:/Program Files/R/R-4.6.1/library"
"C:\Program Files\R\R-4.6.1\bin\Rscript.exe","grDevices","4.6.1","R 4.6.1; x86_64-w64-mingw32; 2026-06-24 08:16:14 UTC; windows","C:/Program Files/R/R-4.6.1/library"
"C:\Program Files\R\R-4.6.1\bin\Rscript.exe","graphics","4.6.1","R 4.6.1; x86_64-w64-mingw32; 2026-06-24 08:16:56 UTC; windows","C:/Program Files/R/R-4.6.1/library"
"C:\Program Files\R\R-4.6.1\bin\Rscript.exe","grid","4.6.1","R 4.6.1; x86_64-w64-mingw32; 2026-06-24 08:19:46 UTC; windows","C:/Program Files/R/R-4.6.1/library"
"C:\Program Files\R\R-4.6.1\bin\Rscript.exe","lattice","0.22-9","R 4.6.1; x86_64-w64-mingw32; 2026-06-24 08:23:40 UTC; windows","C:/Program Files/R/R-4.6.1/library"
"C:\Program Files\R\R-4.6.1\bin\Rscript.exe","methods","4.6.1","R 4.6.1; x86_64-w64-mingw32; 2026-06-24 08:19:12 UTC; windows","C:/Program Files/R/R-4.6.1/library"
"C:\Program Files\R\R-4.6.1\bin\Rscript.exe","mgcv","1.9-4","R 4.6.1; x86_64-w64-mingw32; 2026-06-24 08:33:21 UTC; windows","C:/Program Files/R/R-4.6.1/library"
"C:\Program Files\R\R-4.6.1\bin\Rscript.exe","nlme","3.1-169","R 4.6.1; x86_64-w64-mingw32; 2026-06-24 08:30:23 UTC; windows","C:/Program Files/R/R-4.6.1/library"
"C:\Program Files\R\R-4.6.1\bin\Rscript.exe","nnet","7.3-20","R 4.6.1; x86_64-w64-mingw32; 2026-06-24 08:33:09 UTC; windows","C:/Program Files/R/R-4.6.1/library"
"C:\Program Files\R\R-4.6.1\bin\Rscript.exe","parallel","4.6.1","R 4.6.1; x86_64-w64-mingw32; 2026-06-24 08:20:30 UTC; windows","C:/Program Files/R/R-4.6.1/library"
"C:\Program Files\R\R-4.6.1\bin\Rscript.exe","rpart","4.1.27","R 4.6.1; x86_64-w64-mingw32; 2026-06-24 08:32:48 UTC; windows","C:/Program Files/R/R-4.6.1/library"
"C:\Program Files\R\R-4.6.1\bin\Rscript.exe","spatial","7.3-18","R 4.6.1; x86_64-w64-mingw32; 2026-06-24 08:33:14 UTC; windows","C:/Program Files/R/R-4.6.1/library"
"C:\Program Files\R\R-4.6.1\bin\Rscript.exe","splines","4.6.1","R 4.6.1; x86_64-w64-mingw32; 2026-06-24 08:20:12 UTC; windows","C:/Program Files/R/R-4.6.1/library"
"C:\Program Files\R\R-4.6.1\bin\Rscript.exe","stats","4.6.1","R 4.6.1; x86_64-w64-mingw32; 2026-06-24 08:17:23 UTC; windows","C:/Program Files/R/R-4.6.1/library"
"C:\Program Files\R\R-4.6.1\bin\Rscript.exe","stats4","4.6.1","R 4.6.1; ; 2026-06-24 08:20:17 UTC; windows","C:/Program Files/R/R-4.6.1/library"
"C:\Program Files\R\R-4.6.1\bin\Rscript.exe","survival","3.8-6","R 4.6.1; x86_64-w64-mingw32; 2026-06-24 08:30:55 UTC; windows","C:/Program Files/R/R-4.6.1/library"
"C:\Program Files\R\R-4.6.1\bin\Rscript.exe","tcltk","4.6.1","R 4.6.1; x86_64-w64-mingw32; 2026-06-24 08:20:20 UTC; windows","C:/Program Files/R/R-4.6.1/library"
"C:\Program Files\R\R-4.6.1\bin\Rscript.exe","tools","4.6.1","R 4.6.1; x86_64-w64-mingw32; 2026-06-24 08:14:19 UTC; windows","C:/Program Files/R/R-4.6.1/library"
"C:\Program Files\R\R-4.6.1\bin\Rscript.exe","translations","4.6.1","R 4.6.1; ; 2026-06-24 08:20:37 UTC; windows","C:/Program Files/R/R-4.6.1/library"
"C:\Program Files\R\R-4.6.1\bin\Rscript.exe","utils","4.6.1","R 4.6.1; x86_64-w64-mingw32; 2026-06-24 08:15:23 UTC; windows","C:/Program Files/R/R-4.6.1/library"
