make on PATH: C:\work\rtools45\usr\bin\make.exe 
RTOOLS45_HOME: C:\work\rtools45 
Rscript.exe : trying URL 'https://stan-dev.r-universe.dev/bin/windows/contrib/4.6/cmdstanr_0.9.0.zip?sha256=421091d2064
caaecc3e291c8d7e35b3e393ca09c8f2633a701c9e67fe3f9e833&file=/cmdstanr_0.9.0.zip'
At line:3 char:1
+ & 'C:\work\R\R-4.6.1\bin\x64\Rscript.exe' C:\work\logs\install_cmdsta ...
+ ~~~~~~~~~~~~~~~~~~~~~~~~~~~~~~~~~~~~~~~~~~~~~~~~~~~~~~~~~~~~~~~~~~~~~
    + CategoryInfo          : NotSpecified: (trying URL 'htt...tanr_0.9.0.zip':String) [], RemoteException
    + FullyQualifiedErrorId : NativeCommandError
 
Content type 'application/zip' length 1603453 bytes (1.5 MB)
==================================================
downloaded 1.5 MB

package 'cmdstanr' successfully unpacked and MD5 sums checked

The downloaded binary packages are in
	C:\Users\PPCCpcpc\AppData\Local\Temp\RtmpSKEnwz\downloaded_packages
cmdstanr installed: TRUE 
cmdstanr version: 0.9.0 
This is cmdstanr version 0.9.0
- CmdStanR documentation and vignettes: mc-stan.org/cmdstanr
- Use set_cmdstan_path() to set the path to CmdStan
- Use install_cmdstan() to install CmdStan
toolchain check:
The C++ toolchain required for CmdStan is setup properly!
NULL
building CmdStan into C:/work/cmdstan ...
* Latest CmdStan release is v2.40.0
* Installing CmdStan v2.40.0 in C:/work/cmdstan/cmdstan-2.40.0
* Downloading cmdstan-2.40.0.tar.gz from GitHub...
* Download complete
* Unpacking archive...
* Building CmdStan binaries...
Ϣ: ṩģʽ޷ҵļ


Ϣ: ṩģʽ޷ҵļ


C
:\work\rtools45\x86_64-w64-mingw32.static.posix\bin\ar.exe: creating stan/lib/stan_math/lib/sundials_6.1.1/lib/libsundi
als_nvecserial.a


C
:\work\rtools45\x86_64-w64-mingw32.static.posix\bin\ar.exe: creating stan/lib/stan_math/lib/sundials_6.1.1/lib/libsundi
als_cvodes.a


C
:\work\rtools45\x86_64-w64-mingw32.static.posix\bin\ar.exe: creating stan/lib/stan_math/lib/sundials_6.1.1/lib/libsundi
als_idas.a


C
:\work\rtools45\x86_64-w64-mingw32.static.posix\bin\ar.exe: creating stan/lib/stan_math/lib/sundials_6.1.1/lib/libsundi
als_kinsol.a


In file included from stan/src/stan/analyze/mcmc/rank_normalization.hpp:5,
                 from stan/src/stan/analyze/mcmc/split_rank_normalized_ess.hpp:7,
                 from stan/src/stan/mcmc/chainset.hpp:8,
                 from src/cmdstan/stansummary_helper.hpp:4,
                 from src/cmdstan/print.cpp:2:
stan/lib/stan_math/lib/boost_1.87.0/boost/math/distributions/normal.hpp: In function 'RealType boost::math::cdf(const n
ormal_distribution<RealType, Policy>&, const RealType&)':
stan/lib/stan_math/lib/boost_1.87.0/boost/math/distributions/normal.hpp:221: note: '-Wmisleading-indentation' is disabl
ed from this point onwards, since column-tracking was disabled due to the size of the code/headers
  221 |      if(x < 0) return 0; // -infinity

stan/lib/stan_math/lib/boost_1.87.0/boost/math/distributions/normal.hpp:221: note: adding '-flarge-source-files' will a
llow for more column-tracking support, at the expense of compilation time and memory

In file included from stan/src/stan/analyze/mcmc/rank_normalization.hpp:5,
                 from stan/src/stan/analyze/mcmc/split_rank_normalized_ess.hpp:7,
                 from stan/src/stan/mcmc/chainset.hpp:8,
                 from src/cmdstan/stansummary_helper.hpp:4,
                 from src/cmdstan/diagnose.cpp:2:
stan/lib/stan_math/lib/boost_1.87.0/boost/math/distributions/normal.hpp: In function 'RealType boost::math::cdf(const n
ormal_distribution<RealType, Policy>&, const RealType&)':
stan/lib/stan_math/lib/boost_1.87.0/boost/math/distributions/normal.hpp:221: note: '-Wmisleading-indentation' is disabl
ed from this point onwards, since column-tracking was disabled due to the size of the code/headers
  221 |      if(x < 0) return 0; // -infinity

stan/lib/stan_math/lib/boost_1.87.0/boost/math/distributions/normal.hpp:221: note: adding '-flarge-source-files' will a
llow for more column-tracking support, at the expense of compilation time and memory

In file included from stan/src/stan/analyze/mcmc/rank_normalization.hpp:5,
                 from stan/src/stan/analyze/mcmc/split_rank_normalized_ess.hpp:7,
                 from stan/src/stan/mcmc/chainset.hpp:8,
                 from src/cmdstan/stansummary_helper.hpp:4,
                 from src/cmdstan/stansummary.cpp:2:
stan/lib/stan_math/lib/boost_1.87.0/boost/math/distributions/normal.hpp: In function 'RealType boost::math::cdf(const n
ormal_distribution<RealType, Policy>&, const RealType&)':
stan/lib/stan_math/lib/boost_1.87.0/boost/math/distributions/normal.hpp:221: note: '-Wmisleading-indentation' is disabl
ed from this point onwards, since column-tracking was disabled due to the size of the code/headers
  221 |      if(x < 0) return 0; // -infinity

stan/lib/stan_math/lib/boost_1.87.0/boost/math/distributions/normal.hpp:221: note: adding '-flarge-source-files' will a
llow for more column-tracking support, at the expense of compilation time and memory

In file included from stan/lib/stan_math/stan/math/prim/prob.hpp:313,
                 from stan/lib/stan_math/stan/math/prim.hpp:18,
                 from stan/src/stan/io/dump.hpp:7,
                 from src/cmdstan/command_helper.hpp:9,
                 from src/cmdstan/command.hpp:13,
                 from src/cmdstan/main.cpp:5:
stan/lib/stan_math/stan/math/prim/prob/wiener5_lpdf.hpp: In function 'auto stan::math::internal::wiener5_log_sum_exp(T_
y&&, T_a&&, T_w&&, T_nsmall&&, T_nlarge&&)':
stan/lib/stan_math/stan/math/prim/prob/wiener5_lpdf.hpp:200: note: '-Wmisleading-indentation' is disabled from this poi
nt onwards, since column-tracking was disabled due to the size of the code/headers
  200 |         } else if (square_w_plus_2_k_minus_offset < 0) {

stan/lib/stan_math/stan/math/prim/prob/wiener5_lpdf.hpp:200: note: adding '-flarge-source-files' will allow for more co
lumn-tracking support, at the expense of compilation time and memory

In file included from stan/lib/stan_math/stan/math/prim/prob/normal_lccdf.hpp:4,
                 from stan/lib/stan_math/stan/math/prim/prob/normal_ccdf_log.hpp:5,
                 from stan/lib/stan_math/stan/math/prim/prob.hpp:203,
                 from stan/lib/stan_math/stan/math/prim.hpp:18,
                 from stan/lib/stan_math/stan/math/rev.hpp:18,
                 from stan/lib/stan_math/stan/math.hpp:19,
                 from stan/src/stan/model/model_header.hpp:6:
stan/lib/stan_math/stan/math/prim/prob/normal_lcdf.hpp: In function 'stan::return_type_t<T, L, U> stan::math::normal_lc
df(const T_y&, const T_loc&, const T_scale&)':
stan/lib/stan_math/stan/math/prim/prob/normal_lcdf.hpp:199: note: '-Wmisleading-indentation' is disabled from this poin
t onwards, since column-tracking was disabled due to the size of the code/headers
  199 |     } else if (10.0 * log(fabs(scaled_diff))

stan/lib/stan_math/stan/math/prim/prob/normal_lcdf.hpp:199: note: adding '-flarge-source-files' will allow for more col
umn-tracking support, at the expense of compilation time and memory

/c/work/cmdstan/cmdstan-2.40.0/stan/lib/stan_math/lib/tbb_2020.3/build/Makefile.tbb:28: CONFIG: cfg=release arch=intel6
4 compiler=gcc target=windows runtime=mingw14.3.0

In file included from ../tbb_2020.3/include/tbb/tbb_profiling.h:123,
                 from ../tbb_2020.3/include/tbb/spin_rw_mutex.h:22,
                 from ../tbb_2020.3/include/tbb/concurrent_hash_map.h:30,
                 from ../tbb_2020.3/src/tbb/concurrent_hash_map.cpp:17:
../tbb_2020.3/include/tbb/atomic.h:422:24: warning: template-id not allowed for constructor in C++20 [-Wtemplate-id-cdt
or]
  422 |     constexpr atomic<T>(const atomic<T>& rhs): internal::atomic_impl<T>(rhs) {}
      |                        ^

../tbb_2020.3/include/tbb/atomic.h:422:24: note: remove the '< >'
../tbb_2020.3/include/tbb/atomic.h:437:32: warning: template-id not allowed for constructor in C++20 [-Wtemplate-id-cdt
or]
  437 |             constexpr atomic<T>(const atomic<T>& rhs):                                              \
      |                                ^
../tbb_2020.3/include/tbb/atomic.h:454:1: note: in expansion of macro '__TBB_DECL_ATOMIC'
  454 | __TBB_DECL_ATOMIC(__TBB_LONG_LONG)
      | ^~~~~~~~~~~~~~~~~
../tbb_2020.3/include/tbb/atomic.h:437:32: note: remove the '< >'
  437 |             constexpr atomic<T>(const atomic<T>& rhs):                                              \
      |                                ^
../tbb_2020.3/include/tbb/atomic.h:454:1: note: in expansion of macro '__TBB_DECL_ATOMIC'
  454 | __TBB_DECL_ATOMIC(__TBB_LONG_LONG)
      | ^~~~~~~~~~~~~~~~~
../tbb_2020.3/include/tbb/atomic.h:437:32: warning: template-id not allowed for constructor in C++20 [-Wtemplate-id-cdt
or]
  437 |             constexpr atomic<T>(const atomic<T>& rhs):                                              \
      |                                ^
../tbb_2020.3/include/tbb/atomic.h:455:1: note: in expansion of macro '__TBB_DECL_ATOMIC'
  455 | __TBB_DECL_ATOMIC(unsigned __TBB_LONG_LONG)
      | ^~~~~~~~~~~~~~~~~
../tbb_2020.3/include/tbb/atomic.h:437:32: note: remove the '< >'
  437 |             constexpr atomic<T>(const atomic<T>& rhs):                                              \
      |                                ^
../tbb_2020.3/include/tbb/atomic.h:455:1: note: in expansion of macro '__TBB_DECL_ATOMIC'
  455 | __TBB_DECL_ATOMIC(unsigned __TBB_LONG_LONG)
      | ^~~~~~~~~~~~~~~~~

../tbb_2020.3/include/tbb/atomic.h:437:32: warning: template-id not allowed for constructor in C++20 [-Wtemplate-id-cdt
or]
  437 |             constexpr atomic<T>(const atomic<T>& rhs):                                              \
      |                                ^
../tbb_2020.3/include/tbb/atomic.h:459:1: note: in expansion of macro '__TBB_DECL_ATOMIC'
  459 | __TBB_DECL_ATOMIC(long)
      | ^~~~~~~~~~~~~~~~~
../tbb_2020.3/include/tbb/atomic.h:437:32: note: remove the '< >'
  437 |             constexpr atomic<T>(const atomic<T>& rhs):                                              \
      |                                ^
../tbb_2020.3/include/tbb/atomic.h:459:1: note: in expansion of macro '__TBB_DECL_ATOMIC'
  459 | __TBB_DECL_ATOMIC(long)
      | ^~~~~~~~~~~~~~~~~

../tbb_2020.3/include/tbb/atomic.h:437:32: warning: template-id not allowed for constructor in C++20 [-Wtemplate-id-cdt
or]
  437 |             constexpr atomic<T>(const atomic<T>& rhs):                                              \
      |                                ^
../tbb_2020.3/include/tbb/atomic.h:460:1: note: in expansion of macro '__TBB_DECL_ATOMIC'
  460 | __TBB_DECL_ATOMIC(unsigned long)
      | ^~~~~~~~~~~~~~~~~
../tbb_2020.3/include/tbb/atomic.h:437:32: note: remove the '< >'
  437 |             constexpr atomic<T>(const atomic<T>& rhs):                                              \
      |                                ^
../tbb_2020.3/include/tbb/atomic.h:460:1: note: in expansion of macro '__TBB_DECL_ATOMIC'
  460 | __TBB_DECL_ATOMIC(unsigned long)
      | ^~~~~~~~~~~~~~~~~

../tbb_2020.3/include/tbb/atomic.h:437:32: warning: template-id not allowed for constructor in C++20 [-Wtemplate-id-cdt
or]
  437 |             constexpr atomic<T>(const atomic<T>& rhs):                                              \
      |                                ^
../tbb_2020.3/include/tbb/atomic.h:491:1: note: in expansion of macro '__TBB_DECL_ATOMIC'
  491 | __TBB_DECL_ATOMIC(unsigned)
      | ^~~~~~~~~~~~~~~~~

../tbb_2020.3/include/tbb/atomic.h:437:32: note: remove the '< >'
  437 |             constexpr atomic<T>(const atomic<T>& rhs):                                              \
      |                                ^
../tbb_2020.3/include/tbb/atomic.h:491:1: note: in expansion of macro '__TBB_DECL_ATOMIC'
  491 | __TBB_DECL_ATOMIC(unsigned)
      | ^~~~~~~~~~~~~~~~~

../tbb_2020.3/include/tbb/atomic.h:437:32: warning: template-id not allowed for constructor in C++20 [-Wtemplate-id-cdt
or]
  437 |             constexpr atomic<T>(const atomic<T>& rhs):                                              \
      |                                ^
../tbb_2020.3/include/tbb/atomic.h:492:1: note: in expansion of macro '__TBB_DECL_ATOMIC'
  492 | __TBB_DECL_ATOMIC(int)
      | ^~~~~~~~~~~~~~~~~
../tbb_2020.3/include/tbb/atomic.h:437:32: note: remove the '< >'
  437 |             constexpr atomic<T>(const atomic<T>& rhs):                                              \
      |                                ^
../tbb_2020.3/include/tbb/atomic.h:492:1: note: in expansion of macro '__TBB_DECL_ATOMIC'
  492 | __TBB_DECL_ATOMIC(int)
      | ^~~~~~~~~~~~~~~~~

../tbb_2020.3/include/tbb/atomic.h:437:32: warning: template-id not allowed for constructor in C++20 [-Wtemplate-id-cdt
or]
  437 |             constexpr atomic<T>(const atomic<T>& rhs):                                              \
      |                                ^
../tbb_2020.3/include/tbb/atomic.h:495:1: note: in expansion of macro '__TBB_DECL_ATOMIC'
  495 | __TBB_DECL_ATOMIC(unsigned short)
      | ^~~~~~~~~~~~~~~~~
../tbb_2020.3/include/tbb/atomic.h:437:32: note: remove the '< >'
  437 |             constexpr atomic<T>(const atomic<T>& rhs):                                              \
      |                                ^
../tbb_2020.3/include/tbb/atomic.h:495:1: note: in expansion of macro '__TBB_DECL_ATOMIC'
  495 | __TBB_DECL_ATOMIC(unsigned short)
      | ^~~~~~~~~~~~~~~~~

../tbb_2020.3/include/tbb/atomic.h:437:32: warning: template-id not allowed for constructor in C++20 [-Wtemplate-id-cdt
or]
  437 |             constexpr atomic<T>(const atomic<T>& rhs):                                              \
      |                                ^
../tbb_2020.3/include/tbb/atomic.h:496:1: note: in expansion of macro '__TBB_DECL_ATOMIC'
  496 | __TBB_DECL_ATOMIC(short)
      | ^~~~~~~~~~~~~~~~~
../tbb_2020.3/include/tbb/atomic.h:437:32: note: remove the '< >'
  437 |             constexpr atomic<T>(const atomic<T>& rhs):                                              \
      |                                ^
../tbb_2020.3/include/tbb/atomic.h:496:1: note: in expansion of macro '__TBB_DECL_ATOMIC'
  496 | __TBB_DECL_ATOMIC(short)
      | ^~~~~~~~~~~~~~~~~

../tbb_2020.3/include/tbb/atomic.h:437:32: warning: template-id not allowed for constructor in C++20 [-Wtemplate-id-cdt
or]
  437 |             constexpr atomic<T>(const atomic<T>& rhs):                                              \
      |                                ^
../tbb_2020.3/include/tbb/atomic.h:497:1: note: in expansion of macro '__TBB_DECL_ATOMIC'
  497 | __TBB_DECL_ATOMIC(char)
      | ^~~~~~~~~~~~~~~~~

../tbb_2020.3/include/tbb/atomic.h:437:32: note: remove the '< >'
  437 |             constexpr atomic<T>(const atomic<T>& rhs):                                              \
      |                                ^
../tbb_2020.3/include/tbb/atomic.h:497:1: note: in expansion of macro '__TBB_DECL_ATOMIC'
  497 | __TBB_DECL_ATOMIC(char)
      | ^~~~~~~~~~~~~~~~~

../tbb_2020.3/include/tbb/atomic.h:437:32: warning: template-id not allowed for constructor in C++20 [-Wtemplate-id-cdt
or]
  437 |             constexpr atomic<T>(const atomic<T>& rhs):                                              \
      |                                ^
../tbb_2020.3/include/tbb/atomic.h:498:1: note: in expansion of macro '__TBB_DECL_ATOMIC'
  498 | __TBB_DECL_ATOMIC(signed char)
      | ^~~~~~~~~~~~~~~~~
../tbb_2020.3/include/tbb/atomic.h:437:32: note: remove the '< >'
  437 |             constexpr atomic<T>(const atomic<T>& rhs):                                              \
      |                                ^
../tbb_2020.3/include/tbb/atomic.h:498:1: note: in expansion of macro '__TBB_DECL_ATOMIC'
  498 | __TBB_DECL_ATOMIC(signed char)
      | ^~~~~~~~~~~~~~~~~

../tbb_2020.3/include/tbb/atomic.h:437:32: warning: template-id not allowed for constructor in C++20 [-Wtemplate-id-cdt
or]
  437 |             constexpr atomic<T>(const atomic<T>& rhs):                                              \
      |                                ^
../tbb_2020.3/include/tbb/atomic.h:499:1: note: in expansion of macro '__TBB_DECL_ATOMIC'
  499 | __TBB_DECL_ATOMIC(unsigned char)
      | ^~~~~~~~~~~~~~~~~
../tbb_2020.3/include/tbb/atomic.h:437:32: note: remove the '< >'
  437 |             constexpr atomic<T>(const atomic<T>& rhs):                                              \
      |                                ^
../tbb_2020.3/include/tbb/atomic.h:499:1: note: in expansion of macro '__TBB_DECL_ATOMIC'
  499 | __TBB_DECL_ATOMIC(unsigned char)
      | ^~~~~~~~~~~~~~~~~

../tbb_2020.3/include/tbb/atomic.h:437:32: warning: template-id not allowed for constructor in C++20 [-Wtemplate-id-cdt
or]
  437 |             constexpr atomic<T>(const atomic<T>& rhs):                                              \
      |                                ^
../tbb_2020.3/include/tbb/atomic.h:502:1: note: in expansion of macro '__TBB_DECL_ATOMIC'
  502 | __TBB_DECL_ATOMIC(wchar_t)
      | ^~~~~~~~~~~~~~~~~
../tbb_2020.3/include/tbb/atomic.h:437:32: note: remove the '< >'
  437 |             constexpr atomic<T>(const atomic<T>& rhs):                                              \
      |                                ^
../tbb_2020.3/include/tbb/atomic.h:502:1: note: in expansion of macro '__TBB_DECL_ATOMIC'
  502 | __TBB_DECL_ATOMIC(wchar_t)
      | ^~~~~~~~~~~~~~~~~

../tbb_2020.3/include/tbb/concurrent_hash_map.h: In constructor 'tbb::interface5::internal::hash_map_base::hash_map_bas
e()':
../tbb_2020.3/include/tbb/concurrent_hash_map.h:131:24: warning: 'void* memset(void*, int, size_t)' clearing an object 
of type 'struct tbb::interface5::internal::hash_map_base::bucket' with no trivial copy-assignment; use value-initializa
tion instead [-Wclass-memaccess]
  131 |             std::memset(my_embedded_segment, 0, sizeof(my_embedded_segment));
      |             ~~~~~~~~~~~^~~~~~~~~~~~~~~~~~~~~~~~~~~~~~~~~~~~~~~~~~~~~~~~~~~~~

../tbb_2020.3/include/tbb/concurrent_hash_map.h:93:16: note: 'struct tbb::interface5::internal::hash_map_base::bucket' 
declared here
   93 |         struct bucket : tbb::internal::no_copy {
      |                ^~~~~~

../tbb_2020.3/include/tbb/concurrent_hash_map.h: At global scope:
../tbb_2020.3/include/tbb/concurrent_hash_map.h:347:23: warning: 'template<class _Category, class _Tp, class _Distance,
 class _Pointer, class _Reference> struct std::iterator' is deprecated [-Wdeprecated-declarations]
  347 |         : public std::iterator<std::forward_iterator_tag,Value>
      |                       ^~~~~~~~

In file included from C:/work/rtools45/x86_64-w64-mingw32.static.posix/lib/gcc/x86_64-w64-mingw32.static.posix/14.3.0/i
nclude/c++/bits/stl_construct.h:61,
                 from C:/work/rtools45/x86_64-w64-mingw32.static.posix/lib/gcc/x86_64-w64-mingw32.static.posix/14.3.0/i
nclude/c++/bits/stl_tempbuf.h:61,
                 from C:/work/rtools45/x86_64-w64-mingw32.static.posix/lib/gcc/x86_64-w64-mingw32.static.posix/14.3.0/i
nclude/c++/memory:66,
                 from ../tbb_2020.3/include/tbb/tbb_stddef.h:452,
                 from ../tbb_2020.3/include/tbb/concurrent_hash_map.h:23:
C:/work/rtools45/x86_64-w64-mingw32.static.posix/lib/gcc/x86_64-w64-mingw32.static.posix/14.3.0/include/c++/bits/stl_it
erator_base_types.h:127:34: note: declared here
  127 |     struct _GLIBCXX17_DEPRECATED iterator
      |                                  ^~~~~~~~

../tbb_2020.3/include/tbb/atomic.h: In instantiation of 'tbb::atomic<T>& tbb::internal::as_atomic(T&) [with T = tbb::in
terface5::internal::hash_map_base::bucket*]':
../tbb_2020.3/include/tbb/concurrent_hash_map.h:294:31:   required from here
  294 |                   && as_atomic(my_table[new_seg]).compare_and_swap(is_allocating, NULL) == NULL )
      |                      ~~~~~~~~~^~~~~~~~~~~~~~~~~~~
../tbb_2020.3/include/tbb/atomic.h:573:12: warning: casting 'tbb::interface5::internal::hash_map_base::bucket*' to 'tbb
::atomic<tbb::interface5::internal::hash_map_base::bucket*>&' does not use 'constexpr tbb::atomic<T*>::atomic(T*) [with
 T = tbb::interface5::internal::hash_map_base::bucket]' [-Wcast-user-defined]
  573 |     return (atomic<T>&)t;
      |            ^~~~~~~~~~~~~

In file included from ../tbb_2020.3/include/tbb/internal/_concurrent_queue_impl.h:26,
                 from ../tbb_2020.3/src/tbb/concurrent_queue.cpp:22:
../tbb_2020.3/include/tbb/internal/../atomic.h:422:24: warning: template-id not allowed for constructor in C++20 [-Wtem
plate-id-cdtor]
  422 |     constexpr atomic<T>(const atomic<T>& rhs): internal::atomic_impl<T>(rhs) {}
      |                        ^

../tbb_2020.3/include/tbb/internal/../atomic.h:422:24: note: remove the '< >'
../tbb_2020.3/include/tbb/internal/../atomic.h:437:32: warning: template-id not allowed for constructor in C++20 [-Wtem
plate-id-cdtor]
  437 |             constexpr atomic<T>(const atomic<T>& rhs):                                              \
      |                                ^
../tbb_2020.3/include/tbb/internal/../atomic.h:454:1: note: in expansion of macro '__TBB_DECL_ATOMIC'
  454 | __TBB_DECL_ATOMIC(__TBB_LONG_LONG)
      | ^~~~~~~~~~~~~~~~~
../tbb_2020.3/include/tbb/internal/../atomic.h:437:32: note: remove the '< >'
  437 |             constexpr atomic<T>(const atomic<T>& rhs):                                              \
      |                                ^
../tbb_2020.3/include/tbb/internal/../atomic.h:454:1: note: in expansion of macro '__TBB_DECL_ATOMIC'
  454 | __TBB_DECL_ATOMIC(__TBB_LONG_LONG)
      | ^~~~~~~~~~~~~~~~~

../tbb_2020.3/include/tbb/internal/../atomic.h:437:32: warning: template-id not allowed for constructor in C++20 [-Wtem
plate-id-cdtor]
  437 |             constexpr atomic<T>(const atomic<T>& rhs):                                              \
      |                                ^
../tbb_2020.3/include/tbb/internal/../atomic.h:455:1: note: in expansion of macro '__TBB_DECL_ATOMIC'
  455 | __TBB_DECL_ATOMIC(unsigned __TBB_LONG_LONG)
      | ^~~~~~~~~~~~~~~~~
../tbb_2020.3/include/tbb/internal/../atomic.h:437:32: note: remove the '< >'
  437 |             constexpr atomic<T>(const atomic<T>& rhs):                                              \
      |                                ^
../tbb_2020.3/include/tbb/internal/../atomic.h:455:1: note: in expansion of macro '__TBB_DECL_ATOMIC'
  455 | __TBB_DECL_ATOMIC(unsigned __TBB_LONG_LONG)
      | ^~~~~~~~~~~~~~~~~

../tbb_2020.3/include/tbb/internal/../atomic.h:437:32: warning: template-id not allowed for constructor in C++20 [-Wtem
plate-id-cdtor]
  437 |             constexpr atomic<T>(const atomic<T>& rhs):                                              \
      |                                ^
../tbb_2020.3/include/tbb/internal/../atomic.h:459:1: note: in expansion of macro '__TBB_DECL_ATOMIC'
  459 | __TBB_DECL_ATOMIC(long)
      | ^~~~~~~~~~~~~~~~~

../tbb_2020.3/include/tbb/internal/../atomic.h:437:32: note: remove the '< >'
  437 |             constexpr atomic<T>(const atomic<T>& rhs):                                              \
      |                                ^
../tbb_2020.3/include/tbb/internal/../atomic.h:459:1: note: in expansion of macro '__TBB_DECL_ATOMIC'
  459 | __TBB_DECL_ATOMIC(long)
      | ^~~~~~~~~~~~~~~~~

../tbb_2020.3/include/tbb/internal/../atomic.h:437:32: warning: template-id not allowed for constructor in C++20 [-Wtem
plate-id-cdtor]
  437 |             constexpr atomic<T>(const atomic<T>& rhs):                                              \
      |                                ^
../tbb_2020.3/include/tbb/internal/../atomic.h:460:1: note: in expansion of macro '__TBB_DECL_ATOMIC'
  460 | __TBB_DECL_ATOMIC(unsigned long)
      | ^~~~~~~~~~~~~~~~~
../tbb_2020.3/include/tbb/internal/../atomic.h:437:32: note: remove the '< >'
  437 |             constexpr atomic<T>(const atomic<T>& rhs):                                              \
      |                                ^
../tbb_2020.3/include/tbb/internal/../atomic.h:460:1: note: in expansion of macro '__TBB_DECL_ATOMIC'
  460 | __TBB_DECL_ATOMIC(unsigned long)
      | ^~~~~~~~~~~~~~~~~

../tbb_2020.3/include/tbb/internal/../atomic.h:437:32: warning: template-id not allowed for constructor in C++20 [-Wtem
plate-id-cdtor]
  437 |             constexpr atomic<T>(const atomic<T>& rhs):                                              \
      |                                ^
../tbb_2020.3/include/tbb/internal/../atomic.h:491:1: note: in expansion of macro '__TBB_DECL_ATOMIC'
  491 | __TBB_DECL_ATOMIC(unsigned)
      | ^~~~~~~~~~~~~~~~~
../tbb_2020.3/include/tbb/internal/../atomic.h:437:32: note: remove the '< >'
  437 |             constexpr atomic<T>(const atomic<T>& rhs):                                              \
      |                                ^
../tbb_2020.3/include/tbb/internal/../atomic.h:491:1: note: in expansion of macro '__TBB_DECL_ATOMIC'
  491 | __TBB_DECL_ATOMIC(unsigned)
      | ^~~~~~~~~~~~~~~~~

../tbb_2020.3/include/tbb/internal/../atomic.h:437:32: warning: template-id not allowed for constructor in C++20 [-Wtem
plate-id-cdtor]
  437 |             constexpr atomic<T>(const atomic<T>& rhs):                                              \
      |                                ^
../tbb_2020.3/include/tbb/internal/../atomic.h:492:1: note: in expansion of macro '__TBB_DECL_ATOMIC'
  492 | __TBB_DECL_ATOMIC(int)
      | ^~~~~~~~~~~~~~~~~
../tbb_2020.3/include/tbb/internal/../atomic.h:437:32: note: remove the '< >'
  437 |             constexpr atomic<T>(const atomic<T>& rhs):                                              \
      |                                ^
../tbb_2020.3/include/tbb/internal/../atomic.h:492:1: note: in expansion of macro '__TBB_DECL_ATOMIC'
  492 | __TBB_DECL_ATOMIC(int)
      | ^~~~~~~~~~~~~~~~~

../tbb_2020.3/include/tbb/internal/../atomic.h:437:32: warning: template-id not allowed for constructor in C++20 [-Wtem
plate-id-cdtor]
  437 |             constexpr atomic<T>(const atomic<T>& rhs):                                              \
      |                                ^
../tbb_2020.3/include/tbb/internal/../atomic.h:495:1: note: in expansion of macro '__TBB_DECL_ATOMIC'
  495 | __TBB_DECL_ATOMIC(unsigned short)
      | ^~~~~~~~~~~~~~~~~
../tbb_2020.3/include/tbb/internal/../atomic.h:437:32: note: remove the '< >'
  437 |             constexpr atomic<T>(const atomic<T>& rhs):                                              \
      |                                ^
../tbb_2020.3/include/tbb/internal/../atomic.h:495:1: note: in expansion of macro '__TBB_DECL_ATOMIC'
  495 | __TBB_DECL_ATOMIC(unsigned short)
      | ^~~~~~~~~~~~~~~~~

../tbb_2020.3/include/tbb/internal/../atomic.h:437:32: warning: template-id not allowed for constructor in C++20 [-Wtem
plate-id-cdtor]
  437 |             constexpr atomic<T>(const atomic<T>& rhs):                                              \
      |                                ^
../tbb_2020.3/include/tbb/internal/../atomic.h:496:1: note: in expansion of macro '__TBB_DECL_ATOMIC'
  496 | __TBB_DECL_ATOMIC(short)
      | ^~~~~~~~~~~~~~~~~

../tbb_2020.3/include/tbb/internal/../atomic.h:437:32: note: remove the '< >'
  437 |             constexpr atomic<T>(const atomic<T>& rhs):                                              \
      |                                ^
../tbb_2020.3/include/tbb/internal/../atomic.h:496:1: note: in expansion of macro '__TBB_DECL_ATOMIC'
  496 | __TBB_DECL_ATOMIC(short)
      | ^~~~~~~~~~~~~~~~~

../tbb_2020.3/include/tbb/internal/../atomic.h:437:32: warning: template-id not allowed for constructor in C++20 [-Wtem
plate-id-cdtor]
  437 |             constexpr atomic<T>(const atomic<T>& rhs):                                              \
      |                                ^
../tbb_2020.3/include/tbb/internal/../atomic.h:497:1: note: in expansion of macro '__TBB_DECL_ATOMIC'
  497 | __TBB_DECL_ATOMIC(char)
      | ^~~~~~~~~~~~~~~~~
../tbb_2020.3/include/tbb/internal/../atomic.h:437:32: note: remove the '< >'
  437 |             constexpr atomic<T>(const atomic<T>& rhs):                                              \
      |                                ^
../tbb_2020.3/include/tbb/internal/../atomic.h:497:1: note: in expansion of macro '__TBB_DECL_ATOMIC'
  497 | __TBB_DECL_ATOMIC(char)
      | ^~~~~~~~~~~~~~~~~

../tbb_2020.3/include/tbb/internal/../atomic.h:437:32: warning: template-id not allowed for constructor in C++20 [-Wtem
plate-id-cdtor]
  437 |             constexpr atomic<T>(const atomic<T>& rhs):                                              \
      |                                ^
../tbb_2020.3/include/tbb/internal/../atomic.h:498:1: note: in expansion of macro '__TBB_DECL_ATOMIC'
  498 | __TBB_DECL_ATOMIC(signed char)
      | ^~~~~~~~~~~~~~~~~
../tbb_2020.3/include/tbb/internal/../atomic.h:437:32: note: remove the '< >'
  437 |             constexpr atomic<T>(const atomic<T>& rhs):                                              \
      |                                ^
../tbb_2020.3/include/tbb/internal/../atomic.h:498:1: note: in expansion of macro '__TBB_DECL_ATOMIC'
  498 | __TBB_DECL_ATOMIC(signed char)
      | ^~~~~~~~~~~~~~~~~

../tbb_2020.3/include/tbb/internal/../atomic.h:437:32: warning: template-id not allowed for constructor in C++20 [-Wtem
plate-id-cdtor]
  437 |             constexpr atomic<T>(const atomic<T>& rhs):                                              \
      |                                ^
../tbb_2020.3/include/tbb/internal/../atomic.h:499:1: note: in expansion of macro '__TBB_DECL_ATOMIC'
  499 | __TBB_DECL_ATOMIC(unsigned char)
      | ^~~~~~~~~~~~~~~~~

../tbb_2020.3/include/tbb/internal/../atomic.h:437:32: note: remove the '< >'
  437 |             constexpr atomic<T>(const atomic<T>& rhs):                                              \
      |                                ^
../tbb_2020.3/include/tbb/internal/../atomic.h:499:1: note: in expansion of macro '__TBB_DECL_ATOMIC'
  499 | __TBB_DECL_ATOMIC(unsigned char)
      | ^~~~~~~~~~~~~~~~~

../tbb_2020.3/include/tbb/internal/../atomic.h:437:32: warning: template-id not allowed for constructor in C++20 [-Wtem
plate-id-cdtor]
  437 |             constexpr atomic<T>(const atomic<T>& rhs):                                              \
      |                                ^
../tbb_2020.3/include/tbb/internal/../atomic.h:502:1: note: in expansion of macro '__TBB_DECL_ATOMIC'
  502 | __TBB_DECL_ATOMIC(wchar_t)
      | ^~~~~~~~~~~~~~~~~
../tbb_2020.3/include/tbb/internal/../atomic.h:437:32: note: remove the '< >'
  437 |             constexpr atomic<T>(const atomic<T>& rhs):                                              \
      |                                ^
../tbb_2020.3/include/tbb/internal/../atomic.h:502:1: note: in expansion of macro '__TBB_DECL_ATOMIC'
  502 | __TBB_DECL_ATOMIC(wchar_t)
      | ^~~~~~~~~~~~~~~~~

../tbb_2020.3/include/tbb/internal/_concurrent_queue_impl.h:749:21: warning: 'template<class _Category, class _Tp, clas
s _Distance, class _Pointer, class _Reference> struct std::iterator' is deprecated [-Wdeprecated-declarations]
  749 |         public std::iterator<std::forward_iterator_tag,Value> {
      |                     ^~~~~~~~

In file included from C:/work/rtools45/x86_64-w64-mingw32.static.posix/lib/gcc/x86_64-w64-mingw32.static.posix/14.3.0/i
nclude/c++/bits/stl_construct.h:61,
                 from C:/work/rtools45/x86_64-w64-mingw32.static.posix/lib/gcc/x86_64-w64-mingw32.static.posix/14.3.0/i
nclude/c++/bits/stl_tempbuf.h:61,
                 from C:/work/rtools45/x86_64-w64-mingw32.static.posix/lib/gcc/x86_64-w64-mingw32.static.posix/14.3.0/i
nclude/c++/memory:66,
                 from ../tbb_2020.3/include/tbb/tbb_stddef.h:452,
                 from ../tbb_2020.3/src/tbb/concurrent_queue.cpp:17:
C:/work/rtools45/x86_64-w64-mingw32.static.posix/lib/gcc/x86_64-w64-mingw32.static.posix/14.3.0/include/c++/bits/stl_it
erator_base_types.h:127:34: note: declared here
  127 |     struct _GLIBCXX17_DEPRECATED iterator
      |                                  ^~~~~~~~

../tbb_2020.3/include/tbb/internal/_concurrent_queue_impl.h:1013:21: warning: 'template<class _Category, class _Tp, cla
ss _Distance, class _Pointer, class _Reference> struct std::iterator' is deprecated [-Wdeprecated-declarations]
 1013 |         public std::iterator<std::forward_iterator_tag,Value> {
      |                     ^~~~~~~~

C:/work/rtools45/x86_64-w64-mingw32.static.posix/lib/gcc/x86_64-w64-mingw32.static.posix/14.3.0/include/c++/bits/stl_it
erator_base_types.h:127:34: note: declared here
  127 |     struct _GLIBCXX17_DEPRECATED iterator
      |                                  ^~~~~~~~

In file included from ../tbb_2020.3/include/tbb/concurrent_vector.h:25,
                 from ../tbb_2020.3/src/tbb/concurrent_vector.cpp:23:
../tbb_2020.3/include/tbb/atomic.h:422:24: warning: template-id not allowed for constructor in C++20 [-Wtemplate-id-cdt
or]
  422 |     constexpr atomic<T>(const atomic<T>& rhs): internal::atomic_impl<T>(rhs) {}
      |                        ^

../tbb_2020.3/include/tbb/atomic.h:422:24: note: remove the '< >'
../tbb_2020.3/include/tbb/atomic.h:437:32: warning: template-id not allowed for constructor in C++20 [-Wtemplate-id-cdt
or]
  437 |             constexpr atomic<T>(const atomic<T>& rhs):                                              \
      |                                ^
../tbb_2020.3/include/tbb/atomic.h:454:1: note: in expansion of macro '__TBB_DECL_ATOMIC'
  454 | __TBB_DECL_ATOMIC(__TBB_LONG_LONG)
      | ^~~~~~~~~~~~~~~~~
../tbb_2020.3/include/tbb/atomic.h:437:32: note: remove the '< >'
  437 |             constexpr atomic<T>(const atomic<T>& rhs):                                              \
      |                                ^
../tbb_2020.3/include/tbb/atomic.h:454:1: note: in expansion of macro '__TBB_DECL_ATOMIC'
  454 | __TBB_DECL_ATOMIC(__TBB_LONG_LONG)
      | ^~~~~~~~~~~~~~~~~

../tbb_2020.3/include/tbb/atomic.h:437:32: warning: template-id not allowed for constructor in C++20 [-Wtemplate-id-cdt
or]
  437 |             constexpr atomic<T>(const atomic<T>& rhs):                                              \
      |                                ^
../tbb_2020.3/include/tbb/atomic.h:455:1: note: in expansion of macro '__TBB_DECL_ATOMIC'
  455 | __TBB_DECL_ATOMIC(unsigned __TBB_LONG_LONG)
      | ^~~~~~~~~~~~~~~~~
../tbb_2020.3/include/tbb/atomic.h:437:32: note: remove the '< >'
  437 |             constexpr atomic<T>(const atomic<T>& rhs):                                              \
      |                                ^
../tbb_2020.3/include/tbb/atomic.h:455:1: note: in expansion of macro '__TBB_DECL_ATOMIC'
  455 | __TBB_DECL_ATOMIC(unsigned __TBB_LONG_LONG)
      | ^~~~~~~~~~~~~~~~~

../tbb_2020.3/include/tbb/atomic.h:437:32: warning: template-id not allowed for constructor in C++20 [-Wtemplate-id-cdt
or]
  437 |             constexpr atomic<T>(const atomic<T>& rhs):                                              \
      |                                ^
../tbb_2020.3/include/tbb/atomic.h:459:1: note: in expansion of macro '__TBB_DECL_ATOMIC'
  459 | __TBB_DECL_ATOMIC(long)
      | ^~~~~~~~~~~~~~~~~
../tbb_2020.3/include/tbb/atomic.h:437:32: note: remove the '< >'
  437 |             constexpr atomic<T>(const atomic<T>& rhs):                                              \
      |                                ^
../tbb_2020.3/include/tbb/atomic.h:459:1: note: in expansion of macro '__TBB_DECL_ATOMIC'
  459 | __TBB_DECL_ATOMIC(long)
      | ^~~~~~~~~~~~~~~~~
../tbb_2020.3/include/tbb/atomic.h:437:32: warning: template-id not allowed for constructor in C++20 [-Wtemplate-id-cdt
or]
  437 |             constexpr atomic<T>(const atomic<T>& rhs):                                              \
      |                                ^
../tbb_2020.3/include/tbb/atomic.h:460:1: note: in expansion of macro '__TBB_DECL_ATOMIC'
  460 | __TBB_DECL_ATOMIC(unsigned long)
      | ^~~~~~~~~~~~~~~~~
../tbb_2020.3/include/tbb/atomic.h:437:32: note: remove the '< >'
  437 |             constexpr atomic<T>(const atomic<T>& rhs):                                              \
      |                                ^
../tbb_2020.3/include/tbb/atomic.h:460:1: note: in expansion of macro '__TBB_DECL_ATOMIC'
  460 | __TBB_DECL_ATOMIC(unsigned long)
      | ^~~~~~~~~~~~~~~~~

../tbb_2020.3/include/tbb/atomic.h:437:32: warning: template-id not allowed for constructor in C++20 [-Wtemplate-id-cdt
or]
  437 |             constexpr atomic<T>(const atomic<T>& rhs):                                              \
      |                                ^
../tbb_2020.3/include/tbb/atomic.h:491:1: note: in expansion of macro '__TBB_DECL_ATOMIC'
  491 | __TBB_DECL_ATOMIC(unsigned)
      | ^~~~~~~~~~~~~~~~~
../tbb_2020.3/include/tbb/atomic.h:437:32: note: remove the '< >'
  437 |             constexpr atomic<T>(const atomic<T>& rhs):                                              \
      |                                ^
../tbb_2020.3/include/tbb/atomic.h:491:1: note: in expansion of macro '__TBB_DECL_ATOMIC'
  491 | __TBB_DECL_ATOMIC(unsigned)
      | ^~~~~~~~~~~~~~~~~

../tbb_2020.3/include/tbb/atomic.h:437:32: warning: template-id not allowed for constructor in C++20 [-Wtemplate-id-cdt
or]
  437 |             constexpr atomic<T>(const atomic<T>& rhs):                                              \
      |                                ^
../tbb_2020.3/include/tbb/atomic.h:492:1: note: in expansion of macro '__TBB_DECL_ATOMIC'
  492 | __TBB_DECL_ATOMIC(int)
      | ^~~~~~~~~~~~~~~~~
../tbb_2020.3/include/tbb/atomic.h:437:32: note: remove the '< >'
  437 |             constexpr atomic<T>(const atomic<T>& rhs):                                              \
      |                                ^
../tbb_2020.3/include/tbb/atomic.h:492:1: note: in expansion of macro '__TBB_DECL_ATOMIC'
  492 | __TBB_DECL_ATOMIC(int)
      | ^~~~~~~~~~~~~~~~~

../tbb_2020.3/include/tbb/atomic.h:437:32: warning: template-id not allowed for constructor in C++20 [-Wtemplate-id-cdt
or]
  437 |             constexpr atomic<T>(const atomic<T>& rhs):                                              \
      |                                ^
../tbb_2020.3/include/tbb/atomic.h:495:1: note: in expansion of macro '__TBB_DECL_ATOMIC'
  495 | __TBB_DECL_ATOMIC(unsigned short)
      | ^~~~~~~~~~~~~~~~~
../tbb_2020.3/include/tbb/atomic.h:437:32: note: remove the '< >'
  437 |             constexpr atomic<T>(const atomic<T>& rhs):                                              \
      |                                ^
../tbb_2020.3/include/tbb/atomic.h:495:1: note: in expansion of macro '__TBB_DECL_ATOMIC'
  495 | __TBB_DECL_ATOMIC(unsigned short)
      | ^~~~~~~~~~~~~~~~~

../tbb_2020.3/include/tbb/atomic.h:437:32: warning: template-id not allowed for constructor in C++20 [-Wtemplate-id-cdt
or]
  437 |             constexpr atomic<T>(const atomic<T>& rhs):                                              \
      |                                ^
../tbb_2020.3/include/tbb/atomic.h:496:1: note: in expansion of macro '__TBB_DECL_ATOMIC'
  496 | __TBB_DECL_ATOMIC(short)
      | ^~~~~~~~~~~~~~~~~
../tbb_2020.3/include/tbb/atomic.h:437:32: note: remove the '< >'
  437 |             constexpr atomic<T>(const atomic<T>& rhs):                                              \
      |                                ^
../tbb_2020.3/include/tbb/atomic.h:496:1: note: in expansion of macro '__TBB_DECL_ATOMIC'
  496 | __TBB_DECL_ATOMIC(short)
      | ^~~~~~~~~~~~~~~~~
../tbb_2020.3/include/tbb/atomic.h:437:32: warning: template-id not allowed for constructor in C++20 [-Wtemplate-id-cdt
or]
  437 |             constexpr atomic<T>(const atomic<T>& rhs):                                              \
      |                                ^
../tbb_2020.3/include/tbb/atomic.h:497:1: note: in expansion of macro '__TBB_DECL_ATOMIC'
  497 | __TBB_DECL_ATOMIC(char)
      | ^~~~~~~~~~~~~~~~~
../tbb_2020.3/include/tbb/atomic.h:437:32: note: remove the '< >'
  437 |             constexpr atomic<T>(const atomic<T>& rhs):                                              \
      |                                ^
../tbb_2020.3/include/tbb/atomic.h:497:1: note: in expansion of macro '__TBB_DECL_ATOMIC'
  497 | __TBB_DECL_ATOMIC(char)
      | ^~~~~~~~~~~~~~~~~
../tbb_2020.3/include/tbb/atomic.h:437:32: warning: template-id not allowed for constructor in C++20 [-Wtemplate-id-cdt
or]
  437 |             constexpr atomic<T>(const atomic<T>& rhs):                                              \
      |                                ^
../tbb_2020.3/include/tbb/atomic.h:498:1: note: in expansion of macro '__TBB_DECL_ATOMIC'
  498 | __TBB_DECL_ATOMIC(signed char)
      | ^~~~~~~~~~~~~
~~~~
../tbb_2020.3/include/tbb/atomic.h:437:32: note: remove the '< >'
  437 |             constexpr atomic<T>(const atomic<T>& rhs):                                              \
      |                                ^
../tbb_2020.3/include/tbb/atomic.h:498:1: note: in expansion of macro '__TBB_DECL_ATOMIC'
  498 | __TBB_DECL_ATOMIC(signed char)
      | ^~~~~~~~~~~~~~~~~
../tbb_2020.3/include/tbb/atomic.h:437:32: warning: template-id not allowed for constructor in C++20 [-Wtemplate-id-cdt
or]
  437 |             constexpr atomic<T>(const atomic<T>& rhs):                                              \
      |                                ^
../tbb_2020.3/include/tbb/atomic.h:499:1: note: in expansion of macro '__TBB_DECL_ATOMIC'
  499 | __TBB_DECL_ATOMIC(unsigned char)
      | ^~~~~~~~~~~~~~~~~
../tbb_2020.3/include/tbb/atomic.h:437:32: note: remove the '< >'
  437 |             constexpr atomic<T>(const atomic<T>& rhs):                                              \
      |                                ^
../tbb_2020.3/include/tbb/atomic.h:499:1: note: in expansion of macro '__TBB_DECL_ATOMIC'
  499 | __TBB_DECL_ATOMIC(unsigned char)
      | ^~~~~~~~~~~~~~~~~
../tbb_2020.3/include/tbb/atomic.h:437:32: warning: template-id not allowed for constructor in C++20 [-Wtemplate-id-cdt
or]
  437 |             constexpr atomic<T>(const atomic<T>& rhs):                                              \
      |                                ^
../tbb_2020.3/include/tbb/atomic.h:502:1: note: in expansion of macro '__TBB_DECL_ATOMIC'
  502 | __TBB_DECL_ATOMIC(wchar_t)
      | ^~~~~~~~~~~~~~~~~
../tbb_2020.3/include/tbb/atomic.h:437:32: note: remove the '< >'
  437 |             constexpr atomic<T>(const atomic<T>& rhs):                                              \
      |                                ^
../tbb_2020.3/include/tbb/atomic.h:502:1: note: in expansion of macro '__TBB_DECL_ATOMIC'
  502 | __TBB_DECL_ATOMIC(wchar_t)
      | ^~~~~~~~~~~~~~~~~

In file included from ../tbb_2020.3/src/tbb/tbb_misc.h:22,
                 from ../tbb_2020.3/src/tbb/dynamic_link.cpp:53:
../tbb_2020.3/include/tbb/atomic.h:422:24: warning: template-id not allowed for constructor in C++20 [-Wtemplate-id-cdt
or]
  422 |     constexpr atomic<T>(const atomic<T>& rhs): internal::atomic_impl<T>(rhs) {}
      |                        ^

../tbb_2020.3/include/tbb/atomic.h:422:24: note: remove the '< >'
../tbb_2020.3/include/tbb/atomic.h:437:32: warning: template-id not allowed for constructor in C++20 [-Wtemplate-id-cdt
or]
  437 |             constexpr atomic<T>(const atomic<T>& rhs):                                              \
      |                                ^
../tbb_2020.3/include/tbb/atomic.h:454:1: note: in expansion of macro '__TBB_DECL_ATOMIC'
  454 | __TBB_DECL_ATOMIC(__TBB_LONG_LONG)
      | ^~~~~~~~~~~~~~~~~
../tbb_2020.3/include/tbb/atomic.h:437:32: note: remove the '< >'
  437 |             constexpr atomic<T>(const atomic<T>& rhs):                                              \
      |                                ^
../tbb_2020.3/include/tbb/atomic.h:454:1: note: in expansion of macro '__TBB_DECL_ATOMIC'
  454 | __TBB_DECL_ATOMIC(__TBB_LONG_LONG)
      | ^~~~~~~~~~~~~~~~~

../tbb_2020.3/include/tbb/atomic.h:437:32: warning: template-id not allowed for constructor in C++20 [-Wtemplate-id-cdt
or]
  437 |             constexpr atomic<T>(const atomic<T>& rhs):                                              \
      |                                ^
../tbb_2020.3/include/tbb/atomic.h:455:1: note: in expansion of macro '__TBB_DECL_ATOMIC'
  455 | __TBB_DECL_ATOMIC(unsigned __TBB_LONG_LONG)
      | ^~~~~~~~~~~~~~~~~
../tbb_2020.3/include/tbb/atomic.h:437:32: note: remove the '< >'
  437 |             constexpr atomic<T>(const atomic<T>& rhs):                                              \
      |                                ^
../tbb_2020.3/include/tbb/atomic.h:455:1: note: in expansion of macro '__TBB_DECL_ATOMIC'
  455 | __TBB_DECL_ATOMIC(unsigned __TBB_LONG_LONG)
      | ^~~~~~~~~~~~~~~~~
../tbb_2020.3/include/tbb/atomic.h:437:32: warning: template-id not allowed for constructor in C++20 [-Wtemplate-id-cdt
or]
  437 |             constexpr atomic<T>(const atomic<T>& rhs):                                              \
      |                                ^
../tbb_2020.3/include/tbb/atomic.h:459:1: note: in expansion of macro '__TBB_DECL_ATOMIC'
  459 | __TBB_DECL_ATOMIC(long)
      | ^~~~~~~~~~~~~~~~~

../tbb_2020.3/include/tbb/atomic.h:437:32: note: remove the '< >'
  437 |             constexpr atomic<T>(const atomic<T>& rhs):                                              \
      |                                ^
../tbb_2020.3/include/tbb/atomic.h:459:1: note: in expansion of macro '__TBB_DECL_ATOMIC'
  459 | __TBB_DECL_ATOMIC(long)
      | ^~~~~~~~~~~~~~~~~
../tbb_2020.3/include/tbb/atomic.h:437:32: warning: template-id not allowed for constructor in C++20 [-Wtemplate-id-cdt
or]
  437 |             constexpr atomic<T>(const atomic<T>& rhs):                                              \
      |                                ^
../tbb_2020.3/include/tbb/atomic.h:460:1: note: in expansion of macro '__TBB_DECL_ATOMIC'
  460 | __TBB_DECL_ATOMIC(unsigned long)
      | ^~~~~~~~~~~~~~~~~
../tbb_2020.3/include/tbb/atomic.h:437:32: note: remove the '< >'
  437 |             constexpr atomic<T>(const atomic<T>& rhs):                                              \
      |                                ^
../tbb_2020.3/include/tbb/atomic.h:460:1: note: in expansion of macro '__TBB_DECL_ATOMIC'
  460 | __TBB_DECL_ATOMIC(unsigned long)
      | ^~~~~~~~~~~~~~~~~

../tbb_2020.3/include/tbb/atomic.h:437:32: warning: template-id not allowed for constructor in C++20 [-Wtemplate-id-cdt
or]
  437 |             constexpr atomic<T>(const atomic<T>& rhs):                                              \
      |                                ^
../tbb_2020.3/include/tbb/atomic.h:491:1: note: in expansion of macro '__TBB_DECL_ATOMIC'
  491 | __TBB_DECL_ATOMIC(unsigned)
      | ^~~~~~~~~~~~~~~~~

../tbb_2020.3/include/tbb/atomic.h:437:32: note: remove the '< >'
  437 |             constexpr atomic<T>(const atomic<T>& rhs):                                              \
      |                                ^
../tbb_2020.3/include/tbb/atomic.h:491:1: note: in expansion of macro '__TBB_DECL_ATOMIC'
  491 | __TBB_DECL_ATOMIC(unsigned)
      | ^~~~~~~~~~~~~~~~~

../tbb_2020.3/include/tbb/atomic.h:437:32: warning: template-id not allowed for constructor in C++20 [-Wtemplate-id-cdt
or]
  437 |             constexpr atomic<T>(const atomic<T>& rhs):                                              \
      |                                ^
../tbb_2020.3/include/tbb/atomic.h:492:1: note: in expansion of macro '__TBB_DECL_ATOMIC'
  492 | __TBB_DECL_ATOMIC(int)
      | ^~~~~~~~~~~~~~~~~
../tbb_2020.3/include/tbb/atomic.h:437:32: note: remove the '< >'
  437 |             constexpr atomic<T>(const atomic<T>& rhs):                                              \
      |                                ^
../tbb_2020.3/include/tbb/atomic.h:492:1: note: in expansion of macro '__TBB_DECL_ATOMIC'
  492 | __TBB_DECL_ATOMIC(int)
      | ^~~~~~~~~~~~~~~~~

../tbb_2020.3/include/tbb/atomic.h:437:32: warning: template-id not allowed for constructor in C++20 [-Wtemplate-id-cdt
or]
  437 |             constexpr atomic<T>(const atomic<T>& rhs):                                              \
      |                                ^
../tbb_2020.3/include/tbb/atomic.h:495:1: note: in expansion of macro '__TBB_DECL_ATOMIC'
  495 | __TBB_DECL_ATOMIC(unsigned short)
      | ^~~~~~~~~~~~~~~~~

../tbb_2020.3/include/tbb/atomic.h:437:32: note: remove the '< >'
  437 |             constexpr atomic<T>(const atomic<T>& rhs):                                              \
      |                                ^
../tbb_2020.3/include/tbb/atomic.h:495:1: note: in expansion of macro '__TBB_DECL_ATOMIC'
  495 | __TBB_DECL_ATOMIC(unsigned short)
      | ^~~~~~~~~~~~~~~~~
../tbb_2020.3/include/tbb/atomic.h:437:32: warning: template-id not allowed for constructor in C++20 [-Wtemplate-id-cdt
or]
  437 |             constexpr atomic<T>(const atomic<T>& rhs):                                              \
      |                                ^
../tbb_2020.3/include/tbb/atomic.h:496:1: note: in expansion of macro '__TBB_DECL_ATOMIC'
  496 | __TBB_DECL_ATOMIC(short)
      | ^~~~~~~~~~~~~~~~~
../tbb_2020.3/include/tbb/atomic.h:437:32: note: remove the '< >'
  437 |             constexpr atomic<T>(const atomic<T>& rhs):                                              \
      |                                ^
../tbb_2020.3/include/tbb/atomic.h:496:1: note: in expansion of macro '__TBB_DECL_ATOMIC'
  496 | __TBB_DECL_ATOMIC(short)
      | ^~~~~~~~~~~~~~~~~

../tbb_2020.3/include/tbb/atomic.h:437:32: warning: template-id not allowed for constructor in C++20 [-Wtemplate-id-cdt
or]
  437 |             constexpr atomic<T>(const atomic<T>& rhs):                                              \
      |                                ^
../tbb_2020.3/include/tbb/atomic.h:497:1: note: in expansion of macro '__TBB_DECL_ATOMIC'
  497 | __TBB_DECL_ATOMIC(char)
      | ^~~~~~~~~~~~~~~~~
../tbb_2020.3/include/tbb/atomic.h:437:32: note: remove the '< >'
  437 |             constexpr atomic<T>(const atomic<T>& rhs):                                              \
      |                                ^
../tbb_2020.3/include/tbb/atomic.h:497:1: note: in expansion of macro '__TBB_DECL_ATOMIC'
  497 | __TBB_DECL_ATOMIC(char)
      | ^~~~~~~~~~~~~~~~~
../tbb_2020.3/include/tbb/atomic.h:437:32: warning: template-id not allowed for constructor in C++20 [-Wtemplate-id-cdt
or]
  437 |             constexpr atomic<T>(const atomic<T>& rhs):                                              \
      |                                ^
../tbb_2020.3/include/tbb/atomic.h:498:1: note: in expansion of macro '__TBB_DECL_ATOMIC'
  498 | __TBB_DECL_ATOMIC(signed char)
      | ^~~~~~~~~~~~~~~~~
../tbb_2020.3/include/tbb/atomic.h:437:32: note: remove the '< >'
  437 |             constexpr atomic<T>(const atomic<T>& rhs):                                              \
      |                                ^
../tbb_2020.3/include/tbb/atomic.h:498:1: note: in expansion of macro '__TBB_DECL_ATOMIC'
  498 | __TBB_DECL_ATOMIC(signed char)
      | ^~~~~~~~~~~~~~~~~

../tbb_2020.3/include/tbb/atomic.h:437:32: warning: template-id not allowed for constructor in C++20 [-Wtemplate-id-cdt
or]
  437 |             constexpr atomic<T>(const atomic<T>& rhs):                                              \
      |                                ^
../tbb_2020.3/include/tbb/atomic.h:499:1: note: in expansion of macro '__TBB_DECL_ATOMIC'
  499 | __TBB_DECL_ATOMIC(unsigned char)
      | ^~~~~~~~~~~~~~~~~
../tbb_2020.3/include/tbb/atomic.h:437:32: note: remove the '< >'
  437 |             constexpr atomic<T>(const atomic<T>& rhs):                                              \
      |                                ^
../tbb_2020.3/include/tbb/atomic.h:499:1: note: in expansion of macro '__TBB_DECL_ATOMIC'
  499 | __TBB_DECL_ATOMIC(unsigned char)
      | ^~~~~~~~~~~~~~~~~

../tbb_2020.3/include/tbb/atomic.h:437:32: warning: template-id not allowed for constructor in C++20 [-Wtemplate-id-cdt
or]
  437 |             constexpr atomic<T>(const atomic<T>& rhs):                                              \
      |                                ^
../tbb_2020.3/include/tbb/atomic.h:502:1: note: in expansion of macro '__TBB_DECL_ATOMIC'
  502 | __TBB_DECL_ATOMIC(wchar_t)
      | ^~~~~~~~~~~~~~~~~
../tbb_2020.3/include/tbb/atomic.h:437:32: note: remove the '< >'
  437 |             constexpr atomic<T>(const atomic<T>& rhs):                                              \
      |                                ^
../tbb_2020.3/include/tbb/atomic.h:502:1: note: in expansion of macro '__TBB_DECL_ATOMIC'
  502 | __TBB_DECL_ATOMIC(wchar_t)
      | ^~~~~~~~~~~~~~~~~

../tbb_2020.3/src/tbb/dynamic_link.cpp: In function 'void tbb::internal::dynamic_unlink(dynamic_link_handle)':
../tbb_2020.3/src/tbb/dynamic_link.cpp:33:39: warning: value computed is not used [-Wunused-value]
   33 |     #define dlclose( handle )       ( ! FreeLibrary( handle ) )
      |                                     ~~^~~~~~~~~~~~~~~~~~~~~~~~~
../tbb_2020.3/src/tbb/dynamic_link.cpp:418:13: note: in expansion of macro 'dlclose'
  418 |             dlclose( handle );
      |             ^~~~~~~

In file included from ../tbb_2020.3/src/tbb/tbb_misc.h:22,
                 from ../tbb_2020.3/src/tbb/cache_aligned_allocator.cpp:21:
../tbb_2020.3/include/tbb/atomic.h:422:24: warning: template-id not allowed for constructor in C++20 [-Wtemplate-id-cdt
or]
  422 |     constexpr atomic<T>(const atomic<T>& rhs): internal::atomic_impl<T>(rhs) {}
      |                        ^

../tbb_2020.3/include/tbb/atomic.h:422:24: note: remove the '< >'
../tbb_2020.3/include/tbb/atomic.h:437:32: warning: template-id not allowed for constructor in C++20 [-Wtemplate-id-cdt
or]
  437 |             constexpr atomic<T>(const atomic<T>& rhs):                                              \
      |                                ^
../tbb_2020.3/include/tbb/atomic.h:454:1: note: in expansion of macro '__TBB_DECL_ATOMIC'
  454 | __TBB_DECL_ATOMIC(__TBB_LONG_LONG)
      | ^~~~~~~~~~~~~~~~~
../tbb_2020.3/include/tbb/atomic.h:437:32: note: remove the '< >'
  437 |             constexpr atomic<T>(const atomic<T>& rhs):                                              \
      |                                ^
../tbb_2020.3/include/tbb/atomic.h:454:1: note: in expansion of macro '__TBB_DECL_ATOMIC'
  454 | __TBB_DECL_ATOMIC(__TBB_LONG_LONG)
      | ^~~~~~~~~~~~~~~~~

../tbb_2020.3/include/tbb/atomic.h:437:32: warning: template-id not allowed for constructor in C++20 [-Wtemplate-id-cdt
or]
  437 |             constexpr atomic<T>(const atomic<T>& rhs):                                              \
      |                                ^
../tbb_2020.3/include/tbb/atomic.h:455:1: note: in expansion of macro '__TBB_DECL_ATOMIC'
  455 | __TBB_DECL_ATOMIC(unsigned __TBB_LONG_LONG)
      | ^~~~~~~~~~~~~~~~~
../tbb_2020.3/include/tbb/atomic.h:437:32: note: remove the '< >'
  437 |             constexpr atomic<T>(const atomic<T>& rhs):                                              \
      |                                ^
../tbb_2020.3/include/tbb/atomic.h:455:1: note: in expansion of macro '__TBB_DECL_ATOMIC'
  455 | __TBB_DECL_ATOMIC(unsigned __TBB_LONG_LONG)
      | ^~~~~~~~~~~~~~~~~

../tbb_2020.3/include/tbb/atomic.h:437:32: warning: template-id not allowed for constructor in C++20 [-Wtemplate-id-cdt
or]
  437 |             constexpr atomic<T>(const atomic<T>& rhs):                                              \
      |                                ^
../tbb_2020.3/include/tbb/atomic.h:459:1: note: in expansion of macro '__TBB_DECL_ATOMIC'
  459 | __TBB_DECL_ATOMIC(long)
      | ^~~~~~~~~~~~~~~~~
../tbb_2020.3/include/tbb/atomic.h:437:32: note: remove the '< >'
  437 |             constexpr atomic<T>(const atomic<T>& rhs):                                              \
      |                                ^
../tbb_2020.3/include/tbb/atomic.h:459:1: note: in expansion of macro '__TBB_DECL_ATOMIC'
  459 | __TBB_DECL_ATOMIC(long)
      | ^~~~~~~~~~~~~~~~~

../tbb_2020.3/include/tbb/atomic.h:437:32: warning: template-id not allowed for constructor in C++20 [-Wtemplate-id-cdt
or]
  437 |             constexpr atomic<T>(const atomic<T>& rhs):                                              \
      |                                ^
../tbb_2020.3/include/tbb/atomic.h:460:1: note: in expansion of macro '__TBB_DECL_ATOMIC'
  460 | __TBB_DECL_ATOMIC(unsigned long)
      | ^~~~~~~~~~~~~~~~~
../tbb_2020.3/include/tbb/atomic.h:437:32: note: remove the '< >'
  437 |             constexpr atomic<T>(const atomic<T>& rhs):                                              \
      |                                ^
../tbb_2020.3/include/tbb/atomic.h:460:1: note: in expansion of macro '__TBB_DECL_ATOMIC'
  460 | __TBB_DECL_ATOMIC(unsigned long)
      | ^~~~~~~~~~~~~~~~~

../tbb_2020.3/include/tbb/atomic.h:437:32: warning: template-id not allowed for constructor in C++20 [-Wtemplate-id-cdt
or]
  437 |             constexpr atomic<T>(const atomic<T>& rhs):                                              \
      |                                ^
../tbb_2020.3/include/tbb/atomic.h:491:1: note: in expansion of macro '__TBB_DECL_ATOMIC'
  491 | __TBB_DECL_ATOMIC(unsigned)
      | ^~~~~~~~~~~~~~~~~
../tbb_2020.3/include/tbb/atomic.h:437:32: note: remove the '< >'
  437 |             constexpr atomic<T>(const atomic<T>& rhs):                                              \
      |                                ^
../tbb_2020.3/include/tbb/atomic.h:491:1: note: in expansion of macro '__TBB_DECL_ATOMIC'
  491 | __TBB_DECL_ATOMIC(unsigned)
      | ^~~~~~~~~~~~~~~~~

../tbb_2020.3/include/tbb/atomic.h:437:32: warning: template-id not allowed for constructor in C++20 [-Wtemplate-id-cdt
or]
  437 |             constexpr atomic<T>(const atomic<T>& rhs):                                              \
      |                                ^
../tbb_2020.3/include/tbb/atomic.h:492:1: note: in expansion of macro '__TBB_DECL_ATOMIC'
  492 | __TBB_DECL_ATOMIC(int)
      | ^~~~~~~~~~~~~~~~~
../tbb_2020.3/include/tbb/atomic.h:437:32: note: remove the '< >'
  437 |             constexpr atomic<T>(const atomic<T>& rhs):                                              \
      |                                ^
../tbb_2020.3/include/tbb/atomic.h:492:1: note: in expansion of macro '__TBB_DECL_ATOMIC'
  492 | __TBB_DECL_ATOMIC(int)
      | ^~~~~~~~~~~~~~~~~

../tbb_2020.3/include/tbb/atomic.h:437:32: warning: template-id not allowed for constructor in C++20 [-Wtemplate-id-cdt
or]
  437 |             constexpr atomic<T>(const atomic<T>& rhs):                                              \
      |                                ^
../tbb_2020.3/include/tbb/atomic.h:495:1: note: in expansion of macro '__TBB_DECL_ATOMIC'
  495 | __TBB_DECL_ATOMIC(unsigned short)
      | ^~~~~~~~~~~~~~~~~
../tbb_2020.3/include/tbb/atomic.h:437:32: note: remove the '< >'
  437 |             constexpr atomic<T>(const atomic<T>& rhs):                                              \
      |                                ^
../tbb_2020.3/include/tbb/atomic.h:495:1: note: in expansion of macro '__TBB_DECL_ATOMIC'
  495 | __TBB_DECL_ATOMIC(unsigned short)
      | ^~~~~~~~~~~~~~~~~

../tbb_2020.3/include/tbb/atomic.h:437:32: warning: template-id not allowed for constructor in C++20 [-Wtemplate-id-cdt
or]
  437 |             constexpr atomic<T>(const atomic<T>& rhs):                                              \
      |                                ^
../tbb_2020.3/include/tbb/atomic.h:496:1: note: in expansion of macro '__TBB_DECL_ATOMIC'
  496 | __TBB_DECL_ATOMIC(short)
      | ^~~~~~~~~~~~~~~~~

../tbb_2020.3/include/tbb/atomic.h:437:32: note: remove the '< >'
  437 |             constexpr atomic<T>(const atomic<T>& rhs):                                              \
      |                                ^
../tbb_2020.3/include/tbb/atomic.h:496:1: note: in expansion of macro '__TBB_DECL_ATOMIC'
  496 | __TBB_DECL_ATOMIC(short)
      | ^~~~~~~~~~~~~~~~~

../tbb_2020.3/include/tbb/atomic.h:437:32: warning: template-id not allowed for constructor in C++20 [-Wtemplate-id-cdt
or]
  437 |             constexpr atomic<T>(const atomic<T>& rhs):                                              \
      |                                ^
../tbb_2020.3/include/tbb/atomic.h:497:1: note: in expansion of macro '__TBB_DECL_ATOMIC'
  497 | __TBB_DECL_ATOMIC(char)
      | ^~~~~~~~~~~~~~~~~
../tbb_2020.3/include/tbb/atomic.h:437:32: note: remove the '< >'
  437 |             constexpr atomic<T>(const atomic<T>& rhs):                                              \
      |                                ^
../tbb_2020.3/include/tbb/atomic.h:497:1: note: in expansion of macro '__TBB_DECL_ATOMIC'
  497 | __TBB_DECL_ATOMIC(char)
      | ^~~~~~~~~~~~~~~~~

../tbb_2020.3/include/tbb/atomic.h:437:32: warning: template-id not allowed for constructor in C++20 [-Wtemplate-id-cdt
or]
  437 |             constexpr atomic<T>(const atomic<T>& rhs):                                              \
      |                                ^
../tbb_2020.3/include/tbb/atomic.h:498:1: note: in expansion of macro '__TBB_DECL_ATOMIC'
  498 | __TBB_DECL_ATOMIC(signed char)
      | ^~~~~~~~~~~~~~~~~

../tbb_2020.3/include/tbb/atomic.h:437:32: note: remove the '< >'
  437 |             constexpr atomic<T>(const atomic<T>& rhs):                                              \
      |                                ^
../tbb_2020.3/include/tbb/atomic.h:498:1: note: in expansion of macro '__TBB_DECL_ATOMIC'
  498 | __TBB_DECL_ATOMIC(signed char)
      | ^~~~~~~~~~~~~~~~~

../tbb_2020.3/include/tbb/atomic.h:437:32: warning: template-id not allowed for constructor in C++20 [-Wtemplate-id-cdt
or]
  437 |             constexpr atomic<T>(const atomic<T>& rhs):                                              \
      |                                ^
../tbb_2020.3/include/tbb/atomic.h:499:1: note: in expansion of macro '__TBB_DECL_ATOMIC'
  499 | __TBB_DECL_ATOMIC(unsigned char)
      | ^~~~~~~~~~~~~~~~~

../tbb_2020.3/include/tbb/atomic.h:437:32: note: remove the '< >'
  437 |             constexpr atomic<T>(const atomic<T>& rhs):                                              \
      |                                ^
../tbb_2020.3/include/tbb/atomic.h:499:1: note: in expansion of macro '__TBB_DECL_ATOMIC'
  499 | __TBB_DECL_ATOMIC(unsigned char)
      | ^~~~~~~~~~~~~~~~~

../tbb_2020.3/include/tbb/atomic.h:437:32: warning: template-id not allowed for constructor in C++20 [-Wtemplate-id-cdt
or]
  437 |             constexpr atomic<T>(const atomic<T>& rhs):                                              \
      |                                ^
../tbb_2020.3/include/tbb/atomic.h:502:1: note: in expansion of macro '__TBB_DECL_ATOMIC'
  502 | __TBB_DECL_ATOMIC(wchar_t)
      | ^~~~~~~~~~~~~~~~~
../tbb_2020.3/include/tbb/atomic.h:437:32: note: remove the '< >'
  437 |             constexpr atomic<T>(const atomic<T>& rhs):                                              \
      |                                ^
../tbb_2020.3/include/tbb/atomic.h:502:1: note: in expansion of macro '__TBB_DECL_ATOMIC'
  502 | __TBB_DECL_ATOMIC(wchar_t)
      | ^~~~~~~~~~~~~~~~~

In file included from ../tbb_2020.3/include/tbb/pipeline.h:23,
                 from ../tbb_2020.3/src/tbb/pipeline.cpp:17:
../tbb_2020.3/include/tbb/atomic.h:422:24: warning: template-id not allowed for constructor in C++20 [-Wtemplate-id-cdt
or]
  422 |     constexpr atomic<T>(const atomic<T>& rhs): internal::atomic_impl<T>(rhs) {}
      |                        ^

../tbb_2020.3/include/tbb/atomic.h:422:24: note: remove the '< >'
../tbb_2020.3/include/tbb/atomic.h:437:32: warning: template-id not allowed for constructor in C++20 [-Wtemplate-id-cdt
or]
  437 |             constexpr atomic<T>(const atomic<T>& rhs):                                              \
      |                                ^
../tbb_2020.3/include/tbb/atomic.h:454:1: note: in expansion of macro '__TBB_DECL_ATOMIC'
  454 | __TBB_DECL_ATOMIC(__TBB_LONG_LONG)
      | ^~~~~~~~~~~~~~~~~
../tbb_2020.3/include/tbb/atomic.h:437:32: note: remove the '< >'
  437 |             constexpr atomic<T>(const atomic<T>& rhs):                                              \
      |                                ^
../tbb_2020.3/include/tbb/atomic.h:454:1: note: in expansion of macro '__TBB_DECL_ATOMIC'
  454 | __TBB_DECL_ATOMIC(__TBB_LONG_LONG)
      | ^~~~~~~~~~~~~~~~~

../tbb_2020.3/include/tbb/atomic.h:437:32: warning: template-id not allowed for constructor in C++20 [-Wtemplate-id-cdt
or]
  437 |             constexpr atomic<T>(const atomic<T>& rhs):                                              \
      |                                ^
../tbb_2020.3/include/tbb/atomic.h:455:1: note: in expansion of macro '__TBB_DECL_ATOMIC'
  455 | __TBB_DECL_ATOMIC(unsigned __TBB_LONG_LONG)
      | ^~~~~~~~~~~~~~~~~
../tbb_2020.3/include/tbb/atomic.h:437:32: note: remove the '< >'
  437 |             constexpr atomic<T>(const atomic<T>& rhs):                                              \
      |                                ^
../tbb_2020.3/include/tbb/atomic.h:455:1: note: in expansion of macro '__TBB_DECL_ATOMIC'
  455 | __TBB_DECL_ATOMIC(unsigned __TBB_LONG_LONG)
      | ^~~~~~~~~~~~~~~~~

../tbb_2020.3/include/tbb/atomic.h:437:32: warning: template-id not allowed for constructor in C++20 [-Wtemplate-id-cdt
or]
  437 |             constexpr atomic<T>(const atomic<T>& rhs):                                              \
      |                                ^
../tbb_2020.3/include/tbb/atomic.h:459:1: note: in expansion of macro '__TBB_DECL_ATOMIC'
  459 | __TBB_DECL_ATOMIC(long)
      | ^~~~~~~~~~~~~~~~~
../tbb_2020.3/include/tbb/atomic.h:437:32: note: remove the '< >'
  437 |             constexpr atomic<T>(const atomic<T>& rhs):                                              \
      |                                ^
../tbb_2020.3/include/tbb/atomic.h:459:1: note: in expansion of macro '__TBB_DECL_ATOMIC'
  459 | __TBB_DECL_ATOMIC(long)
      | ^~~~~~~~~~~~~~~~~

../tbb_2020.3/include/tbb/atomic.h:437:32: warning: template-id not allowed for constructor in C++20 [-Wtemplate-id-cdt
or]
  437 |             constexpr atomic<T>(const atomic<T>& rhs):                                              \
      |                                ^
../tbb_2020.3/include/tbb/atomic.h:460:1: note: in expansion of macro '__TBB_DECL_ATOMIC'
  460 | __TBB_DECL_ATOMIC(unsigned long)
      | ^~~~~~~~~~~~~~~~~
../tbb_2020.3/include/tbb/atomic.h:437:32: note: remove the '< >'
  437 |             constexpr atomic<T>(const atomic<T>& rhs):                                              \
      |                                ^
../tbb_2020.3/include/tbb/atomic.h:460:1: note: in expansion of macro '__TBB_DECL_ATOMIC'
  460 | __TBB_DECL_ATOMIC(unsigned long)
      | ^~~~~~~~~~~~~~~~~

../tbb_2020.3/include/tbb/atomic.h:437:32: warning: template-id not allowed for constructor in C++20 [-Wtemplate-id-cdt
or]
  437 |             constexpr atomic<T>(const atomic<T>& rhs):                                              \
      |                                ^
../tbb_2020.3/include/tbb/atomic.h:491:1: note: in expansion of macro '__TBB_DECL_ATOMIC'
  491 | __TBB_DECL_ATOMIC(unsigned)
      | ^~~~~~~~~~~~~~~~~
../tbb_2020.3/include/tbb/atomic.h:437:32: note: remove the '< >'
  437 |             constexpr atomic<T>(const atomic<T>& rhs):                                              \
      |                                ^
../tbb_2020.3/include/tbb/atomic.h:491:1: note: in expansion of macro '__TBB_DECL_ATOMIC'
  491 | __TBB_DECL_ATOMIC(unsigned)
      | ^~~~~~~~~~~~~~~~~

../tbb_2020.3/include/tbb/atomic.h:437:32: warning: template-id not allowed for constructor in C++20 [-Wtemplate-id-cdt
or]
  437 |             constexpr atomic<T>(const atomic<T>& rhs):                                              \
      |                                ^
../tbb_2020.3/include/tbb/atomic.h:492:1: note: in expansion of macro '__TBB_DECL_ATOMIC'
  492 | __TBB_DECL_ATOMIC(int)
      | ^~~~~~~~~~~~~~~~~
../tbb_2020.3/include/tbb/atomic.h:437:32: note: remove the '< >'
  437 |             constexpr atomic<T>(const atomic<T>& rhs):                                              \
      |                                ^
../tbb_2020.3/include/tbb/atomic.h:492:1: note: in expansion of macro '__TBB_DECL_ATOMIC'
  492 | __TBB_DECL_ATOMIC(int)
      | ^~~~~~~~~~~~~~~~~

../tbb_2020.3/include/tbb/atomic.h:437:32: warning: template-id not allowed for constructor in C++20 [-Wtemplate-id-cdt
or]
  437 |             constexpr atomic<T>(const atomic<T>& rhs):                                              \
      |                                ^
../tbb_2020.3/include/tbb/atomic.h:495:1: note: in expansion of macro '__TBB_DECL_ATOMIC'
  495 | __TBB_DECL_ATOMIC(unsigned short)
      | ^~~~~~~~~~~~~~~~~
../tbb_2020.3/include/tbb/atomic.h:437:32: note: remove the '< >'
  437 |             constexpr atomic<T>(const atomic<T>& rhs):                                              \
      |                                ^
../tbb_2020.3/include/tbb/atomic.h:495:1: note: in expansion of macro '__TBB_DECL_ATOMIC'
  495 | __TBB_DECL_ATOMIC(unsigned short)
      | ^~~~~~~~~~~~~~~~~

../tbb_2020.3/include/tbb/atomic.h:437:32: warning: template-id not allowed for constructor in C++20 [-Wtemplate-id-cdt
or]
  437 |             constexpr atomic<T>(const atomic<T>& rhs):                                              \
      |                                ^
../tbb_2020.3/include/tbb/atomic.h:496:1: note: in expansion of macro '__TBB_DECL_ATOMIC'
  496 | __TBB_DECL_ATOMIC(short)
      | ^~~~~~~~~~~~~~~~~
../tbb_2020.3/include/tbb/atomic.h:437:32: note: remove the '< >'
  437 |             constexpr atomic<T>(const atomic<T>& rhs):                                              \
      |                                ^
../tbb_2020.3/include/tbb/atomic.h:496:1: note: in expansion of macro '__TBB_DECL_ATOMIC'
  496 | __TBB_DECL_ATOMIC(short)
      | ^~~~~~~~~~~~~~~~~

../tbb_2020.3/include/tbb/atomic.h:437:32: warning: template-id not allowed for constructor in C++20 [-Wtemplate-id-cdt
or]
  437 |             constexpr atomic<T>(const atomic<T>& rhs):                                              \
      |                                ^
../tbb_2020.3/include/tbb/atomic.h:497:1: note: in expansion of macro '__TBB_DECL_ATOMIC'
  497 | __TBB_DECL_ATOMIC(char)
      | ^~~~~~~~~~~~~~~~~
../tbb_2020.3/include/tbb/atomic.h:437:32: note: remove the '< >'
  437 |             constexpr atomic<T>(const atomic<T>& rhs):                                              \
      |                                ^
../tbb_2020.3/include/tbb/atomic.h:497:1: note: in expansion of macro '__TBB_DECL_ATOMIC'
  497 | __TBB_DECL_ATOMIC(char)
      | ^~~~~~~~~~~~~~~~~

../tbb_2020.3/include/tbb/atomic.h:437:32: warning: template-id not allowed for constructor in C++20 [-Wtemplate-id-cdt
or]
  437 |             constexpr atomic<T>(const atomic<T>& rhs):                                              \
      |                                ^
../tbb_2020.3/include/tbb/atomic.h:498:1: note: in expansion of macro '__TBB_DECL_ATOMIC'
  498 | __TBB_DECL_ATOMIC(signed char)
      | ^~~~~~~~~~~~~~~~~
../tbb_2020.3/include/tbb/atomic.h:437:32: note: remove the '< >'
  437 |             constexpr atomic<T>(const atomic<T>& rhs):                                              \
      |                                ^
../tbb_2020.3/include/tbb/atomic.h:498:1: note: in expansion of macro '__TBB_DECL_ATOMIC'
  498 | __TBB_DECL_ATOMIC(signed char)
      | ^~~~~~~~~~~~~~~~~

../tbb_2020.3/include/tbb/atomic.h:437:32: warning: template-id not allowed for constructor in C++20 [-Wtemplate-id-cdt
or]
  437 |             constexpr atomic<T>(const atomic<T>& rhs):                                              \
      |                                ^
../tbb_2020.3/include/tbb/atomic.h:499:1: note: in expansion of macro '__TBB_DECL_ATOMIC'
  499 | __TBB_DECL_ATOMIC(unsigned char)
      | ^~~~~~~~~~~~~~~~~
../tbb_2020.3/include/tbb/atomic.h:437:32: note: remove the '< >'
  437 |             constexpr atomic<T>(const atomic<T>& rhs):                                              \
      |                                ^
../tbb_2020.3/include/tbb/atomic.h:499:1: note: in expansion of macro '__TBB_DECL_ATOMIC'
  499 | __TBB_DECL_ATOMIC(unsigned char)
      | ^~~~~~~~~~~~~~~~~

../tbb_2020.3/include/tbb/atomic.h:437:32: warning: template-id not allowed for constructor in C++20 [-Wtemplate-id-cdt
or]
  437 |             constexpr atomic<T>(const atomic<T>& rhs):                                              \
      |                                ^
../tbb_2020.3/include/tbb/atomic.h:502:1: note: in expansion of macro '__TBB_DECL_ATOMIC'
  502 | __TBB_DECL_ATOMIC(wchar_t)
      | ^~~~~~~~~~~~~~~~~
../tbb_2020.3/include/tbb/atomic.h:437:32: note: remove the '< >'
  437 |             constexpr atomic<T>(const atomic<T>& rhs):                                              \
      |                                ^
../tbb_2020.3/include/tbb/atomic.h:502:1: note: in expansion of macro '__TBB_DECL_ATOMIC'
  502 | __TBB_DECL_ATOMIC(wchar_t)
      | ^~~~~~~~~~~~~~~~~

In file included from ../tbb_2020.3/include/tbb/queuing_mutex.h:24,
                 from ../tbb_2020.3/src/tbb/queuing_mutex.cpp:17:
../tbb_2020.3/include/tbb/atomic.h:422:24: warning: template-id not allowed for constructor in C++20 [-Wtemplate-id-cdt
or]
  422 |     constexpr atomic<T>(const atomic<T>& rhs): internal::atomic_impl<T>(rhs) {}
      |                        ^

../tbb_2020.3/include/tbb/atomic.h:422:24: note: remove the '< >'
../tbb_2020.3/include/tbb/atomic.h:437:32: warning: template-id not allowed for constructor in C++20 [-Wtemplate-id-cdt
or]
  437 |             constexpr atomic<T>(const atomic<T>& rhs):                                              \
      |                                ^
../tbb_2020.3/include/tbb/atomic.h:454:1: note: in expansion of macro '__TBB_DECL_ATOMIC'
  454 | __TBB_DECL_ATOMIC(__TBB_LONG_LONG)
      | ^~~~~~~~~~~~~~~~~
../tbb_2020.3/include/tbb/atomic.h:437:32: note: remove the '< >'
  437 |             constexpr atomic<T>(const atomic<T>& rhs):                                              \
      |                                ^
../tbb_2020.3/include/tbb/atomic.h:454:1: note: in expansion of macro '__TBB_DECL_ATOMIC'
  454 | __TBB_DECL_ATOMIC(__TBB_LONG_LONG)
      | ^~~~~~~~~~~~~~~~~

../tbb_2020.3/include/tbb/atomic.h:437:32: warning: template-id not allowed for constructor in C++20 [-Wtemplate-id-cdt
or]
  437 |             constexpr atomic<T>(const atomic<T>& rhs):                                              \
      |                                ^
../tbb_2020.3/include/tbb/atomic.h:455:1: note: in expansion of macro '__TBB_DECL_ATOMIC'
  455 | __TBB_DECL_ATOMIC(unsigned __TBB_LONG_LONG)
      | ^~~~~~~~~~~~~~~~~

../tbb_2020.3/include/tbb/atomic.h:437:32: note: remove the '< >'
  437 |             constexpr atomic<T>(const atomic<T>& rhs):                                              \
      |                                ^
../tbb_2020.3/include/tbb/atomic.h:455:1: note: in expansion of macro '__TBB_DECL_ATOMIC'
  455 | __TBB_DECL_ATOMIC(unsigned __TBB_LONG_LONG)
      | ^~~~~~~~~~~~~~~~~

../tbb_2020.3/include/tbb/atomic.h:437:32: warning: template-id not allowed for constructor in C++20 [-Wtemplate-id-cdt
or]
  437 |             constexpr atomic<T>(const atomic<T>& rhs):                                              \
      |                                ^
../tbb_2020.3/include/tbb/atomic.h:459:1: note: in expansion of macro '__TBB_DECL_ATOMIC'
  459 | __TBB_DECL_ATOMIC(long)
      | ^~~~~~~~~~~~~~~~~
../tbb_2020.3/include/tbb/atomic.h:437:32: note: remove the '< >'
  437 |             constexpr atomic<T>(const atomic<T>& rhs):                                              \
      |                                ^
../tbb_2020.3/include/tbb/atomic.h:459:1: note: in expansion of macro '__TBB_DECL_ATOMIC'
  459 | __TBB_DECL_ATOMIC(long)
      | ^~~~~~~~~~~~~~~~~

../tbb_2020.3/include/tbb/atomic.h:437:32: warning: template-id not allowed for constructor in C++20 [-Wtemplate-id-cdt
or]
  437 |             constexpr atomic<T>(const atomic<T>& rhs):                                              \
      |                                ^
../tbb_2020.3/include/tbb/atomic.h:460:1: note: in expansion of macro '__TBB_DECL_ATOMIC'
  460 | __TBB_DECL_ATOMIC(unsigned long)
      | ^~~~~~~~~~~~~~~~~

../tbb_2020.3/include/tbb/atomic.h:437:32: note: remove the '< >'
  437 |             constexpr atomic<T>(const atomic<T>& rhs):                                              \
      |                                ^
../tbb_2020.3/include/tbb/atomic.h:460:1: note: in expansion of macro '__TBB_DECL_ATOMIC'
  460 | __TBB_DECL_ATOMIC(unsigned long)
      | ^~~~~~~~~~~~~~~~~

../tbb_2020.3/include/tbb/atomic.h:437:32: warning: template-id not allowed for constructor in C++20 [-Wtemplate-id-cdt
or]
  437 |             constexpr atomic<T>(const atomic<T>& rhs):                                              \
      |                                ^
../tbb_2020.3/include/tbb/atomic.h:491:1: note: in expansion of macro '__TBB_DECL_ATOMIC'
  491 | __TBB_DECL_ATOMIC(unsigned)
      | ^~~~~~~~~~~~~~~~~
../tbb_2020.3/include/tbb/atomic.h:437:32: note: remove the '< >'
  437 |             constexpr atomic<T>(const atomic<T>& rhs):                                              \
      |                                ^
../tbb_2020.3/include/tbb/atomic.h:491:1: note: in expansion of macro '__TBB_DECL_ATOMIC'
  491 | __TBB_DECL_ATOMIC(unsigned)
      | ^~~~~~~~~~~~~~~~~

../tbb_2020.3/include/tbb/atomic.h:437:32: warning: template-id not allowed for constructor in C++20 [-Wtemplate-id-cdt
or]
  437 |             constexpr atomic<T>(const atomic<T>& rhs):                                              \
      |                                ^
../tbb_2020.3/include/tbb/atomic.h:492:1: note: in expansion of macro '__TBB_DECL_ATOMIC'
  492 | __TBB_DECL_ATOMIC(int)
      | ^~~~~~~~~~~~~~~~~
../tbb_2020.3/include/tbb/atomic.h:437:32: note: remove the '< >'
  437 |             constexpr atomic<T>(const atomic<T>& rhs):                                              \
      |                                ^
../tbb_2020.3/include/tbb/atomic.h:492:1: note: in expansion of macro '__TBB_DECL_ATOMIC'
  492 | __TBB_DECL_ATOMIC(int)
      | ^~~~~~~~~~~~~~~~~

../tbb_2020.3/include/tbb/atomic.h:437:32: warning: template-id not allowed for constructor in C++20 [-Wtemplate-id-cdt
or]
  437 |             constexpr atomic<T>(const atomic<T>& rhs):                                              \
      |                                ^
../tbb_2020.3/include/tbb/atomic.h:495:1: note: in expansion of macro '__TBB_DECL_ATOMIC'
  495 | __TBB_DECL_ATOMIC(unsigned short)
      | ^~~~~~~~~~~~~~~~~
../tbb_2020.3/include/tbb/atomic.h:437:32: note: remove the '< >'
  437 |             constexpr atomic<T>(const atomic<T>& rhs):                                              \
      |                                ^
../tbb_2020.3/include/tbb/atomic.h:495:1: note: in expansion of macro '__TBB_DECL_ATOMIC'
  495 | __TBB_DECL_ATOMIC(unsigned short)
      | ^~~~~~~~~~~~~~~~~

../tbb_2020.3/include/tbb/atomic.h:437:32: warning: template-id not allowed for constructor in C++20 [-Wtemplate-id-cdt
or]
  437 |             constexpr atomic<T>(const atomic<T>& rhs):                                              \
      |                                ^
../tbb_2020.3/include/tbb/atomic.h:496:1: note: in expansion of macro '__TBB_DECL_ATOMIC'
  496 | __TBB_DECL_ATOMIC(short)
      | ^~~~~~~~~~~~~~~~~
../tbb_2020.3/include/tbb/atomic.h:437:32: note: remove the '< >'
  437 |             constexpr atomic<T>(const atomic<T>& rhs):                                              \
      |                                ^
../tbb_2020.3/include/tbb/atomic.h:496:1: note: in expansion of macro '__TBB_DECL_ATOMIC'
  496 | __TBB_DECL_ATOMIC(short)
      | ^~~~~~~~~~~~~~~~~
../tbb_2020.3/include/tbb/atomic.h:437:32: warning: template-id not allowed for constructor in C++20 [-Wtemplate-id-cdt
or]
  437 |             constexpr atomic<T>(const atomic<T>& rhs):                                              \
      |                                ^
../tbb_2020.3/include/tbb/atomic.h:497:1: note: in expansion of macro '__TBB_DECL_ATOMIC'
  497 | __TBB_DECL_ATOMIC(char)
      | ^~~~~~~~~~~~~~~~~
../tbb_2020.3/include/tbb/atomic.h:437:32: note: remove the '< >'
  437 |             constexpr atomic<T>(const atomic<T>& rhs):                                              \
      |                                ^
../tbb_2020.3/include/tbb/atomic.h:497:1: note: in expansion of macro '__TBB_DECL_ATOMIC'
  497 | __TBB_DECL_ATOMIC(char)
      | ^~~~~~~~~~~~~~~~~

../tbb_2020.3/include/tbb/atomic.h:437:32: warning: template-id not allowed for constructor in C++20 [-Wtemplate-id-cdt
or]
  437 |             constexpr atomic<T>(const atomic<T>& rhs):                                              \
      |                                ^
../tbb_2020.3/include/tbb/atomic.h:498:1: note: in expansion of macro '__TBB_DECL_ATOMIC'
  498 | __TBB_DECL_ATOMIC(signed char)
      | ^~~~~~~~~~~~~~~~~
../tbb_2020.3/include/tbb/atomic.h:437:32: note: remove the '< >'
  437 |             constexpr atomic<T>(const atomic<T>& rhs):                                              \
      |                                ^
../tbb_2020.3/include/tbb/atomic.h:498:1: note: in expansion of macro '__TBB_DECL_ATOMIC'
  498 | __TBB_DECL_ATOMIC(signed char)
      | ^~~~~~~~~~~~~~~~~

../tbb_2020.3/include/tbb/atomic.h:437:32: warning: template-id not allowed for constructor in C++20 [-Wtemplate-id-cdt
or]
  437 |             constexpr atomic<T>(const atomic<T>& rhs):                                              \
      |                                ^
../tbb_2020.3/include/tbb/atomic.h:499:1: note: in expansion of macro '__TBB_DECL_ATOMIC'
  499 | __TBB_DECL_ATOMIC(unsigned char)
      | ^~~~~~~~~~~~~~~~~
../tbb_2020.3/include/tbb/atomic.h:437:32: note: remove the '< >'
  437 |             constexpr atomic<T>(const atomic<T>& rhs):                                              \
      |                                ^
../tbb_2020.3/include/tbb/atomic.h:499:1: note: in expansion of macro '__TBB_DECL_ATOMIC'
  499 | __TBB_DECL_ATOMIC(unsigned char)
      | ^~~~~~~~~~~~~~~~~
../tbb_2020.3/include/tbb/atomic.h:437:32: warning: template-id not allowed for constructor in C++20 [-Wtemplate-id-cdt
or]
  437 |             constexpr atomic<T>(const atomic<T>& rhs):                                              \
      |                                ^
../tbb_2020.3/include/tbb/atomic.h:502:1: note: in expansion of macro '__TBB_DECL_ATOMIC'
  502 | __TBB_DECL_ATOMIC(wchar_t)
      | ^~~~~~~~~~~~~~~~~
../tbb_2020.3/include/tbb/atomic.h:437:32: note: remove the '< >'
  437 |             constexpr atomic<T>(const atomic<T>& rhs):                                              \
      |                                ^
../tbb_2020.3/include/tbb/atomic.h:502:1: note: in expansion of macro '__TBB_DECL_ATOMIC'
  502 | __TBB_DECL_ATOMIC(wchar_t)
      | ^~~~~~~~~~~~~~~~~

In file included from ../tbb_2020.3/include/tbb/queuing_rw_mutex.h:24,
                 from ../tbb_2020.3/src/tbb/queuing_rw_mutex.cpp:21:
../tbb_2020.3/include/tbb/atomic.h:422:24: warning: template-id not allowed for constructor in C++20 [-Wtemplate-id-cdt
or]
  422 |     constexpr atomic<T>(const atomic<T>& rhs): internal::atomic_impl<T>(rhs) {}
      |                        ^

../tbb_2020.3/include/tbb/atomic.h:422:24: note: remove the '< >'
../tbb_2020.3/include/tbb/atomic.h:437:32: warning: template-id not allowed for constructor in C++20 [-Wtemplate-id-cdt
or]
  437 |             constexpr atomic<T>(const atomic<T>& rhs):                                              \
      |                                ^
../tbb_2020.3/include/tbb/atomic.h:454:1: note: in expansion of macro '__TBB_DECL_ATOMIC'
  454 | __TBB_DECL_ATOMIC(__TBB_LONG_LONG)
      | ^~~~~~~~~~~~~~~~~
../tbb_2020.3/include/tbb/atomic.h:437:32: note: remove the '< >'
  437 |             constexpr atomic<T>(const atomic<T>& rhs):                                              \
      |                                ^
../tbb_2020.3/include/tbb/atomic.h:454:1: note: in expansion of macro '__TBB_DECL_ATOMIC'
  454 | __TBB_DECL_ATOMIC(__TBB_LONG_LONG)
      | ^~~~~~~~~~~~~~~~~

../tbb_2020.3/include/tbb/atomic.h:437:32: warning: template-id not allowed for constructor in C++20 [-Wtemplate-id-cdt
or]
  437 |             constexpr atomic<T>(const atomic<T>& rhs):                                              \
      |                                ^
../tbb_2020.3/include/tbb/atomic.h:455:1: note: in expansion of macro '__TBB_DECL_ATOMIC'
  455 | __TBB_DECL_ATOMIC(unsigned __TBB_LONG_LONG)
      | ^~~~~~~~~~~~~~~~~
../tbb_2020.3/include/tbb/atomic.h:437:32: note: remove the '< >'
  437 |             constexpr atomic<T>(const atomic<T>& rhs):                                              \
      |                                ^
../tbb_2020.3/include/tbb/atomic.h:455:1: note: in expansion of macro '__TBB_DECL_ATOMIC'
  455 | __TBB_DECL_ATOMIC(unsigned __TBB_LONG_LONG)
      | ^~~~~~~~~~~~~~~~~

../tbb_2020.3/include/tbb/atomic.h:437:32: warning: template-id not allowed for constructor in C++20 [-Wtemplate-id-cdt
or]
  437 |             constexpr atomic<T>(const atomic<T>& rhs):                                              \
      |                                ^
../tbb_2020.3/include/tbb/atomic.h:459:1: note: in expansion of macro '__TBB_DECL_ATOMIC'
  459 | __TBB_DECL_ATOMIC(long)
      | ^~~~~~~~~~~~~~~~~
../tbb_2020.3/include/tbb/atomic.h:437:32: note: remove the '< >'
  437 |             constexpr atomic<T>(const atomic<T>& rhs):                                              \
      |                                ^
../tbb_2020.3/include/tbb/atomic.h:459:1: note: in expansion of macro '__TBB_DECL_ATOMIC'
  459 | __TBB_DECL_ATOMIC(long)
      | ^~~~~~~~~~~~~~~~~

../tbb_2020.3/include/tbb/atomic.h:437:32: warning: template-id not allowed for constructor in C++20 [-Wtemplate-id-cdt
or]
  437 |             constexpr atomic<T>(const atomic<T>& rhs):                                              \
      |                                ^
../tbb_2020.3/include/tbb/atomic.h:460:1: note: in expansion of macro '__TBB_DECL_ATOMIC'
  460 | __TBB_DECL_ATOMIC(unsigned long)
      | ^~~~~~~~~~~~~~~~~
../tbb_2020.3/include/tbb/atomic.h:437:32: note: remove the '< >'
  437 |             constexpr atomic<T>(const atomic<T>& rhs):                                              \
      |                                ^
../tbb_2020.3/include/tbb/atomic.h:460:1: note: in expansion of macro '__TBB_DECL_ATOMIC'
  460 | __TBB_DECL_ATOMIC(unsigned long)
      | ^~~~~~~~~~~~~~~~~

../tbb_2020.3/include/tbb/atomic.h:437:32: warning: template-id not allowed for constructor in C++20 [-Wtemplate-id-cdt
or]
  437 |             constexpr atomic<T>(const atomic<T>& rhs):                                              \
      |                                ^
../tbb_2020.3/include/tbb/atomic.h:491:1: note: in expansion of macro '__TBB_DECL_ATOMIC'
  491 | __TBB_DECL_ATOMIC(unsigned)
      | ^~~~~~~~~~~~~~~~~
../tbb_2020.3/include/tbb/atomic.h:437:32: note: remove the '< >'
  437 |             constexpr atomic<T>(const atomic<T>& rhs):                                              \
      |                                ^
../tbb_2020.3/include/tbb/atomic.h:491:1: note: in expansion of macro '__TBB_DECL_ATOMIC'
  491 | __TBB_DECL_ATOMIC(unsigned)
      | ^~~~~~~~~~~~~~~~~

../tbb_2020.3/include/tbb/atomic.h:437:32: warning: template-id not allowed for constructor in C++20 [-Wtemplate-id-cdt
or]
  437 |             constexpr atomic<T>(const atomic<T>& rhs):                                              \
      |                                ^
../tbb_2020.3/include/tbb/atomic.h:492:1: note: in expansion of macro '__TBB_DECL_ATOMIC'
  492 | __TBB_DECL_ATOMIC(int)
      | ^~~~~~~~~~~~~~~~~
../tbb_2020.3/include/tbb/atomic.h:437:32: note: remove the '< >'
  437 |             constexpr atomic<T>(const atomic<T>& rhs):                                              \
      |                                ^
../tbb_2020.3/include/tbb/atomic.h:492:1: note: in expansion of macro '__TBB_DECL_ATOMIC'
  492 | __TBB_DECL_ATOMIC(int)
      | ^~~~~~~~~~~~~~~~~

../tbb_2020.3/include/tbb/atomic.h:437:32: warning: template-id not allowed for constructor in C++20 [-Wtemplate-id-cdt
or]
  437 |             constexpr atomic<T>(const atomic<T>& rhs):                                              \
      |                                ^
../tbb_2020.3/include/tbb/atomic.h:495:1: note: in expansion of macro '__TBB_DECL_ATOMIC'
  495 | __TBB_DECL_ATOMIC(unsigned short)
      | ^~~~~~~~~~~~~~~~~
../tbb_2020.3/include/tbb/atomic.h:437:32: note: remove the '< >'
  437 |             constexpr atomic<T>(const atomic<T>& rhs):                                              \
      |                                ^
../tbb_2020.3/include/tbb/atomic.h:495:1: note: in expansion of macro '__TBB_DECL_ATOMIC'
  495 | __TBB_DECL_ATOMIC(unsigned short)
      | ^~~~~~~~~~~~~~~~~

../tbb_2020.3/include/tbb/atomic.h:437:32: warning: template-id not allowed for constructor in C++20 [-Wtemplate-id-cdt
or]
  437 |             constexpr atomic<T>(const atomic<T>& rhs):                                              \
      |                                ^
../tbb_2020.3/include/tbb/atomic.h:496:1: note: in expansion of macro '__TBB_DECL_ATOMIC'
  496 | __TBB_DECL_ATOMIC(short)
      | ^~~~~~~~~~~~~~~~~
../tbb_2020.3/include/tbb/atomic.h:437:32: note: remove the '< >'
  437 |             constexpr atomic<T>(const atomic<T>& rhs):                                              \
      |                                ^
../tbb_2020.3/include/tbb/atomic.h:496:1: note: in expansion of macro '__TBB_DECL_ATOMIC'
  496 | __TBB_DECL_ATOMIC(short)
      | ^~~~~~~~~~~~~~~~~

../tbb_2020.3/include/tbb/atomic.h:437:32: warning: template-id not allowed for constructor in C++20 [-Wtemplate-id-cdt
or]
  437 |             constexpr atomic<T>(const atomic<T>& rhs):                                              \
      |                                ^
../tbb_2020.3/include/tbb/atomic.h:497:1: note: in expansion of macro '__TBB_DECL_ATOMIC'
  497 | __TBB_DECL_ATOMIC(char)
      | ^~~~~~~~~~~~~~~~~
../tbb_2020.3/include/tbb/atomic.h:437:32: note: remove the '< >'
  437 |             constexpr atomic<T>(const atomic<T>& rhs):                                              \
      |                                ^
../tbb_2020.3/include/tbb/atomic.h:497:1: note: in expansion of macro '__TBB_DECL_ATOMIC'
  497 | __TBB_DECL_ATOMIC(char)
      | ^~~~~~~~~~~~~~~~~

../tbb_2020.3/include/tbb/atomic.h:437:32: warning: template-id not allowed for constructor in C++20 [-Wtemplate-id-cdt
or]
  437 |             constexpr atomic<T>(const atomic<T>& rhs):                                              \
      |                                ^
../tbb_2020.3/include/tbb/atomic.h:498:1: note: in expansion of macro '__TBB_DECL_ATOMIC'
  498 | __TBB_DECL_ATOMIC(signed char)
      | ^~~~~~~~~~~~~~~~~
../tbb_2020.3/include/tbb/atomic.h:437:32: note: remove the '< >'
  437 |             constexpr atomic<T>(const atomic<T>& rhs):                                              \
      |                                ^
../tbb_2020.3/include/tbb/atomic.h:498:1: note: in expansion of macro '__TBB_DECL_ATOMIC'
  498 | __TBB_DECL_ATOMIC(signed char)
      | ^~~~~~~~~~~~~~~~~

../tbb_2020.3/include/tbb/atomic.h:437:32: warning: template-id not allowed for constructor in C++20 [-Wtemplate-id-cdt
or]
  437 |             constexpr atomic<T>(const atomic<T>& rhs):                                              \
      |                                ^
../tbb_2020.3/include/tbb/atomic.h:499:1: note: in expansion of macro '__TBB_DECL_ATOMIC'
  499 | __TBB_DECL_ATOMIC(unsigned char)
      | ^~~~~~~~~~~~~~~~~

../tbb_2020.3/include/tbb/atomic.h:437:32: note: remove the '< >'
  437 |             constexpr atomic<T>(const atomic<T>& rhs):                                              \
      |                                ^
../tbb_2020.3/include/tbb/atomic.h:499:1: note: in expansion of macro '__TBB_DECL_ATOMIC'
  499 | __TBB_DECL_ATOMIC(unsigned char)
      | ^~~~~~~~~~~~~~~~~

../tbb_2020.3/include/tbb/atomic.h:437:32: warning: template-id not allowed for constructor in C++20 [-Wtemplate-id-cdt
or]
  437 |             constexpr atomic<T>(const atomic<T>& rhs):                                              \
      |                                ^
../tbb_2020.3/include/tbb/atomic.h:502:1: note: in expansion of macro '__TBB_DECL_ATOMIC'
  502 | __TBB_DECL_ATOMIC(wchar_t)
      | ^~~~~~~~~~~~~~~~~
../tbb_2020.3/include/tbb/atomic.h:437:32: note: remove the '< >'
  437 |             constexpr atomic<T>(const atomic<T>& rhs):                                              \
      |                                ^
../tbb_2020.3/include/tbb/atomic.h:502:1: note: in expansion of macro '__TBB_DECL_ATOMIC'
  502 | __TBB_DECL_ATOMIC(wchar_t)
      | ^~~~~~~~~~~~~~~~~

../tbb_2020.3/include/tbb/atomic.h: In instantiation of 'tbb::atomic<T>& tbb::internal::as_atomic(T&) [with T = unsigne
d char]':
../tbb_2020.3/src/tbb/queuing_rw_mutex.cpp:52:21:   required from here
   52 |     return as_atomic(my_internal_lock).compare_and_swap<tbb::acquire>(ACQUIRED,RELEASED) == RELEASED;
      |            ~~~~~~~~~^~~~~~~~~~~~~~~~~~
../tbb_2020.3/include/tbb/atomic.h:573:12: warning: casting 'unsigned char' to 'tbb::atomic<unsigned char>&' does not u
se 'constexpr tbb::atomic<unsigned char>::atomic(unsigned char)' [-Wcast-user-defined]
  573 |     return (atomic<T>&)t;
      |            ^~~~~~~~~~~~~

In file included from ../tbb_2020.3/include/tbb/tbb_profiling.h:123,
                 from ../tbb_2020.3/include/tbb/spin_rw_mutex.h:22,
                 from ../tbb_2020.3/src/tbb/spin_rw_mutex.cpp:17:
../tbb_2020.3/include/tbb/atomic.h:422:24: warning: template-id not allowed for constructor in C++20 [-Wtemplate-id-cdt
or]
  422 |     constexpr atomic<T>(const atomic<T>& rhs): internal::atomic_impl<T>(rhs) {}
      |                        ^

../tbb_2020.3/include/tbb/atomic.h:422:24: note: remove the '< >'
../tbb_2020.3/include/tbb/atomic.h:437:32: warning: template-id not allowed for constructor in C++20 [-Wtemplate-id-cdt
or]
  437 |             constexpr atomic<T>(const atomic<T>& rhs):                                              \
      |                                ^
../tbb_2020.3/include/tbb/atomic.h:454:1: note: in expansion of macro '__TBB_DECL_ATOMIC'
  454 | __TBB_DECL_ATOMIC(__TBB_LONG_LONG)
      | ^~~~~~~~~~~~~~~~~
../tbb_2020.3/include/tbb/atomic.h:437:32: note: remove the '< >'
  437 |             constexpr atomic<T>(const atomic<T>& rhs):                                              \
      |                                ^
../tbb_2020.3/include/tbb/atomic.h:454:1: note: in expansion of macro '__TBB_DECL_ATOMIC'
  454 | __TBB_DECL_ATOMIC(__TBB_LONG_LONG)
      | ^~~~~~~~~~~~~~~~~

../tbb_2020.3/include/tbb/atomic.h:437:32: warning: template-id not allowed for constructor in C++20 [-Wtemplate-id-cdt
or]
  437 |             constexpr atomic<T>(const atomic<T>& rhs):                                              \
      |                                ^
../tbb_2020.3/include/tbb/atomic.h:455:1: note: in expansion of macro '__TBB_DECL_ATOMIC'
  455 | __TBB_DECL_ATOMIC(unsigned __TBB_LONG_LONG)
      | ^~~~~~~~~~~~~~~~~
../tbb_2020.3/include/tbb/atomic.h:437:32: note: remove the '< >'
  437 |             constexpr atomic<T>(const atomic<T>& rhs):                                              \
      |                                ^
../tbb_2020.3/include/tbb/atomic.h:455:1: note: in expansion of macro '__TBB_DECL_ATOMIC'
  455 | __TBB_DECL_ATOMIC(unsigned __TBB_LONG_LONG)
      | ^~~~~~~~~~~~~~~~~

../tbb_2020.3/include/tbb/atomic.h:437:32: warning: template-id not allowed for constructor in C++20 [-Wtemplate-id-cdt
or]
  437 |             constexpr atomic<T>(const atomic<T>& rhs):                                              \
      |                                ^
../tbb_2020.3/include/tbb/atomic.h:459:1: note: in expansion of macro '__TBB_DECL_ATOMIC'
  459 | __TBB_DECL_ATOMIC(long)
      | ^~~~~~~~~~~~~~~~~
../tbb_2020.3/include/tbb/atomic.h:437:32: note: remove the '< >'
  437 |             constexpr atomic<T>(const atomic<T>& rhs):                                              \
      |                                ^
../tbb_2020.3/include/tbb/atomic.h:459:1: note: in expansion of macro '__TBB_DECL_ATOMIC'
  459 | __TBB_DECL_ATOMIC(long)
      | ^~~~~~~~~~~~~~~~~

../tbb_2020.3/include/tbb/atomic.h:437:32: warning: template-id not allowed for constructor in C++20 [-Wtemplate-id-cdt
or]
  437 |             constexpr atomic<T>(const atomic<T>& rhs):                                              \
      |                                ^
../tbb_2020.3/include/tbb/atomic.h:460:1: note: in expansion of macro '__TBB_DECL_ATOMIC'
  460 | __TBB_DECL_ATOMIC(unsigned long)
      | ^~~~~~~~~~~~~~~~~

../tbb_2020.3/include/tbb/atomic.h:437:32: note: remove the '< >'
  437 |             constexpr atomic<T>(const atomic<T>& rhs):                                              \
      |                                ^
../tbb_2020.3/include/tbb/atomic.h:460:1: note: in expansion of macro '__TBB_DECL_ATOMIC'
  460 | __TBB_DECL_ATOMIC(unsigned long)
      | ^~~~~~~~~~~~~~~~~

../tbb_2020.3/include/tbb/atomic.h:437:32: warning: template-id not allowed for constructor in C++20 [-Wtemplate-id-cdt
or]
  437 |             constexpr atomic<T>(const atomic<T>& rhs):                                              \
      |                                ^
../tbb_2020.3/include/tbb/atomic.h:491:1: note: in expansion of macro '__TBB_DECL_ATOMIC'
  491 | __TBB_DECL_ATOMIC(unsigned)
      | ^~~~~~~~~~~~~~~~~
../tbb_2020.3/include/tbb/atomic.h:437:32: note: remove the '< >'
  437 |             constexpr atomic<T>(const atomic<T>& rhs):                                              \
      |                                ^
../tbb_2020.3/include/tbb/atomic.h:491:1: note: in expansion of macro '__TBB_DECL_ATOMIC'
  491 | __TBB_DECL_ATOMIC(unsigned)
      | ^~~~~~~~~~~~~~~~~

../tbb_2020.3/include/tbb/atomic.h:437:32: warning: template-id not allowed for constructor in C++20 [-Wtemplate-id-cdt
or]
  437 |             constexpr atomic<T>(const atomic<T>& rhs):                                              \
      |                                ^
../tbb_2020.3/include/tbb/atomic.h:492:1: note: in expansion of macro '__TBB_DECL_ATOMIC'
  492 | __TBB_DECL_ATOMIC(int)
      | ^~~~~~~~~~~~~~~~~

../tbb_2020.3/include/tbb/atomic.h:437:32: note: remove the '< >'
  437 |             constexpr atomic<T>(const atomic<T>& rhs):                                              \
      |                                ^
../tbb_2020.3/include/tbb/atomic.h:492:1: note: in expansion of macro '__TBB_DECL_ATOMIC'
  492 | __TBB_DECL_ATOMIC(int)
      | ^~~~~~~~~~~~~~~~~

../tbb_2020.3/include/tbb/atomic.h:437:32: warning: template-id not allowed for constructor in C++20 [-Wtemplate-id-cdt
or]
  437 |             constexpr atomic<T>(const atomic<T>& rhs):                                              \
      |                                ^
../tbb_2020.3/include/tbb/atomic.h:495:1: note: in expansion of macro '__TBB_DECL_ATOMIC'
  495 | __TBB_DECL_ATOMIC(unsigned short)
      | ^~~~~~~~~~~~~~~~~
../tbb_2020.3/include/tbb/atomic.h:437:32: note: remove the '< >'
  437 |             constexpr atomic<T>(const atomic<T>& rhs):                                              \
      |                                ^
../tbb_2020.3/include/tbb/atomic.h:495:1: note: in expansion of macro '__TBB_DECL_ATOMIC'
  495 | __TBB_DECL_ATOMIC(unsigned short)
      | ^~~~~~~~~~~~~~~~~

../tbb_2020.3/include/tbb/atomic.h:437:32: warning: template-id not allowed for constructor in C++20 [-Wtemplate-id-cdt
or]
  437 |             constexpr atomic<T>(const atomic<T>& rhs):                                              \
      |                                ^
../tbb_2020.3/include/tbb/atomic.h:496:1: note: in expansion of macro '__TBB_DECL_ATOMIC'
  496 | __TBB_DECL_ATOMIC(short)
      | ^~~~~~~~~~~~~~~~~

../tbb_2020.3/include/tbb/atomic.h:437:32: note: remove the '< >'
  437 |             constexpr atomic<T>(const atomic<T>& rhs):                                              \
      |                                ^
../tbb_2020.3/include/tbb/atomic.h:496:1: note: in expansion of macro '__TBB_DECL_ATOMIC'
  496 | __TBB_DECL_ATOMIC(short)
      | ^~~~~~~~~~~~~~~~~

../tbb_2020.3/include/tbb/atomic.h:437:32: warning: template-id not allowed for constructor in C++20 [-Wtemplate-id-cdt
or]
  437 |             constexpr atomic<T>(const atomic<T>& rhs):                                              \
      |                                ^
../tbb_2020.3/include/tbb/atomic.h:497:1: note: in expansion of macro '__TBB_DECL_ATOMIC'
  497 | __TBB_DECL_ATOMIC(char)
      | ^~~~~~~~~~~~~~~~~
../tbb_2020.3/include/tbb/atomic.h:437:32: note: remove the '< >'
  437 |             constexpr atomic<T>(const atomic<T>& rhs):                                              \
      |                                ^
../tbb_2020.3/include/tbb/atomic.h:497:1: note: in expansion of macro '__TBB_DECL_ATOMIC'
  497 | __TBB_DECL_ATOMIC(char)
      | ^~~~~~~~~~~~~~~~~

../tbb_2020.3/include/tbb/atomic.h:437:32: warning: template-id not allowed for constructor in C++20 [-Wtemplate-id-cdt
or]
  437 |             constexpr atomic<T>(const atomic<T>& rhs):                                              \
      |                                ^
../tbb_2020.3/include/tbb/atomic.h:498:1: note: in expansion of macro '__TBB_DECL_ATOMIC'
  498 | __TBB_DECL_ATOMIC(signed char)
      | ^~~~~~~~~~~~~~~~~
../tbb_2020.3/include/tbb/atomic.h:437:32: note: remove the '< >'
  437 |             constexpr atomic<T>(const atomic<T>& rhs):                                              \
      |                                ^
../tbb_2020.3/include/tbb/atomic.h:498:1: note: in expansion of macro '__TBB_DECL_ATOMIC'
  498 | __TBB_DECL_ATOMIC(signed char)
      | ^~~~~~~~~~~~~~~~~

../tbb_2020.3/include/tbb/atomic.h:437:32: warning: template-id not allowed for constructor in C++20 [-Wtemplate-id-cdt
or]
  437 |             constexpr atomic<T>(const atomic<T>& rhs):                                              \
      |                                ^
../tbb_2020.3/include/tbb/atomic.h:499:1: note: in expansion of macro '__TBB_DECL_ATOMIC'
  499 | __TBB_DECL_ATOMIC(unsigned char)
      | ^~~~~~~~~~~~~~~~~
../tbb_2020.3/include/tbb/atomic.h:437:32: note: remove the '< >'
  437 |             constexpr atomic<T>(const atomic<T>& rhs):                                              \
      |                                ^
../tbb_2020.3/include/tbb/atomic.h:499:1: note: in expansion of macro '__TBB_DECL_ATOMIC'
  499 | __TBB_DECL_ATOMIC(unsigned char)
      | ^~~~~~~~~~~~~~~~~
../tbb_2020.3/include/tbb/atomic.h:437:32: warning: template-id not allowed for constructor in C++20 [-Wtemplate-id-cdt
or]
  437 |             constexpr atomic<T>(const atomic<T>& rhs):                                              \
      |                                ^
../tbb_2020.3/include/tbb/atomic.h:502:1: note: in expansion of macro '__TBB_DECL_ATOMIC'
  502 | __TBB_DECL_ATOMIC(wchar_t)
      | ^~~~~~~~~~~~~~~~~
../tbb_2020.3/include/tbb/atomic.h:437:32: note: remove the '< >'
  437 |             constexpr atomic<T>(const atomic<T>& rhs):                                              \
      |                                ^
../tbb_2020.3/include/tbb/atomic.h:502:1: note: in expansion of macro '__TBB_DECL_ATOMIC'
  502 | __TBB_DECL_ATOMIC(wchar_t)
      | ^~~~~~~~~~~~~~~~~

../tbb_2020.3/include/tbb/atomic.h: In instantiation of 'tbb::atomic<T>& tbb::internal::as_atomic(T&) [with T = volatil
e long long int]':
../tbb_2020.3/src/tbb/spin_rw_mutex.cpp:33:36:   required from 'T tbb::CAS(volatile T&, T, T) [with T = long long int]'
   33 |     return tbb::internal::as_atomic(addr).compare_and_swap( newv, oldv );
      |            ~~~~~~~~~~~~~~~~~~~~~~~~^~~~~~
../tbb_2020.3/src/tbb/spin_rw_mutex.cpp:43:20:   required from here
   43 |             if( CAS(state, WRITER, s)==s )
      |                 ~~~^~~~~~~~~~~~~~~~~~
../tbb_2020.3/include/tbb/atomic.h:573:12: warning: casting 'volatile long long int' to 'tbb::atomic<volatile long long
 int>&' does not use 'constexpr tbb::atomic<T>::atomic(T) [with T = volatile long long int]' [-Wcast-user-defined]
  573 |     return (atomic<T>&)t;
      |            ^~~~~~~~~~~~~

In file included from ../tbb_2020.3/include/tbb/tbb_thread.h:56,
                 from ../tbb_2020.3/include/tbb/reader_writer_lock.h:34,
                 from ../tbb_2020.3/src/tbb/reader_writer_lock.cpp:17:
../tbb_2020.3/include/tbb/atomic.h:422:24: warning: template-id not allowed for constructor in C++20 [-Wtemplate-id-cdt
or]
  422 |     constexpr atomic<T>(const atomic<T>& rhs): internal::atomic_impl<T>(rhs) {}
      |                        ^

../tbb_2020.3/include/tbb/atomic.h:422:24: note: remove the '< >'
../tbb_2020.3/include/tbb/atomic.h:437:32: warning: template-id not allowed for constructor in C++20 [-Wtemplate-id-cdt
or]
  437 |             constexpr atomic<T>(const atomic<T>& rhs):                                              \
      |                                ^
../tbb_2020.3/include/tbb/atomic.h:454:1: note: in expansion of macro '__TBB_DECL_ATOMIC'
  454 | __TBB_DECL_ATOMIC(__TBB_LONG_LONG)
      | ^~~~~~~~~~~~~~~~~
../tbb_2020.3/include/tbb/atomic.h:437:32: note: remove the '< >'
  437 |             constexpr atomic<T>(const atomic<T>& rhs):                                              \
      |                                ^
../tbb_2020.3/include/tbb/atomic.h:454:1: note: in expansion of macro '__TBB_DECL_ATOMIC'
  454 | __TBB_DECL_ATOMIC(__TBB_LONG_LONG)
      | ^~~~~~~~~~~~~~~~~
../tbb_2020.3/include/tbb/atomic.h:437:32: warning: template-id not allowed for constructor in C++20 [-Wtemplate-id-cdt
or]
  437 |             constexpr atomic<T>(const atomic<T>& rhs):                                              \
      |                                ^
../tbb_2020.3/include/tbb/atomic.h:455:1: note: in expansion of macro '__TBB_DECL_ATOMIC'
  455 | __TBB_DECL_ATOMIC(unsigned __TBB_LONG_LONG)
      | ^~~~~~~~~~~~~~~~~
../tbb_2020.3/include/tbb/atomic.h:437:32: note: remove the '< >'
  437 |             constexpr atomic<T>(const atomic<T>& rhs):                                              \
      |                                ^
../tbb_2020.3/include/tbb/atomic.h:455:1: note: in expansion of macro '__TBB_DECL_ATOMIC'
  455 | __TBB_DECL_ATOMIC(unsigned __TBB_LONG_LONG)
      | ^~~~~~~~~~~~~~~~~

../tbb_2020.3/include/tbb/atomic.h:437:32: warning: template-id not allowed for constructor in C++20 [-Wtemplate-id-cdt
or]
  437 |             constexpr atomic<T>(const atomic<T>& rhs):                                              \
      |                                ^
../tbb_2020.3/include/tbb/atomic.h:459:1: note: in expansion of macro '__TBB_DECL_ATOMIC'
  459 | __TBB_DECL_ATOMIC(long)
      | ^~~~~~~~~~~~~~~~~
../tbb_2020.3/include/tbb/atomic.h:437:32: note: remove the '< >'
  437 |             constexpr atomic<T>(const atomic<T>& rhs):                                              \
      |                                ^
../tbb_2020.3/include/tbb/atomic.h:459:1: note: in expansion of macro '__TBB_DECL_ATOMIC'
  459 | __TBB_DECL_ATOMIC(long)
      | ^~~~~~~~~~~~~~~~~

../tbb_2020.3/include/tbb/atomic.h:437:32: warning: template-id not allowed for constructor in C++20 [-Wtemplate-id-cdt
or]
  437 |             constexpr atomic<T>(const atomic<T>& rhs):                                              \
      |                                ^
../tbb_2020.3/include/tbb/atomic.h:460:1: note: in expansion of macro '__TBB_DECL_ATOMIC'
  460 | __TBB_DECL_ATOMIC(unsigned long)
      | ^~~~~~~~~~~~~~~~~
../tbb_2020.3/include/tbb/atomic.h:437:32: note: remove the '< >'
  437 |             constexpr atomic<T>(const atomic<T>& rhs):                                              \
      |                                ^
../tbb_2020.3/include/tbb/atomic.h:460:1: note: in expansion of macro '__TBB_DECL_ATOMIC'
  460 | __TBB_DECL_ATOMIC(unsigned long)
      | ^~~~~~~~~~~~~~~~~

../tbb_2020.3/include/tbb/atomic.h:437:32: warning: template-id not allowed for constructor in C++20 [-Wtemplate-id-cdt
or]
  437 |             constexpr atomic<T>(const atomic<T>& rhs):                                              \
      |                                ^
../tbb_2020.3/include/tbb/atomic.h:491:1: note: in expansion of macro '__TBB_DECL_ATOMIC'
  491 | __TBB_DECL_ATOMIC(unsigned)
      | ^~~~~~~~~~~~~~~~~
../tbb_2020.3/include/tbb/atomic.h:437:32: note: remove the '< >'
  437 |             constexpr atomic<T>(const atomic<T>& rhs):                                              \
      |                                ^
../tbb_2020.3/include/tbb/atomic.h:491:1: note: in expansion of macro '__TBB_DECL_ATOMIC'
  491 | __TBB_DECL_ATOMIC(unsigned)
      | ^~~~~~~~~~~~~~~~~

../tbb_2020.3/include/tbb/atomic.h:437:32: warning: template-id not allowed for constructor in C++20 [-Wtemplate-id-cdt
or]
  437 |             constexpr atomic<T>(const atomic<T>& rhs):                                              \
      |                                ^
../tbb_2020.3/include/tbb/atomic.h:492:1: note: in expansion of macro '__TBB_DECL_ATOMIC'
  492 | __TBB_DECL_ATOMIC(int)
      | ^~~~~~~~~~~~~~~~~
../tbb_2020.3/include/tbb/atomic.h:437:32: note: remove the '< >'
  437 |             constexpr atomic<T>(const atomic<T>& rhs):                                              \
      |                                ^
../tbb_2020.3/include/tbb/atomic.h:492:1: note: in expansion of macro '__TBB_DECL_ATOMIC'
  492 | __TBB_DECL_ATOMIC(int)
      | ^~~~~~~~~~~~~~~~~

../tbb_2020.3/include/tbb/atomic.h:437:32: warning: template-id not allowed for constructor in C++20 [-Wtemplate-id-cdt
or]
  437 |             constexpr atomic<T>(const atomic<T>& rhs):                                              \
      |                                ^
../tbb_2020.3/include/tbb/atomic.h:495:1: note: in expansion of macro '__TBB_DECL_ATOMIC'
  495 | __TBB_DECL_ATOMIC(unsigned short)
      | ^~~~~~~~~~~~~~~~~
../tbb_2020.3/include/tbb/atomic.h:437:32: note: remove the '< >'
  437 |             constexpr atomic<T>(const atomic<T>& rhs):                                              \
      |                                ^
../tbb_2020.3/include/tbb/atomic.h:495:1: note: in expansion of macro '__TBB_DECL_ATOMIC'
  495 | __TBB_DECL_ATOMIC(unsigned short)
      | ^~~~~~~~~~~~~~~~~
../tbb_2020.3/include/tbb/atomic.h:437:32: warning: template-id not allowed for constructor in C++20 [-Wtemplate-id-cdt
or]
  437 |             constexpr atomic<T>(const atomic<T>& rhs):                                              \
      |                                ^
../tbb_2020.3/include/tbb/atomic.h:496:1: note: in expansion of macro '__TBB_DECL_ATOMIC'
  496 | __TBB_DECL_ATOMIC(short)
      | ^~~~~~~~~~~~~~~~~

../tbb_2020.3/include/tbb/atomic.h:437:32: note: remove the '< >'
  437 |             constexpr atomic<T>(const atomic<T>& rhs):                                              \
      |                                ^
../tbb_2020.3/include/tbb/atomic.h:496:1: note: in expansion of macro '__TBB_DECL_ATOMIC'
  496 | __TBB_DECL_ATOMIC(short)
      | ^~~~~~~~~~~~~~~~~
../tbb_2020.3/include/tbb/atomic.h:437:32: warning: template-id not allowed for constructor in C++20 [-Wtemplate-id-cdt
or]
  437 |             constexpr atomic<T>(const atomic<T>& rhs):                                              \
      |                                ^
../tbb_2020.3/include/tbb/atomic.h:497:1: note: in expansion of macro '__TBB_DECL_ATOMIC'
  497 | __TBB_DECL_ATOMIC(char)
      | ^~~~~~~~~~~~~~~~~
../tbb_2020.3/include/tbb/atomic.h:437:32: note: remove the '< >'
  437 |             constexpr atomic<T>(const atomic<T>& rhs):                                              \
      |                                ^
../tbb_2020.3/include/tbb/atomic.h:497:1: note: in expansion of macro '__TBB_DECL_ATOMIC'
  497 | __TBB_DECL_ATOMIC(char)
      | ^~~~~~~~~~~~~~~~~
../tbb_2020.3/include/tbb/atomic.h:437:32: warning: template-id not allowed for constructor in C++20 [-Wtemplate-id-cdt
or]
  437 |             constexpr atomic<T>(const atomic<T>& rhs):                                              \
      |                                ^
../tbb_2020.3/include/tbb/atomic.h:498:1: note: in expansion of macro '__TBB_DECL_ATOMIC'
  498 | __TBB_DECL_ATOMIC(signed char)
      | ^~~~~~~~~~~~~~~~~
../tbb_2020.3/include/tbb/atomic.h:437:32: note: remove the '< >'
  437 |             constexpr atomic<T>(const atomic<T>& rhs):                                              \
      |                                ^
../tbb_2020.3/include/tbb/atomic.h:498:1: note: in expansion of macro '__TBB_DECL_ATOMIC'
  498 | __TBB_DECL_ATOMIC(signed char)
      | ^~~~~~~~~~~~~~~~~
../tbb_2020.3/include/tbb/atomic.h:437:32: war
ning: template-id not allowed for constructor in C++20 [-Wtemplate-id-cdtor]
  437 |             constexpr atomic<T>(const atomic<T>& rhs):                                              \
      |                                ^
../tbb_2020.3/include/tbb/atomic.h:499:1: note: in expansion of macro '__TBB_DECL_ATOMIC'
  499 | __TBB_DECL_ATOMIC(unsigned char)
      | ^~~~~~~~~~~~~~~~~
../tbb_2020.3/include/tbb/atomic.h:437:32: note: remove the '< >'
  437 |             constexpr atomic<T>(const atomic<T>& rhs):                                              \
      |                                ^
../tbb_2020.3/include/tbb/atomic.h:499:1: note: in expansion of macro '__TBB_DECL_ATOMIC'
  499 | __TBB_DECL_ATOMIC(unsigned char)
      | ^~~~~~~~~~~~~~~~~
../tbb_2020.3/include/tbb/atomic.h:437:32: warning: template-id not allowed for constructor in C++20 [-Wtemplate-id-cdt
or]
  437 |             constexpr atomic<T>(const atomic<T>& rhs):                                              \
      |                                ^
../tbb_2020.3/include/tbb/atomic.h:502:1: note: in expansion of macro '__TBB_DECL_ATOMIC'
  502 | __TBB_DECL_ATOMIC(wchar_t)
      | ^~~~~~~~~~~~~~~~~
../tbb_2020.3/include/tbb/atomic.h:437:32: note: remove the '< >'
  437 |             constexpr atomic<T>(const atomic<T>& rhs):                                              \
      |                                ^
../tbb_2020.3/include/tbb/atomic.h:502:1: note: in expansion of macro '__TBB_DECL_ATOMIC'
  502 | __TBB_DECL_ATOMIC(wchar_t)
      | ^~~~~~~~~~~~~~~~~

../tbb_2020.3/include/tbb/atomic.h: In instantiation of 'tbb::atomic<T>& tbb::internal::as_atomic(T&) [with T = long un
signed int]':
../tbb_2020.3/include/tbb/tbb_thread.h:265:29:   required from here
  265 |             return as_atomic(location.my_id).compare_and_swap(value.my_id, comparand.my_id);
      |                    ~~~~~~~~~^~~~~~~~~~~~~~~~
../tbb_2020.3/include/tbb/atomic.h:573:12: warning: casting 'long unsigned int' to 'tbb::atomic<long unsigned int>&' do
es not use 'constexpr tbb::atomic<long unsigned int>::atomic(long unsigned int)' [-Wcast-user-defined]
  573 |     return (atomic<T>&)t;
      |            ^~~~~~~~~~~~~

In file included from ../tbb_2020.3/include/tbb/tbb_profiling.h:123,
                 from ../tbb_2020.3/include/tbb/spin_rw_mutex.h:22,
                 from ../tbb_2020.3/src/tbb/x86_rtm_rw_mutex.cpp:19:
../tbb_2020.3/include/tbb/atomic.h:422:24: warning: template-id not allowed for constructor in C++20 [-Wtemplate-id-cdt
or]
  422 |     constexpr atomic<T>(const atomic<T>& rhs): internal::atomic_impl<T>(rhs) {}
      |                        ^

../tbb_2020.3/include/tbb/atomic.h:422:24: note: remove the '< >'
../tbb_2020.3/include/tbb/atomic.h:437:32: warning: template-id not allowed for constructor in C++20 [-Wtemplate-id-cdt
or]
  437 |             constexpr atomic<T>(const atomic<T>& rhs):                                              \
      |                                ^
../tbb_2020.3/include/tbb/atomic.h:454:1: note: in expansion of macro '__TBB_DECL_ATOMIC'
  454 | __TBB_DECL_ATOMIC(__TBB_LONG_LONG)
      | ^~~~~~~~~~~~~~~~~
../tbb_2020.3/include/tbb/atomic.h:437:32: note: remove the '< >'
  437 |             constexpr atomic<T>(const atomic<T>& rhs):                                              \
      |                                ^
../tbb_2020.3/include/tbb/atomic.h:454:1: note: in expansion of macro '__TBB_DECL_ATOMIC'
  454 | __TBB_DECL_ATOMIC(__TBB_LONG_LONG)
      | ^~~~~~~~~~~~~~~~~

../tbb_2020.3/include/tbb/atomic.h:437:32: warning: template-id not allowed for constructor in C++20 [-Wtemplate-id-cdt
or]
  437 |             constexpr atomic<T>(const atomic<T>& rhs):                                              \
      |                                ^
../tbb_2020.3/include/tbb/atomic.h:455:1: note: in expansion of macro '__TBB_DECL_ATOMIC'
  455 | __TBB_DECL_ATOMIC(unsigned __TBB_LONG_LONG)
      | ^~~~~~~~~~~~~~~~~
../tbb_2020.3/include/tbb/atomic.h:437:32: note: remove the '< >'
  437 |             constexpr atomic<T>(const atomic<T>& rhs):                                              \
      |                                ^
../tbb_2020.3/include/tbb/atomic.h:455:1: note: in expansion of macro '__TBB_DECL_ATOMIC'
  455 | __TBB_DECL_ATOMIC(unsigned __TBB_LONG_LONG)
      | ^~~~~~~~~~~~~~~~~

../tbb_2020.3/include/tbb/atomic.h:437:32: warning: template-id not allowed for constructor in C++20 [-Wtemplate-id-cdt
or]
  437 |             constexpr atomic<T>(const atomic<T>& rhs):                                              \
      |                                ^
../tbb_2020.3/include/tbb/atomic.h:459:1: note: in expansion of macro '__TBB_DECL_ATOMIC'
  459 | __TBB_DECL_ATOMIC(long)
      | ^~~~~~~~~~~~~~~~~
../tbb_2020.3/include/tbb/atomic.h:437:32: note: remove the '< >'
  437 |             constexpr atomic<T>(const atomic<T>& rhs):                                              \
      |                                ^
../tbb_2020.3/include/tbb/atomic.h:459:1: note: in expansion of macro '__TBB_DECL_ATOMIC'
  459 | __TBB_DECL_ATOMIC(long)
      | ^~~~~~~~~~~~~~~~~

../tbb_2020.3/include/tbb/atomic.h:437:32: warning: template-id not allowed for constructor in C++20 [-Wtemplate-id-cdt
or]
  437 |             constexpr atomic<T>(const atomic<T>& rhs):                                              \
      |                                ^
../tbb_2020.3/include/tbb/atomic.h:460:1: note: in expansion of macro '__TBB_DECL_ATOMIC'
  460 | __TBB_DECL_ATOMIC(unsigned long)
      | ^~~~~~~~~~~~~~~~~
../tbb_2020.3/include/tbb/atomic.h:437:32: note: remove the '< >'
  437 |             constexpr atomic<T>(const atomic<T>& rhs):                                              \
      |                                ^
../tbb_2020.3/include/tbb/atomic.h:460:1: note: in expansion of macro '__TBB_DECL_ATOMIC'
  460 | __TBB_DECL_ATOMIC(unsigned long)
      | ^~~~~~~~~~~~~~~~~

../tbb_2020.3/include/tbb/atomic.h:437:32: warning: template-id not allowed for constructor in C++20 [-Wtemplate-id-cdt
or]
  437 |             constexpr atomic<T>(const atomic<T>& rhs):                                              \
      |                                ^
../tbb_2020.3/include/tbb/atomic.h:491:1: note: in expansion of macro '__TBB_DECL_ATOMIC'
  491 | __TBB_DECL_ATOMIC(unsigned)
      | ^~~~~~~~~~~~~~~~~

../tbb_2020.3/include/tbb/atomic.h:437:32: note: remove the '< >'
  437 |             constexpr atomic<T>(const atomic<T>& rhs):                                              \
      |                                ^
../tbb_2020.3/include/tbb/atomic.h:491:1: note: in expansion of macro '__TBB_DECL_ATOMIC'
  491 | __TBB_DECL_ATOMIC(unsigned)
      | ^~~~~~~~~~~~~~~~~

../tbb_2020.3/include/tbb/atomic.h:437:32: warning: template-id not allowed for constructor in C++20 [-Wtemplate-id-cdt
or]
  437 |             constexpr atomic<T>(const atomic<T>& rhs):                                              \
      |                                ^
../tbb_2020.3/include/tbb/atomic.h:492:1: note: in expansion of macro '__TBB_DECL_ATOMIC'
  492 | __TBB_DECL_ATOMIC(int)
      | ^~~~~~~~~~~~~~~~~
../tbb_2020.3/include/tbb/atomic.h:437:32: note: remove the '< >'
  437 |             constexpr atomic<T>(const atomic<T>& rhs):                                              \
      |                                ^
../tbb_2020.3/include/tbb/atomic.h:492:1: note: in expansion of macro '__TBB_DECL_ATOMIC'
  492 | __TBB_DECL_ATOMIC(int)
      | ^~~~~~~~~~~~~~~~~

../tbb_2020.3/include/tbb/atomic.h:437:32: warning: template-id not allowed for constructor in C++20 [-Wtemplate-id-cdt
or]
  437 |             constexpr atomic<T>(const atomic<T>& rhs):                                              \
      |                                ^
../tbb_2020.3/include/tbb/atomic.h:495:1: note: in expansion of macro '__TBB_DECL_ATOMIC'
  495 | __TBB_DECL_ATOMIC(unsigned short)
      | ^~~~~~~~~~~~~~~~~

../tbb_2020.3/include/tbb/atomic.h:437:32: note: remove the '< >'
  437 |             constexpr atomic<T>(const atomic<T>& rhs):                                              \
      |                                ^
../tbb_2020.3/include/tbb/atomic.h:495:1: note: in expansion of macro '__TBB_DECL_ATOMIC'
  495 | __TBB_DECL_ATOMIC(unsigned short)
      | ^~~~~~~~~~~~~~~~~

../tbb_2020.3/include/tbb/atomic.h:437:32: warning: template-id not allowed for constructor in C++20 [-Wtemplate-id-cdt
or]
  437 |             constexpr atomic<T>(const atomic<T>& rhs):                                              \
      |                                ^
../tbb_2020.3/include/tbb/atomic.h:496:1: note: in expansion of macro '__TBB_DECL_ATOMIC'
  496 | __TBB_DECL_ATOMIC(short)
      | ^~~~~~~~~~~~~~~~~
../tbb_2020.3/include/tbb/atomic.h:437:32: note: remove the '< >'
  437 |             constexpr atomic<T>(const atomic<T>& rhs):                                              \
      |                                ^
../tbb_2020.3/include/tbb/atomic.h:496:1: note: in expansion of macro '__TBB_DECL_ATOMIC'
  496 | __TBB_DECL_ATOMIC(short)
      | ^~~~~~~~~~~~~~~~~

../tbb_2020.3/include/tbb/atomic.h:437:32: warning: template-id not allowed for constructor in C++20 [-Wtemplate-id-cdt
or]
  437 |             constexpr atomic<T>(const atomic<T>& rhs):                                              \
      |                                ^
../tbb_2020.3/include/tbb/atomic.h:497:1: note: in expansion of macro '__TBB_DECL_ATOMIC'
  497 | __TBB_DECL_ATOMIC(char)
      | ^~~~~~~~~~~~~~~~~
../tbb_2020.3/include/tbb/atomic.h:437:32: note: remove the '< >'
  437 |             constexpr atomic<T>(const atomic<T>& rhs):                                              \
      |                                ^
../tbb_2020.3/include/tbb/atomic.h:497:1: note: in expansion of macro '__TBB_DECL_ATOMIC'
  497 | __TBB_DECL_ATOMIC(char)
      | ^~~~~~~~~~~~~~~~~

../tbb_2020.3/include/tbb/atomic.h:437:32: warning: template-id not allowed for constructor in C++20 [-Wtemplate-id-cdt
or]
  437 |             constexpr atomic<T>(const atomic<T>& rhs):                                              \
      |                                ^
../tbb_2020.3/include/tbb/atomic.h:498:1: note: in expansion of macro '__TBB_DECL_ATOMIC'
  498 | __TBB_DECL_ATOMIC(signed char)
      | ^~~~~~~~~~~~~~~~~
../tbb_2020.3/include/tbb/atomic.h:437:32: note: remove the '< >'
  437 |             constexpr atomic<T>(const atomic<T>& rhs):                                              \
      |                                ^
../tbb_2020.3/include/tbb/atomic.h:498:1: note: in expansion of macro '__TBB_DECL_ATOMIC'
  498 | __TBB_DECL_ATOMIC(signed char)
      | ^~~~~~~~~~~~~~~~~

../tbb_2020.3/include/tbb/atomic.h:437:32: warning: template-id not allowed for constructor in C++20 [-Wtemplate-id-cdt
or]
  437 |             constexpr atomic<T>(const atomic<T>& rhs):                                              \
      |                                ^
../tbb_2020.3/include/tbb/atomic.h:499:1: note: in expansion of macro '__TBB_DECL_ATOMIC'
  499 | __TBB_DECL_ATOMIC(unsigned char)
      | ^~~~~~~~~~~~~~~~~

../tbb_2020.3/include/tbb/atomic.h:437:32: note: remove the '< >'
  437 |             constexpr atomic<T>(const atomic<T>& rhs):                                              \
      |                                ^
../tbb_2020.3/include/tbb/atomic.h:499:1: note: in expansion of macro '__TBB_DECL_ATOMIC'
  499 | __TBB_DECL_ATOMIC(unsigned char)
      | ^~~~~~~~~~~~~~~~~
../tbb_2020.3/include/tbb/atomic.h:437:32: warning: template-id not allowed for constructor in C++20 [-Wtemplate-id-cdt
or]
  437 |             constexpr atomic<T>(const atomic<T>& rhs):                                              \
      |                                ^
../tbb_2020.3/include/tbb/atomic.h:502:1: note: in expansion of macro '__TBB_DECL_ATOMIC'
  502 | __TBB_DECL_ATOMIC(wchar_t)
      | ^~~~~~~~~~~~~~~~~

../tbb_2020.3/include/tbb/atomic.h:437:32: note: remove the '< >'
  437 |             constexpr atomic<T>(const atomic<T>& rhs):                                              \
      |                                ^
../tbb_2020.3/include/tbb/atomic.h:502:1: note: in expansion of macro '__TBB_DECL_ATOMIC'
  502 | __TBB_DECL_ATOMIC(wchar_t)
      | ^~~~~~~~~~~~~~~~~

In file included from ../tbb_2020.3/include/tbb/tbb_profiling.h:123,
                 from ../tbb_2020.3/include/tbb/spin_mutex.h:28,
                 from ../tbb_2020.3/src/tbb/spin_mutex.cpp:18:
../tbb_2020.3/include/tbb/atomic.h:422:24: warning: template-id not allowed for constructor in C++20 [-Wtemplate-id-cdt
or]
  422 |     constexpr atomic<T>(const atomic<T>& rhs): internal::atomic_impl<T>(rhs) {}
      |                        ^

../tbb_2020.3/include/tbb/atomic.h:422:24: note: remove the '< >'
../tbb_2020.3/include/tbb/atomic.h:437:32: warning: template-id not allowed for constructor in C++20 [-Wtemplate-id-cdt
or]
  437 |             constexpr atomic<T>(const atomic<T>& rhs):                                              \
      |                                ^
../tbb_2020.3/include/tbb/atomic.h:454:1: note: in expansion of macro '__TBB_DECL_ATOMIC'
  454 | __TBB_DECL_ATOMIC(__TBB_LONG_LONG)
      | ^~~~~~~~~~~~~~~~~
../tbb_2020.3/include/tbb/atomic.h:437:32: note: remove the '< >'
  437 |             constexpr atomic<T>(const atomic<T>& rhs):                                              \
      |                                ^
../tbb_2020.3/include/tbb/atomic.h:454:1: note: in expansion of macro '__TBB_DECL_ATOMIC'
  454 | __TBB_DECL_ATOMIC(__TBB_LONG_LONG)
      | ^~~~~~~~~~~~~~~~~

../tbb_2020.3/include/tbb/atomic.h:437:32: warning: template-id not allowed for constructor in C++20 [-Wtemplate-id-cdt
or]
  437 |             constexpr atomic<T>(const atomic<T>& rhs):                                              \
      |                                ^
../tbb_2020.3/include/tbb/atomic.h:455:1: note: in expansion of macro '__TBB_DECL_ATOMIC'
  455 | __TBB_DECL_ATOMIC(unsigned __TBB_LONG_LONG)
      | ^~~~~~~~~~~~~~~~~
../tbb_2020.3/include/tbb/atomic.h:437:32: note: remove the '< >'
  437 |             constexpr atomic<T>(const atomic<T>& rhs):                                              \
      |                                ^
../tbb_2020.3/include/tbb/atomic.h:455:1: note: in expansion of macro '__TBB_DECL_ATOMIC'
  455 | __TBB_DECL_ATOMIC(unsigned __TBB_LONG_LONG)
      | ^~~~~~~~~~~~~~~~~

../tbb_2020.3/include/tbb/atomic.h:437:32: warning: template-id not allowed for constructor in C++20 [-Wtemplate-id-cdt
or]
  437 |             constexpr atomic<T>(const atomic<T>& rhs):                                              \
      |                                ^
../tbb_2020.3/include/tbb/atomic.h:459:1: note: in expansion of macro '__TBB_DECL_ATOMIC'
  459 | __TBB_DECL_ATOMIC(long)
      | ^~~~~~~~~~~~~~~~~
../tbb_2020.3/include/tbb/atomic.h:437:32: note: remove the '< >'
  437 |             constexpr atomic<T>(const atomic<T>& rhs):                                              \
      |                                ^
../tbb_2020.3/include/tbb/atomic.h:459:1: note: in expansion of macro '__TBB_DECL_ATOMIC'
  459 | __TBB_DECL_ATOMIC(long)
      | ^~~~~~~~~~~~~~~~~

../tbb_2020.3/include/tbb/atomic.h:437:32: warning: template-id not allowed for constructor in C++20 [-Wtemplate-id-cdt
or]
  437 |             constexpr atomic<T>(const atomic<T>& rhs):                                              \
      |                                ^
../tbb_2020.3/include/tbb/atomic.h:460:1: note: in expansion of macro '__TBB_DECL_ATOMIC'
  460 | __TBB_DECL_ATOMIC(unsigned long)
      | ^~~~~~~~~~~~~~~~~
../tbb_2020.3/include/tbb/atomic.h:437:32: note: remove the '< >'
  437 |             constexpr atomic<T>(const atomic<T>& rhs):                                              \
      |                                ^
../tbb_2020.3/include/tbb/atomic.h:460:1: note: in expansion of macro '__TBB_DECL_ATOMIC'
  460 | __TBB_DECL_ATOMIC(unsigned long)
      | ^~~~~~~~~~~~~~~~~

../tbb_2020.3/include/tbb/atomic.h:437:32: warning: template-id not allowed for constructor in C++20 [-Wtemplate-id-cdt
or]
  437 |             constexpr atomic<T>(const atomic<T>& rhs):                                              \
      |                                ^
../tbb_2020.3/include/tbb/atomic.h:491:1: note: in expansion of macro '__TBB_DECL_ATOMIC'
  491 | __TBB_DECL_ATOMIC(unsigned)
      | ^~~~~~~~~~~~~~~~~
../tbb_2020.3/include/tbb/atomic.h:437:32: note: remove the '< >'
  437 |             constexpr atomic<T>(const atomic<T>& rhs):                                              \
      |                                ^
../tbb_2020.3/include/tbb/atomic.h:491:1: note: in expansion of macro '__TBB_DECL_ATOMIC'
  491 | __TBB_DECL_ATOMIC(unsigned)
      | ^~~~~~~~~~~~~~~~~

../tbb_2020.3/include/tbb/atomic.h:437:32: warning: template-id not allowed for constructor in C++20 [-Wtemplate-id-cdt
or]
  437 |             constexpr atomic<T>(const atomic<T>& rhs):                                              \
      |                                ^
../tbb_2020.3/include/tbb/atomic.h:492:1: note: in expansion of macro '__TBB_DECL_ATOMIC'
  492 | __TBB_DECL_ATOMIC(int)
      | ^~~~~~~~~~~~~~~~~
../tbb_2020.3/include/tbb/atomic.h:437:32: note: remove the '< >'
  437 |             constexpr atomic<T>(const atomic<T>& rhs):                                              \
      |                                ^
../tbb_2020.3/include/tbb/atomic.h:492:1: note: in expansion of macro '__TBB_DECL_ATOMIC'
  492 | __TBB_DECL_ATOMIC(int)
      | ^~~~~~~~~~~~~~~~~

../tbb_2020.3/include/tbb/atomic.h:437:32: warning: template-id not allowed for constructor in C++20 [-Wtemplate-id-cdt
or]
  437 |             constexpr atomic<T>(const atomic<T>& rhs):                                              \
      |                                ^
../tbb_2020.3/include/tbb/atomic.h:495:1: note: in expansion of macro '__TBB_DECL_ATOMIC'
  495 | __TBB_DECL_ATOMIC(unsigned short)
      | ^~~~~~~~~~~~~~~~~

../tbb_2020.3/include/tbb/atomic.h:437:32: note: remove the '< >'
  437 |             constexpr atomic<T>(const atomic<T>& rhs):                                              \
      |                                ^
../tbb_2020.3/include/tbb/atomic.h:495:1: note: in expansion of macro '__TBB_DECL_ATOMIC'
  495 | __TBB_DECL_ATOMIC(unsigned short)
      | ^~~~~~~~~~~~~~~~~

../tbb_2020.3/include/tbb/atomic.h:437:32: warning: template-id not allowed for constructor in C++20 [-Wtemplate-id-cdt
or]
  437 |             constexpr atomic<T>(const atomic<T>& rhs):                                              \
      |                                ^
../tbb_2020.3/include/tbb/atomic.h:496:1: note: in expansion of macro '__TBB_DECL_ATOMIC'
  496 | __TBB_DECL_ATOMIC(short)
      | ^~~~~~~~~~~~~~~~~
../tbb_2020.3/include/tbb/atomic.h:437:32: note: remove the '< >'
  437 |             constexpr atomic<T>(const atomic<T>& rhs):                                              \
      |                                ^
../tbb_2020.3/include/tbb/atomic.h:496:1: note: in expansion of macro '__TBB_DECL_ATOMIC'
  496 | __TBB_DECL_ATOMIC(short)
      | ^~~~~~~~~~~~~~~~~

../tbb_2020.3/include/tbb/atomic.h:437:32: warning: template-id not allowed for constructor in C++20 [-Wtemplate-id-cdt
or]
  437 |             constexpr atomic<T>(const atomic<T>& rhs):                                              \
      |                                ^
../tbb_2020.3/include/tbb/atomic.h:497:1: note: in expansion of macro '__TBB_DECL_ATOMIC'
  497 | __TBB_DECL_ATOMIC(char)
      | ^~~~~~~~~~~~~~~~~

../tbb_2020.3/include/tbb/atomic.h:437:32: note: remove the '< >'
  437 |             constexpr atomic<T>(const atomic<T>& rhs):                                              \
      |                                ^
../tbb_2020.3/include/tbb/atomic.h:497:1: note: in expansion of macro '__TBB_DECL_ATOMIC'
  497 | __TBB_DECL_ATOMIC(char)
      | ^~~~~~~~~~~~~~~~~

../tbb_2020.3/include/tbb/atomic.h:437:32: warning: template-id not allowed for constructor in C++20 [-Wtemplate-id-cdt
or]
  437 |             constexpr atomic<T>(const atomic<T>& rhs):                                              \
      |                                ^
../tbb_2020.3/include/tbb/atomic.h:498:1: note: in expansion of macro '__TBB_DECL_ATOMIC'
  498 | __TBB_DECL_ATOMIC(signed char)
      | ^~~~~~~~~~~~~~~~~
../tbb_2020.3/include/tbb/atomic.h:437:32: note: remove the '< >'
  437 |             constexpr atomic<T>(const atomic<T>& rhs):                                              \
      |                                ^
../tbb_2020.3/include/tbb/atomic.h:498:1: note: in expansion of macro '__TBB_DECL_ATOMIC'
  498 | __TBB_DECL_ATOMIC(signed char)
      | ^~~~~~~~~~~~~~~~~
../tbb_2020.3/include/tbb/atomic.h:437:32: warning: template-id not allowed for constructor in C++20 [-Wtemplate-id-cdt
or]
  437 |             constexpr atomic<T>(const atomic<T>& rhs):                                              \
      |                                ^
../tbb_2020.3/include/tbb/atomic.h:499:1: note: in expansion of macro '__TBB_DECL_ATOMIC'
  499 | __TBB_DECL_ATOMIC(unsigned char)
      | ^~~~~~~~~~~~~~~~~
../tbb_2020.3/include/tbb/atomic.h:437:32: note: remove the '< >'
  437 |             constexpr atomic<T>(const atomic<T>& rhs):                                              \
      |                                ^
../tbb_2020.3/include/tbb/atomic.h:499:1: note: in expansion of macro '__TBB_DECL_ATOMIC'
  499 | __TBB_DECL_ATOMIC(unsigned char)
      | ^~~~~~~~~~~~~~~~~
../tbb_2020.3/include/tbb/atomic.h:437:32: warning: template-id not allowed for constructor in C++20 [-Wtemplate-id-cdt
or]
  437 |             constexpr atomic<T>(const atomic<T>& rhs):                                              \
      |                                ^
../tbb_2020.3/include/tbb/atomic.h:502:1: note: in expansion of macro '__TBB_DECL_ATOMIC'
  502 | __TBB_DECL_ATOMIC(wcha
r_t)
      | ^~~~~~~~~~~~~~~~~
../tbb_2020.3/include/tbb/atomic.h:437:32: note: remove the '< >'
  437 |             constexpr atomic<T>(const atomic<T>& rhs):                                              \
      |                                ^
../tbb_2020.3/include/tbb/atomic.h:502:1: note: in expansion of macro '__TBB_DECL_ATOMIC'
  502 | __TBB_DECL_ATOMIC(wchar_t)
      | ^~~~~~~~~~~~~~~~~

In file included from ../tbb_2020.3/include/tbb/tbb_thread.h:56,
                 from ../tbb_2020.3/include/tbb/critical_section.h:42,
                 from ../tbb_2020.3/src/tbb/critical_section.cpp:17:
../tbb_2020.3/include/tbb/atomic.h:422:24: warning: template-id not allowed for constructor in C++20 [-Wtemplate-id-cdt
or]
  422 |     constexpr atomic<T>(const atomic<T>& rhs): internal::atomic_impl<T>(rhs) {}
      |                        ^

../tbb_2020.3/include/tbb/atomic.h:422:24: note: remove the '< >'
../tbb_2020.3/include/tbb/atomic.h:437:32: warning: template-id not allowed for constructor in C++20 [-Wtemplate-id-cdt
or]
  437 |             constexpr atomic<T>(const atomic<T>& rhs):                                              \
      |                                ^
../tbb_2020.3/include/tbb/atomic.h:454:1: note: in expansion of macro '__TBB_DECL_ATOMIC'
  454 | __TBB_DECL_ATOMIC(__TBB_LONG_LONG)
      | ^~~~~~~~~~~~~~~~~
../tbb_2020.3/include/tbb/atomic.h:437:32: note: remove the '< >'
  437 |             constexpr atomic<T>(const atomic<T>& rhs):                                              \
      |                                ^
../tbb_2020.3/include/tbb/atomic.h:454:1: note: in expansion of macro '__TBB_DECL_ATOMIC'
  454 | __TBB_DECL_ATOMIC(__TBB_LONG_LONG)
      | ^~~~~~~~~~~~~~~~~

../tbb_2020.3/include/tbb/atomic.h:437:32: warning: template-id not allowed for constructor in C++20 [-Wtemplate-id-cdt
or]
  437 |             constexpr atomic<T>(const atomic<T>& rhs):                                              \
      |                                ^
../tbb_2020.3/include/tbb/atomic.h:455:1: note: in expansion of macro '__TBB_DECL_ATOMIC'
  455 | __TBB_DECL_ATOMIC(unsigned __TBB_LONG_LONG)
      | ^~~~~~~~~~~~~~~~~
../tbb_2020.3/include/tbb/atomic.h:437:32: note: remove the '< >'
  437 |             constexpr atomic<T>(const atomic<T>& rhs):                                              \
      |                                ^
../tbb_2020.3/include/tbb/atomic.h:455:1: note: in expansion of macro '__TBB_DECL_ATOMIC'
  455 | __TBB_DECL_ATOMIC(unsigned __TBB_LONG_LONG)
      | ^~~~~~~~~~~~~~~~~

../tbb_2020.3/include/tbb/atomic.h:437:32: warning: template-id not allowed for constructor in C++20 [-Wtemplate-id-cdt
or]
  437 |             constexpr atomic<T>(const atomic<T>& rhs):                                              \
      |                                ^
../tbb_2020.3/include/tbb/atomic.h:459:1: note: in expansion of macro '__TBB_DECL_ATOMIC'
  459 | __TBB_DECL_ATOMIC(long)
      | ^~~~~~~~~~~~~~~~~
../tbb_2020.3/include/tbb/atomic.h:437:32: note: remove the '< >'
  437 |             constexpr atomic<T>(const atomic<T>& rhs):                                              \
      |                                ^
../tbb_2020.3/include/tbb/atomic.h:459:1: note: in expansion of macro '__TBB_DECL_ATOMIC'
  459 | __TBB_DECL_ATOMIC(long)
      | ^~~~~~~~~~~~~~~~~

../tbb_2020.3/include/tbb/atomic.h:437:32: warning: template-id not allowed for constructor in C++20 [-Wtemplate-id-cdt
or]
  437 |             constexpr atomic<T>(const atomic<T>& rhs):                                              \
      |                                ^
../tbb_2020.3/include/tbb/atomic.h:460:1: note: in expansion of macro '__TBB_DECL_ATOMIC'
  460 | __TBB_DECL_ATOMIC(unsigned long)
      | ^~~~~~~~~~~~~~~~~
../tbb_2020.3/include/tbb/atomic.h:437:32: note: remove the '< >'
  437 |             constexpr atomic<T>(const atomic<T>& rhs):                                              \
      |                                ^
../tbb_2020.3/include/tbb/atomic.h:460:1: note: in expansion of macro '__TBB_DECL_ATOMIC'
  460 | __TBB_DECL_ATOMIC(unsigned long)
      | ^~~~~~~~~~~~~~~~~

../tbb_2020.3/include/tbb/atomic.h:437:32: warning: template-id not allowed for constructor in C++20 [-Wtemplate-id-cdt
or]
  437 |             constexpr atomic<T>(const atomic<T>& rhs):                                              \
      |                                ^
../tbb_2020.3/include/tbb/atomic.h:491:1: note: in expansion of macro '__TBB_DECL_ATOMIC'
  491 | __TBB_DECL_ATOMIC(unsigned)
      | ^~~~~~~~~~~~~~~~~

../tbb_2020.3/include/tbb/atomic.h:437:32: note: remove the '< >'
  437 |             constexpr atomic<T>(const atomic<T>& rhs):                                              \
      |                                ^
../tbb_2020.3/include/tbb/atomic.h:491:1: note: in expansion of macro '__TBB_DECL_ATOMIC'
  491 | __TBB_DECL_ATOMIC(unsigned)
      | ^~~~~~~~~~~~~~~~~

../tbb_2020.3/include/tbb/atomic.h:437:32: warning: template-id not allowed for constructor in C++20 [-Wtemplate-id-cdt
or]
  437 |             constexpr atomic<T>(const atomic<T>& rhs):                                              \
      |                                ^
../tbb_2020.3/include/tbb/atomic.h:492:1: note: in expansion of macro '__TBB_DECL_ATOMIC'
  492 | __TBB_DECL_ATOMIC(int)
      | ^~~~~~~~~~~~~~~~~
../tbb_2020.3/include/tbb/atomic.h:437:32: note: remove the '< >'
  437 |             constexpr atomic<T>(const atomic<T>& rhs):                                              \
      |                                ^
../tbb_2020.3/include/tbb/atomic.h:492:1: note: in expansion of macro '__TBB_DECL_ATOMIC'
  492 | __TBB_DECL_ATOMIC(int)
      | ^~~~~~~~~~~~~~~~~

../tbb_2020.3/include/tbb/atomic.h:437:32: warning: template-id not allowed for constructor in C++20 [-Wtemplate-id-cdt
or]
  437 |             constexpr atomic<T>(const atomic<T>& rhs):                                              \
      |                                ^
../tbb_2020.3/include/tbb/atomic.h:495:1: note: in expansion of macro '__TBB_DECL_ATOMIC'
  495 | __TBB_DECL_ATOMIC(unsigned short)
      | ^~~~~~~~~~~~~~~~~

../tbb_2020.3/include/tbb/atomic.h:437:32: note: remove the '< >'
  437 |             constexpr atomic<T>(const atomic<T>& rhs):                                              \
      |                                ^
../tbb_2020.3/include/tbb/atomic.h:495:1: note: in expansion of macro '__TBB_DECL_ATOMIC'
  495 | __TBB_DECL_ATOMIC(unsigned short)
      | ^~~~~~~~~~~~~~~~~

../tbb_2020.3/include/tbb/atomic.h:437:32: warning: template-id not allowed for constructor in C++20 [-Wtemplate-id-cdt
or]
  437 |             constexpr atomic<T>(const atomic<T>& rhs):                                              \
      |                                ^
../tbb_2020.3/include/tbb/atomic.h:496:1: note: in expansion of macro '__TBB_DECL_ATOMIC'
  496 | __TBB_DECL_ATOMIC(short)
      | ^~~~~~~~~~~~~~~~~

../tbb_2020.3/include/tbb/atomic.h:437:32: note: remove the '< >'
  437 |             constexpr atomic<T>(const atomic<T>& rhs):                                              \
      |                                ^
../tbb_2020.3/include/tbb/atomic.h:496:1: note: in expansion of macro '__TBB_DECL_ATOMIC'
  496 | __TBB_DECL_ATOMIC(short)
      | ^~~~~~~~~~~~~~~~~

../tbb_2020.3/include/tbb/atomic.h:437:32: warning: template-id not allowed for constructor in C++20 [-Wtemplate-id-cdt
or]
  437 |             constexpr atomic<T>(const atomic<T>& rhs):                                              \
      |                                ^
../tbb_2020.3/include/tbb/atomic.h:497:1: note: in expansion of macro '__TBB_DECL_ATOMIC'
  497 | __TBB_DECL_ATOMIC(char)
      | ^~~~~~~~~~~~~~~~~

../tbb_2020.3/include/tbb/atomic.h:437:32: note: remove the '< >'
  437 |             constexpr atomic<T>(const atomic<T>& rhs):                                              \
      |                                ^
../tbb_2020.3/include/tbb/atomic.h:497:1: note: in expansion of macro '__TBB_DECL_ATOMIC'
  497 | __TBB_DECL_ATOMIC(char)
      | ^~~~~~~~~~~~~~~~~

../tbb_2020.3/include/tbb/atomic.h:437:32: warning: template-id not allowed for constructor in C++20 [-Wtemplate-id-cdt
or]
  437 |             constexpr atomic<T>(const atomic<T>& rhs):                                              \
      |                                ^
../tbb_2020.3/include/tbb/atomic.h:498:1: note: in expansion of macro '__TBB_DECL_ATOMIC'
  498 | __TBB_DECL_ATOMIC(signed char)
      | ^~~~~~~~~~~~~~~~~

../tbb_2020.3/include/tbb/atomic.h:437:32: note: remove the '< >'
  437 |             constexpr atomic<T>(const atomic<T>& rhs):                                              \
      |                                ^
../tbb_2020.3/include/tbb/atomic.h:498:1: note: in expansion of macro '__TBB_DECL_ATOMIC'
  498 | __TBB_DECL_ATOMIC(signed char)
      | ^~~~~~~~~~~~~~~~~

../tbb_2020.3/include/tbb/atomic.h:437:32: warning: template-id not allowed for constructor in C++20 [-Wtemplate-id-cdt
or]
  437 |             constexpr atomic<T>(const atomic<T>& rhs):                                              \
      |                                ^
../tbb_2020.3/include/tbb/atomic.h:499:1: note: in expansion of macro '__TBB_DECL_ATOMIC'
  499 | __TBB_DECL_ATOMIC(unsigned char)
      | ^~~~~~~~~~~~~~~~~

../tbb_2020.3/include/tbb/atomic.h:437:32: note: remove the '< >'
  437 |             constexpr atomic<T>(const atomic<T>& rhs):                                              \
      |                                ^
../tbb_2020.3/include/tbb/atomic.h:499:1: note: in expansion of macro '__TBB_DECL_ATOMIC'
  499 | __TBB_DECL_ATOMIC(unsigned char)
      | ^~~~~~~~~~~~~~~~~

../tbb_2020.3/include/tbb/atomic.h:437:32: warning: template-id not allowed for constructor in C++20 [-Wtemplate-id-cdt
or]
  437 |             constexpr atomic<T>(const atomic<T>& rhs):                                              \
      |                                ^
../tbb_2020.3/include/tbb/atomic.h:502:1: note: in expansion of macro '__TBB_DECL_ATOMIC'
  502 | __TBB_DECL_ATOMIC(wchar_t)
      | ^~~~~~~~~~~~~~~~~

../tbb_2020.3/include/tbb/atomic.h:437:32: note: remove the '< >'
  437 |             constexpr atomic<T>(const atomic<T>& rhs):                                              \
      |                                ^
../tbb_2020.3/include/tbb/atomic.h:502:1: note: in expansion of macro '__TBB_DECL_ATOMIC'
  502 | __TBB_DECL_ATOMIC(wchar_t)
      | ^~~~~~~~~~~~~~~~~

../tbb_2020.3/include/tbb/atomic.h: In instantiation of 'tbb::atomic<T>& tbb::internal::as_atomic(T&) [with T = long un
signed int]':
../tbb_2020.3/include/tbb/tbb_thread.h:265:29:   required from here
  265 |             return as_atomic(location.my_id).compare_and_swap(value.my_id, comparand.my_id);
      |                    ~~~~~~~~~^~~~~~~~~~~~~~~~
../tbb_2020.3/include/tbb/atomic.h:573:12: warning: casting 'long unsigned int' to 'tbb::atomic<long unsigned int>&' do
es not use 'constexpr tbb::atomic<long unsigned int>::atomic(long unsigned int)' [-Wcast-user-defined]
  573 |     return (atomic<T>&)t;
      |            ^~~~~~~~~~~~~

In file included from ../tbb_2020.3/include/tbb/tbb_profiling.h:123,
                 from ../tbb_2020.3/include/tbb/mutex.h:43,
                 from ../tbb_2020.3/src/tbb/mutex.cpp:20:
../tbb_2020.3/include/tbb/atomic.h:422:24: warning: template-id not allowed for constructor in C++20 [-Wtemplate-id-cdt
or]
  422 |     constexpr atomic<T>(const atomic<T>& rhs): internal::atomic_impl<T>(rhs) {}
      |                        ^

../tbb_2020.3/include/tbb/atomic.h:422:24: note: remove the '< >'
../tbb_2020.3/include/tbb/atomic.h:437:32: warning: template-id not allowed for constructor in C++20 [-Wtemplate-id-cdt
or]
  437 |             constexpr atomic<T>(const atomic<T>& rhs):                                              \
      |                                ^
../tbb_2020.3/include/tbb/atomic.h:454:1: note: in expansion of macro '__TBB_DECL_ATOMIC'
  454 | __TBB_DECL_ATOMIC(__TBB_LONG_LONG)
      | ^~~~~~~~~~~~~~~~~
../tbb_2020.3/include/tbb/atomic.h:437:32: note: remove the '< >'
  437 |             constexpr atomic<T>(const atomic<T>& rhs):                                              \
      |                                ^
../tbb_2020.3/include/tbb/atomic.h:454:1: note: in expansion of macro '__TBB_DECL_ATOMIC'
  454 | __TBB_DECL_ATOMIC(__TBB_LONG_LONG)
      | ^~~~~~~~~~~~~~~~~

../tbb_2020.3/include/tbb/atomic.h:437:32: warning: template-id not allowed for constructor in C++20 [-Wtemplate-id-cdt
or]
  437 |             constexpr atomic<T>(const atomic<T>& rhs):                                              \
      |                                ^
../tbb_2020.3/include/tbb/atomic.h:455:1: note: in expansion of macro '__TBB_DECL_ATOMIC'
  455 | __TBB_DECL_ATOMIC(unsigned __TBB_LONG_LONG)
      | ^~~~~~~~~~~~~~~~~
../tbb_2020.3/include/tbb/atomic.h:437:32: note: remove the '< >'
  437 |             constexpr atomic<T>(const atomic<T>& rhs):                                              \
      |                                ^
../tbb_2020.3/include/tbb/atomic.h:455:1: note: in expansion of macro '__TBB_DECL_ATOMIC'
  455 | __TBB_DECL_ATOMIC(unsigned __TBB_LONG_LONG)
      | ^~~~~~~~~~~~~~~~~

../tbb_2020.3/include/tbb/atomic.h:437:32: warning: template-id not allowed for constructor in C++20 [-Wtemplate-id-cdt
or]
  437 |             constexpr atomic<T>(const atomic<T>& rhs):                                              \
      |                                ^
../tbb_2020.3/include/tbb/atomic.h:459:1: note: in expansion of macro '__TBB_DECL_ATOMIC'
  459 | __TBB_DECL_ATOMIC(long)
      | ^~~~~~~~~~~~~~~~~
../tbb_2020.3/include/tbb/atomic.h:437:32: note: remove the '< >'
  437 |             constexpr atomic<T>(const atomic<T>& rhs):                                              \
      |                                ^
../tbb_2020.3/include/tbb/atomic.h:459:1: note: in expansion of macro '__TBB_DECL_ATOMIC'
  459 | __TBB_DECL_ATOMIC(long)
      | ^~~~~~~~~~~~~~~~~

../tbb_2020.3/include/tbb/atomic.h:437:32: warning: template-id not allowed for constructor in C++20 [-Wtemplate-id-cdt
or]
  437 |             constexpr atomic<T>(const atomic<T>& rhs):                                              \
      |                                ^
../tbb_2020.3/include/tbb/atomic.h:460:1: note: in expansion of macro '__TBB_DECL_ATOMIC'
  460 | __TBB_DECL_ATOMIC(unsigned long)
      | ^~~~~~~~~~~~~~~~~
../tbb_2020.3/include/tbb/atomic.h:437:32: note: remove the '< >'
  437 |             constexpr atomic<T>(const atomic<T>& rhs):                                              \
      |                                ^
../tbb_2020.3/include/tbb/atomic.h:460:1: note: in expansion of macro '__TBB_DECL_ATOMIC'
  460 | __TBB_DECL_ATOMIC(unsigned long)
      | ^~~~~~~~~~~~~~~~~

../tbb_2020.3/include/tbb/atomic.h:437:32: warning: template-id not allowed for constructor in C++20 [-Wtemplate-id-cdt
or]
  437 |             constexpr atomic<T>(const atomic<T>& rhs):                                              \
      |                                ^
../tbb_2020.3/include/tbb/atomic.h:491:1: note: in expansion of macro '__TBB_DECL_ATOMIC'
  491 | __TBB_DECL_ATOMIC(unsigned)
      | ^~~~~~~~~~~~~~~~~
../tbb_2020.3/include/tbb/atomic.h:437:32: note: remove the '< >'
  437 |             constexpr atomic<T>(const atomic<T>& rhs):                                              \
      |                                ^
../tbb_2020.3/include/tbb/atomic.h:491:1: note: in expansion of macro '__TBB_DECL_ATOMIC'
  491 | __TBB_DECL_ATOMIC(unsigned)
      | ^~~~~~~~~~~~~~~~~

../tbb_2020.3/include/tbb/atomic.h:437:32: warning: template-id not allowed for constructor in C++20 [-Wtemplate-id-cdt
or]
  437 |             constexpr atomic<T>(const atomic<T>& rhs):                                              \
      |                                ^
../tbb_2020.3/include/tbb/atomic.h:492:1: note: in expansion of macro '__TBB_DECL_ATOMIC'
  492 | __TBB_DECL_ATOMIC(int)
      | ^~~~~~~~~~~~~~~~~
../tbb_2020.3/include/tbb/atomic.h:437:32: note: remove the '< >'
  437 |             constexpr atomic<T>(const atomic<T>& rhs):                                              \
      |                                ^
../tbb_2020.3/include/tbb/atomic.h:492:1: note: in expansion of macro '__TBB_DECL_ATOMIC'
  492 | __TBB_DECL_ATOMIC(int)
      | ^~~~~~~~~~~~~~~~~

../tbb_2020.3/include/tbb/atomic.h:437:32: warning: template-id not allowed for constructor in C++20 [-Wtemplate-id-cdt
or]
  437 |             constexpr atomic<T>(const atomic<T>& rhs):                                              \
      |                                ^
../tbb_2020.3/include/tbb/atomic.h:495:1: note: in expansion of macro '__TBB_DECL_ATOMIC'
  495 | __TBB_DECL_ATOMIC(unsigned short)
      | ^~~~~~~~~~~~~~~~~

../tbb_2020.3/include/tbb/atomic.h:437:32: note: remove the '< >'
  437 |             constexpr atomic<T>(const atomic<T>& rhs):                                              \
      |                                ^
../tbb_2020.3/include/tbb/atomic.h:495:1: note: in expansion of macro '__TBB_DECL_ATOMIC'
  495 | __TBB_DECL_ATOMIC(unsigned short)
      | ^~~~~~~~~~~~~~~~~

../tbb_2020.3/include/tbb/atomic.h:437:32: warning: template-id not allowed for constructor in C++20 [-Wtemplate-id-cdt
or]
  437 |             constexpr atomic<T>(const atomic<T>& rhs):                                              \
      |                                ^
../tbb_2020.3/include/tbb/atomic.h:496:1: note: in expansion of macro '__TBB_DECL_ATOMIC'
  496 | __TBB_DECL_ATOMIC(short)
      | ^~~~~~~~~~~~~~~~~
../tbb_2020.3/include/tbb/atomic.h:437:32: note: remove the '< >'
  437 |             constexpr atomic<T>(const atomic<T>& rhs):                                              \
      |                                ^
../tbb_2020.3/include/tbb/atomic.h:496:1: note: in expansion of macro '__TBB_DECL_ATOMIC'
  496 | __TBB_DECL_ATOMIC(short)
      | ^~~~~~~~~~~~~~~~~

../tbb_2020.3/include/tbb/atomic.h:437:32: warning: template-id not allowed for constructor in C++20 [-Wtemplate-id-cdt
or]
  437 |             constexpr atomic<T>(const atomic<T>& rhs):                                              \
      |                                ^
../tbb_2020.3/include/tbb/atomic.h:497:1: note: in expansion of macro '__TBB_DECL_ATOMIC'
  497 | __TBB_DECL_ATOMIC(char)
      | ^~~~~~~~~~~~~~~~~
../tbb_2020.3/include/tbb/atomic.h:437:32: note: remove the '< >'
  437 |             constexpr atomic<T>(const atomic<T>& rhs):                                              \
      |                                ^
../tbb_2020.3/include/tbb/atomic.h:497:1: note: in expansion of macro '__TBB_DECL_ATOMIC'
  497 | __TBB_DECL_ATOMIC(char)
      | ^~~~~~~~~~~~~~~~~

../tbb_2020.3/include/tbb/atomic.h:437:32: warning: template-id not allowed for constructor in C++20 [-Wtemplate-id-cdt
or]
  437 |             constexpr atomic<T>(const atomic<T>& rhs):                                              \
      |                                ^
../tbb_2020.3/include/tbb/atomic.h:498:1: note: in expansion of macro '__TBB_DECL_ATOMIC'
  498 | __TBB_DECL_ATOMIC(signed char)
      | ^~~~~~~~~~~~~~~~~
../tbb_2020.3/include/tbb/atomic.h:437:32: note: remove the '< >'
  437 |             constexpr atomic<T>(const atomic<T>& rhs):                                              \
      |                                ^
../tbb_2020.3/include/tbb/atomic.h:498:1: note: in expansion of macro '__TBB_DECL_ATOMIC'
  498 | __TBB_DECL_ATOMIC(signed char)
      | ^~~~~~~~~~~~~~~~~

../tbb_2020.3/include/tbb/atomic.h:437:32: warning: template-id not allowed for constructor in C++20 [-Wtemplate-id-cdt
or]
  437 |             constexpr atomic<T>(const atomic<T>& rhs):                                              \
      |                                ^
../tbb_2020.3/include/tbb/atomic.h:499:1: note: in expansion of macro '__TBB_DECL_ATOMIC'
  499 | __TBB_DECL_ATOMIC(unsigned char)
      | ^~~~~~~~~~~~~~~~~
../tbb_2020.3/include/tbb/atomic.h:437:32: note: remove the '< >'
  437 |             constexpr atomic<T>(const atomic<T>& rhs):                                              \
      |                                ^
../tbb_2020.3/include/tbb/atomic.h:499:1: note: in expansion of macro '__TBB_DECL_ATOMIC'
  499 | __TBB_DECL_ATOMIC(unsigned char)
      | ^~~~~~~~~~~~~~~~~

../tbb_2020.3/include/tbb/atomic.h:437:32: warning: template-id not allowed for constructor in C++20 [-Wtemplate-id-cdt
or]
  437 |             constexpr atomic<T>(const atomic<T>& rhs):                                              \
      |                                ^
../tbb_2020.3/include/tbb/atomic.h:502:1: note: in expansion of macro '__TBB_DECL_ATOMIC'
  502 | __TBB_DECL_ATOMIC(wchar_t)
      | ^~~~~~~~~~~~~~~~~
../tbb_2020.3/include/tbb/atomic.h:437:32: note: remove the '< >'
  437 |             constexpr atomic<T>(const atomic<T>& rhs):                                              \
      |                                ^
../tbb_2020.3/include/tbb/atomic.h:502:1: note: in expansion of macro '__TBB_DECL_ATOMIC'
  502 | __TBB_DECL_ATOMIC(wchar_t)
      | ^~~~~~~~~~~~~~~~~

In file included from ../tbb_2020.3/include/tbb/tbb_profiling.h:123,
                 from ../tbb_2020.3/include/tbb/recursive_mutex.h:43,
                 from ../tbb_2020.3/src/tbb/recursive_mutex.cpp:17:
../tbb_2020.3/include/tbb/atomic.h:422:24: warning: template-id not allowed for constructor in C++20 [-Wtemplate-id-cdt
or]
  422 |     constexpr atomic<T>(const atomic<T>& rhs): internal::atomic_impl<T>(rhs) {}
      |                        ^

../tbb_2020.3/include/tbb/atomic.h:422:24: note: remove the '< >'
../tbb_2020.3/include/tbb/atomic.h:437:32: warning: template-id not allowed for constructor in C++20 [-Wtemplate-id-cdt
or]
  437 |             constexpr atomic<T>(const atomic<T>& rhs):                                              \
      |                                ^
../tbb_2020.3/include/tbb/atomic.h:454:1: note: in expansion of macro '__TBB_DECL_ATOMIC'
  454 | __TBB_DECL_ATOMIC(__TBB_LONG_LONG)
      | ^~~~~~~~~~~~~~~~~
../tbb_2020.3/include/tbb/atomic.h:437:32: note: remove the '< >'
  437 |             constexpr atomic<T>(const atomic<T>& rhs):                                              \
      |                                ^
../tbb_2020.3/include/tbb/atomic.h:454:1: note: in expansion of macro '__TBB_DECL_ATOMIC'
  454 | __TBB_DECL_ATOMIC(__TBB_LONG_LONG)
      | ^~~~~~~~~~~~~~~~~

../tbb_2020.3/include/tbb/atomic.h:437:32: warning: template-id not allowed for constructor in C++20 [-Wtemplate-id-cdt
or]
  437 |             constexpr atomic<T>(const atomic<T>& rhs):                                              \
      |                                ^
../tbb_2020.3/include/tbb/atomic.h:455:1: note: in expansion of macro '__TBB_DECL_ATOMIC'
  455 | __TBB_DECL_ATOMIC(unsigned __TBB_LONG_LONG)
      | ^~~~~~~~~~~~~~~~~

../tbb_2020.3/include/tbb/atomic.h:437:32: note: remove the '< >'
  437 |             constexpr atomic<T>(const atomic<T>& rhs):                                              \
      |                                ^
../tbb_2020.3/include/tbb/atomic.h:455:1: note: in expansion of macro '__TBB_DECL_ATOMIC'
  455 | __TBB_DECL_ATOMIC(unsigned __TBB_LONG_LONG)
      | ^~~~~~~~~~~~~~~~~

../tbb_2020.3/include/tbb/atomic.h:437:32: warning: template-id not allowed for constructor in C++20 [-Wtemplate-id-cdt
or]
  437 |             constexpr atomic<T>(const atomic<T>& rhs):                                              \
      |                                ^
../tbb_2020.3/include/tbb/atomic.h:459:1: note: in expansion of macro '__TBB_DECL_ATOMIC'
  459 | __TBB_DECL_ATOMIC(long)
      | ^~~~~~~~~~~~~~~~~
../tbb_2020.3/include/tbb/atomic.h:437:32: note: remove the '< >'
  437 |             constexpr atomic<T>(const atomic<T>& rhs):                                              \
      |                                ^
../tbb_2020.3/include/tbb/atomic.h:459:1: note: in expansion of macro '__TBB_DECL_ATOMIC'
  459 | __TBB_DECL_ATOMIC(long)
      | ^~~~~~~~~~~~~~~~~

../tbb_2020.3/include/tbb/atomic.h:437:32: warning: template-id not allowed for constructor in C++20 [-Wtemplate-id-cdt
or]
  437 |             constexpr atomic<T>(const atomic<T>& rhs):                                              \
      |                                ^
../tbb_2020.3/include/tbb/atomic.h:460:1: note: in expansion of macro '__TBB_DECL_ATOMIC'
  460 | __TBB_DECL_ATOMIC(unsigned long)
      | ^~~~~~~~~~~~~~~~~

../tbb_2020.3/include/tbb/atomic.h:437:32: note: remove the '< >'
  437 |             constexpr atomic<T>(const atomic<T>& rhs):                                              \
      |                                ^
../tbb_2020.3/include/tbb/atomic.h:460:1: note: in expansion of macro '__TBB_DECL_ATOMIC'
  460 | __TBB_DECL_ATOMIC(unsigned long)
      | ^~~~~~~~~~~~~~~~~

../tbb_2020.3/include/tbb/atomic.h:437:32: warning: template-id not allowed for constructor in C++20 [-Wtemplate-id-cdt
or]
  437 |             constexpr atomic<T>(const atomic<T>& rhs):                                              \
      |                                ^
../tbb_2020.3/include/tbb/atomic.h:491:1: note: in expansion of macro '__TBB_DECL_ATOMIC'
  491 | __TBB_DECL_ATOMIC(unsigned)
      | ^~~~~~~~~~~~~~~~~
../tbb_2020.3/include/tbb/atomic.h:437:32: note: remove the '< >'
  437 |             constexpr atomic<T>(const atomic<T>& rhs):                                              \
      |                                ^
../tbb_2020.3/include/tbb/atomic.h:491:1: note: in expansion of macro '__TBB_DECL_ATOMIC'
  491 | __TBB_DECL_ATOMIC(unsigned)
      | ^~~~~~~~~~~~~~~~~

../tbb_2020.3/include/tbb/atomic.h:437:32: warning: template-id not allowed for constructor in C++20 [-Wtemplate-id-cdt
or]
  437 |             constexpr atomic<T>(const atomic<T>& rhs):                                              \
      |                                ^
../tbb_2020.3/include/tbb/atomic.h:492:1: note: in expansion of macro '__TBB_DECL_ATOMIC'
  492 | __TBB_DECL_ATOMIC(int)
      | ^~~~~~~~~~~~~~~~~

../tbb_2020.3/include/tbb/atomic.h:437:32: note: remove the '< >'
  437 |             constexpr atomic<T>(const atomic<T>& rhs):                                              \
      |                                ^
../tbb_2020.3/include/tbb/atomic.h:492:1: note: in expansion of macro '__TBB_DECL_ATOMIC'
  492 | __TBB_DECL_ATOMIC(int)
      | ^~~~~~~~~~~~~~~~~

../tbb_2020.3/include/tbb/atomic.h:437:32: warning: template-id not allowed for constructor in C++20 [-Wtemplate-id-cdt
or]
  437 |             constexpr atomic<T>(const atomic<T>& rhs):                                              \
      |                                ^
../tbb_2020.3/include/tbb/atomic.h:495:1: note: in expansion of macro '__TBB_DECL_ATOMIC'
  495 | __TBB_DECL_ATOMIC(unsigned short)
      | ^~~~~~~~~~~~~~~~~

../tbb_2020.3/include/tbb/atomic.h:437:32: note: remove the '< >'
  437 |             constexpr atomic<T>(const atomic<T>& rhs):                                              \
      |                                ^
../tbb_2020.3/include/tbb/atomic.h:495:1: note: in expansion of macro '__TBB_DECL_ATOMIC'
  495 | __TBB_DECL_ATOMIC(unsigned short)
      | ^~~~~~~~~~~~~~~~~

../tbb_2020.3/include/tbb/atomic.h:437:32: warning: template-id not allowed for constructor in C++20 [-Wtemplate-id-cdt
or]
  437 |             constexpr atomic<T>(const atomic<T>& rhs):                                              \
      |                                ^
../tbb_2020.3/include/tbb/atomic.h:496:1: note: in expansion of macro '__TBB_DECL_ATOMIC'
  496 | __TBB_DECL_ATOMIC(short)
      | ^~~~~~~~~~~~~~~~~
../tbb_2020.3/include/tbb/atomic.h:437:32: note: remove the '< >'
  437 |             constexpr atomic<T>(const atomic<T>& rhs):                                              \
      |                                ^
../tbb_2020.3/include/tbb/atomic.h:496:1: note: in expansion of macro '__TBB_DECL_ATOMIC'
  496 | __TBB_DECL_ATOMIC(short)
      | ^~~~~~~~~~~~~~~~~

../tbb_2020.3/include/tbb/atomic.h:437:32: warning: template-id not allowed for constructor in C++20 [-Wtemplate-id-cdt
or]
  437 |             constexpr atomic<T>(const atomic<T>& rhs):                                              \
      |                                ^
../tbb_2020.3/include/tbb/atomic.h:497:1: note: in expansion of macro '__TBB_DECL_ATOMIC'
  497 | __TBB_DECL_ATOMIC(char)
      | ^~~~~~~~~~~~~~~~~
../tbb_2020.3/include/tbb/atomic.h:437:32: note: remove the '< >'
  437 |             constexpr atomic<T>(const atomic<T>& rhs):                                              \
      |                                ^
../tbb_2020.3/include/tbb/atomic.h:497:1: note: in expansion of macro '__TBB_DECL_ATOMIC'
  497 | __TBB_DECL_ATOMIC(char)
      | ^~~~~~~~~~~~~~~~~

../tbb_2020.3/include/tbb/atomic.h:437:32: warning: template-id not allowed for constructor in C++20 [-Wtemplate-id-cdt
or]
  437 |             constexpr atomic<T>(const atomic<T>& rhs):                                              \
      |                                ^
../tbb_2020.3/include/tbb/atomic.h:498:1: note: in expansion of macro '__TBB_DECL_ATOMIC'
  498 | __TBB_DECL_ATOMIC(signed char)
      | ^~~~~~~~~~~~~~~~~

../tbb_2020.3/include/tbb/atomic.h:437:32: note: remove the '< >'
  437 |             constexpr atomic<T>(const atomic<T>& rhs):                                              \
      |                                ^
../tbb_2020.3/include/tbb/atomic.h:498:1: note: in expansion of macro '__TBB_DECL_ATOMIC'
  498 | __TBB_DECL_ATOMIC(signed char)
      | ^~~~~~~~~~~~~~~~~

../tbb_2020.3/include/tbb/atomic.h:437:32: warning: template-id not allowed for constructor in C++20 [-Wtemplate-id-cdt
or]
  437 |             constexpr atomic<T>(const atomic<T>& rhs):                                              \
      |                                ^
../tbb_2020.3/include/tbb/atomic.h:499:1: note: in expansion of macro '__TBB_DECL_ATOMIC'
  499 | __TBB_DECL_ATOMIC(unsigned char)
      | ^~~~~~~~~~~~~~~~~
../tbb_2020.3/include/tbb/atomic.h:437:32: note: remove the '< >'
  437 |             constexpr atomic<T>(const atomic<T>& rhs):                                              \
      |                                ^
../tbb_2020.3/include/tbb/atomic.h:499:1: note: in expansion of macro '__TBB_DECL_ATOMIC'
  499 | __TBB_DECL_ATOMIC(unsigned char)
      | ^~~~~~~~~~~~~~~~~

../tbb_2020.3/include/tbb/atomic.h:437:32: warning: template-id not allowed for constructor in C++20 [-Wtemplate-id-cdt
or]
  437 |             constexpr atomic<T>(const atomic<T>& rhs):                                              \
      |                                ^
../tbb_2020.3/include/tbb/atomic.h:502:1: note: in expansion of macro '__TBB_DECL_ATOMIC'
  502 | __TBB_DECL_ATOMIC(wchar_t)
      | ^~~~~~~~~~~~~~~~~
../tbb_2020.3/include/tbb/atomic.h:437:32: note: remove the '< >'
  437 |             constexpr atomic<T>(const atomic<T>& rhs):                                              \
      |                                ^
../tbb_2020.3/include/tbb/atomic.h:502:1: note: in expansion of macro '__TBB_DECL_ATOMIC'
  502 | __TBB_DECL_ATOMIC(wchar_t)
      | ^~~~~~~~~~~~~~~~~

In file included from ../tbb_2020.3/include/tbb/compat/../tbb_profiling.h:123,
                 from ../tbb_2020.3/include/tbb/compat/../mutex.h:43,
                 from ../tbb_2020.3/include/tbb/compat/condition_variable:71,
                 from ../tbb_2020.3/src/tbb/condition_variable.cpp:18:
../tbb_2020.3/include/tbb/compat/../atomic.h:422:24: warning: template-id not allowed for constructor in C++20 [-Wtempl
ate-id-cdtor]
  422 |     constexpr atomic<T>(const atomic<T>& rhs): internal::atomic_impl<T>(rhs) {}
      |                        ^

../tbb_2020.3/include/tbb/compat/../atomic.h:422:24: note: remove the '< >'
../tbb_2020.3/include/tbb/compat/../atomic.h:437:32: warning: template-id not allowed for constructor in C++20 [-Wtempl
ate-id-cdtor]
  437 |             constexpr atomic<T>(const atomic<T>& rhs):                                              \
      |                                ^
../tbb_2020.3/include/tbb/compat/../atomic.h:454:1: note: in expansion of macro '__TBB_DECL_ATOMIC'
  454 | __TBB_DECL_ATOMIC(__TBB_LONG_LONG)
      | ^~~~~~~~~~~~~~~~~
../tbb_2020.3/include/tbb/compat/../atomic.h:437:32: note: remove the '< >'
  437 |             constexpr atomic<T>(const atomic<T>& rhs):                                              \
      |                                ^
../tbb_2020.3/include/tbb/compat/../atomic.h:454:1: note: in expansion of macro '__TBB_DECL_ATOMIC'
  454 | __TBB_DECL_ATOMIC(__TBB_LONG_LONG)
      | ^~~~~~~~~~~~~~~~~

../tbb_2020.3/include/tbb/compat/../atomic.h:437:32: warning: template-id not allowed for constructor in C++20 [-Wtempl
ate-id-cdtor]
  437 |             constexpr atomic<T>(const atomic<T>& rhs):                                              \
      |                                ^
../tbb_2020.3/include/tbb/compat/../atomic.h:455:1: note: in expansion of macro '__TBB_DECL_ATOMIC'
  455 | __TBB_DECL_ATOMIC(unsigned __TBB_LONG_LONG)
      | ^~~~~~~~~~~~~~~~~

../tbb_2020.3/include/tbb/compat/../atomic.h:437:32: note: remove the '< >'
  437 |             constexpr atomic<T>(const atomic<T>& rhs):                                              \
      |                                ^
../tbb_2020.3/include/tbb/compat/../atomic.h:455:1: note: in expansion of macro '__TBB_DECL_ATOMIC'
  455 | __TBB_DECL_ATOMIC(unsigned __TBB_LONG_LONG)
      | ^~~~~~~~~~~~~~~~~

../tbb_2020.3/include/tbb/compat/../atomic.h:437:32: warning: template-id not allowed for constructor in C++20 [-Wtempl
ate-id-cdtor]
  437 |             constexpr atomic<T>(const atomic<T>& rhs):                                              \
      |                                ^
../tbb_2020.3/include/tbb/compat/../atomic.h:459:1: note: in expansion of macro '__TBB_DECL_ATOMIC'
  459 | __TBB_DECL_ATOMIC(long)
      | ^~~~~~~~~~~~~~~~~
../tbb_2020.3/include/tbb/compat/../atomic.h:437:32: note: remove the '< >'
  437 |             constexpr atomic<T>(const atomic<T>& rhs):                                              \
      |                                ^
../tbb_2020.3/include/tbb/compat/../atomic.h:459:1: note: in expansion of macro '__TBB_DECL_ATOMIC'
  459 | __TBB_DECL_ATOMIC(long)
      | ^~~~~~~~~~~~~~~~~

../tbb_2020.3/include/tbb/compat/../atomic.h:437:32: warning: template-id not allowed for constructor in C++20 [-Wtempl
ate-id-cdtor]
  437 |             constexpr atomic<T>(const atomic<T>& rhs):                                              \
      |                                ^
../tbb_2020.3/include/tbb/compat/../atomic.h:460:1: note: in expansion of macro '__TBB_DECL_ATOMIC'
  460 | __TBB_DECL_ATOMIC(unsigned long)
      | ^~~~~~~~~~~~~~~~~

../tbb_2020.3/include/tbb/compat/../atomic.h:437:32: note: remove the '< >'
  437 |             constexpr atomic<T>(const atomic<T>& rhs):                                              \
      |                                ^
../tbb_2020.3/include/tbb/compat/../atomic.h:460:1: note: in expansion of macro '__TBB_DECL_ATOMIC'
  460 | __TBB_DECL_ATOMIC(unsigned long)
      | ^~~~~~~~~~~~~~~~~

../tbb_2020.3/include/tbb/compat/../atomic.h:437:32: warning: template-id not allowed for constructor in C++20 [-Wtempl
ate-id-cdtor]
  437 |             constexpr atomic<T>(const atomic<T>& rhs):                                              \
      |                                ^
../tbb_2020.3/include/tbb/compat/../atomic.h:491:1: note: in expansion of macro '__TBB_DECL_ATOMIC'
  491 | __TBB_DECL_ATOMIC(unsigned)
      | ^~~~~~~~~~~~~~~~~
../tbb_2020.3/include/tbb/compat/../atomic.h:437:32: note: remove the '< >'
  437 |             constexpr atomic<T>(const atomic<T>& rhs):                                              \
      |                                ^
../tbb_2020.3/include/tbb/compat/../atomic.h:491:1: note: in expansion of macro '__TBB_DECL_ATOMIC'
  491 | __TBB_DECL_ATOMIC(unsigned)
      | ^~~~~~~~~~~~~~~~~

../tbb_2020.3/include/tbb/compat/../atomic.h:437:32: warning: template-id not allowed for constructor in C++20 [-Wtempl
ate-id-cdtor]
  437 |             constexpr atomic<T>(const atomic<T>& rhs):                                              \
      |                                ^
../tbb_2020.3/include/tbb/compat/../atomic.h:492:1: note: in expansion of macro '__TBB_DECL_ATOMIC'
  492 | __TBB_DECL_ATOMIC(int)
      | ^~~~~~~~~~~~~~~~~
../tbb_2020.3/include/tbb/compat/../atomic.h:437:32: note: remove the '< >'
  437 |             constexpr atomic<T>(const atomic<T>& rhs):                                              \
      |                                ^
../tbb_2020.3/include/tbb/compat/../atomic.h:492:1: note: in expansion of macro '__TBB_DECL_ATOMIC'
  492 | __TBB_DECL_ATOMIC(int)
      | ^~~~~~~~~~~~~~~~~

../tbb_2020.3/include/tbb/compat/../atomic.h:437:32: warning: template-id not allowed for constructor in C++20 [-Wtempl
ate-id-cdtor]
  437 |             constexpr atomic<T>(const atomic<T>& rhs):                                              \
      |                                ^
../tbb_2020.3/include/tbb/compat/../atomic.h:495:1: note: in expansion of macro '__TBB_DECL_ATOMIC'
  495 | __TBB_DECL_ATOMIC(unsigned short)
      | ^~~~~~~~~~~~~~~~~

../tbb_2020.3/include/tbb/compat/../atomic.h:437:32: note: remove the '< >'
  437 |             constexpr atomic<T>(const atomic<T>& rhs):                                              \
      |                                ^
../tbb_2020.3/include/tbb/compat/../atomic.h:495:1: note: in expansion of macro '__TBB_DECL_ATOMIC'
  495 | __TBB_DECL_ATOMIC(unsigned short)
      | ^~~~~~~~~~~~~~~~~

../tbb_2020.3/include/tbb/compat/../atomic.h:437:32: warning: template-id not allowed for constructor in C++20 [-Wtempl
ate-id-cdtor]
  437 |             constexpr atomic<T>(const atomic<T>& rhs):                                              \
      |                                ^
../tbb_2020.3/include/tbb/compat/../atomic.h:496:1: note: in expansion of macro '__TBB_DECL_ATOMIC'
  496 | __TBB_DECL_ATOMIC(short)
      | ^~~~~~~~~~~~~~~~~
../tbb_2020.3/include/tbb/compat/../atomic.h:437:32: note: remove the '< >'
  437 |             constexpr atomic<T>(const atomic<T>& rhs):                                              \
      |                                ^
../tbb_2020.3/include/tbb/compat/../atomic.h:496:1: note: in expansion of macro '__TBB_DECL_ATOMIC'
  496 | __TBB_DECL_ATOMIC(short)
      | ^~~~~~~~~~~~~~~~~

../tbb_2020.3/include/tbb/compat/../atomic.h:437:32: warning: template-id not allowed for constructor in C++20 [-Wtempl
ate-id-cdtor]
  437 |             constexpr atomic<T>(const atomic<T>& rhs):                                              \
      |                                ^
../tbb_2020.3/include/tbb/compat/../atomic.h:497:1: note: in expansion of macro '__TBB_DECL_ATOMIC'
  497 | __TBB_DECL_ATOMIC(char)
      | ^~~~~~~~~~~~~~~~~

../tbb_2020.3/include/tbb/compat/../atomic.h:437:32: note: remove the '< >'
  437 |             constexpr atomic<T>(const atomic<T>& rhs):                                              \
      |                                ^
../tbb_2020.3/include/tbb/compat/../atomic.h:497:1: note: in expansion of macro '__TBB_DECL_ATOMIC'
  497 | __TBB_DECL_ATOMIC(char)
      | ^~~~~~~~~~~~~~~~~

../tbb_2020.3/include/tbb/compat/../atomic.h:437:32: warning: template-id not allowed for constructor in C++20 [-Wtempl
ate-id-cdtor]
  437 |             constexpr atomic<T>(const atomic<T>& rhs):                                              \
      |                                ^
../tbb_2020.3/include/tbb/compat/../atomic.h:498:1: note: in expansion of macro '__TBB_DECL_ATOMIC'
  498 | __TBB_DECL_ATOMIC(signed char)
      | ^~~~~~~~~~~~~~~~~
../tbb_2020.3/include/tbb/compat/../atomic.h:437:32: note: remove the '< >'
  437 |             constexpr atomic<T>(const atomic<T>& rhs):                                              \
      |                                ^
../tbb_2020.3/include/tbb/compat/../atomic.h:498:1: note: in expansion of macro '__TBB_DECL_ATOMIC'
  498 | __TBB_DECL_ATOMIC(signed char)
      | ^~~~~~~~~~~~~~~~~

../tbb_2020.3/include/tbb/compat/../atomic.h:437:32: warning: template-id not allowed for constructor in C++20 [-Wtempl
ate-id-cdtor]
  437 |             constexpr atomic<T>(const atomic<T>& rhs):                                              \
      |                                ^
../tbb_2020.3/include/tbb/compat/../atomic.h:499:1: note: in expansion of macro '__TBB_DECL_ATOMIC'
  499 | __TBB_DECL_ATOMIC(unsigned char)
      | ^~~~~~~~~~~~~~~~~

../tbb_2020.3/include/tbb/compat/../atomic.h:437:32: note: remove the '< >'
  437 |             constexpr atomic<T>(const atomic<T>& rhs):                                              \
      |                                ^
../tbb_2020.3/include/tbb/compat/../atomic.h:499:1: note: in expansion of macro '__TBB_DECL_ATOMIC'
  499 | __TBB_DECL_ATOMIC(unsigned char)
      | ^~~~~~~~~~~~~~~~~

../tbb_2020.3/include/tbb/compat/../atomic.h:437:32: warning: template-id not allowed for constructor in C++20 [-Wtempl
ate-id-cdtor]
  437 |             constexpr atomic<T>(const atomic<T>& rhs):                                              \
      |                                ^
../tbb_2020.3/include/tbb/compat/../atomic.h:502:1: note: in expansion of macro '__TBB_DECL_ATOMIC'
  502 | __TBB_DECL_ATOMIC(wchar_t)
      | ^~~~~~~~~~~~~~~~~

../tbb_2020.3/include/tbb/compat/../atomic.h:437:32: note: remove the '< >'
  437 |             constexpr atomic<T>(const atomic<T>& rhs):                                              \
      |                                ^
../tbb_2020.3/include/tbb/compat/../atomic.h:502:1: note: in expansion of macro '__TBB_DECL_ATOMIC'
  502 | __TBB_DECL_ATOMIC(wchar_t)
      | ^~~~~~~~~~~~~~~~~

../tbb_2020.3/include/tbb/compat/../atomic.h: In instantiation of 'tbb::atomic<T>& tbb::internal::as_atomic(T&) [with T
 = long unsigned int]':
../tbb_2020.3/include/tbb/compat/../tbb_thread.h:265:29:   required from here
  265 |             return as_atomic(location.my_id).compare_and_swap(value.my_id, comparand.my_id);
      |                    ~~~~~~~~~^~~~~~~~~~~~~~~~
../tbb_2020.3/include/tbb/compat/../atomic.h:573:12: warning: casting 'long unsigned int' to 'tbb::atomic<long unsigned
 int>&' does not use 'constexpr tbb::atomic<long unsigned int>::atomic(long unsigned int)' [-Wcast-user-defined]
  573 |     return (atomic<T>&)t;
      |            ^~~~~~~~~~~~~

In file included from ../tbb_2020.3/src/tbb/tbb_misc.h:22,
                 from ../tbb_2020.3/src/tbb/tbb_thread.cpp:21:
../tbb_2020.3/include/tbb/atomic.h:422:24: warning: template-id not allowed for constructor in C++20 [-Wtemplate-id-cdt
or]
  422 |     constexpr atomic<T>(const atomic<T>& rhs): internal::atomic_impl<T>(rhs) {}
      |                        ^

../tbb_2020.3/include/tbb/atomic.h:422:24: note: remove the '< >'
../tbb_2020.3/include/tbb/atomic.h:437:32: warning: template-id not allowed for constructor in C++20 [-Wtemplate-id-cdt
or]
  437 |             constexpr atomic<T>(const atomic<T>& rhs):                                              \
      |                                ^
../tbb_2020.3/include/tbb/atomic.h:454:1: note: in expansion of macro '__TBB_DECL_ATOMIC'
  454 | __TBB_DECL_ATOMIC(__TBB_LONG_LONG)
      | ^~~~~~~~~~~~~~~~~
../tbb_2020.3/include/tbb/atomic.h:437:32: note: remove the '< >'
  437 |             constexpr atomic<T>(const atomic<T>& rhs):                                              \
      |                                ^
../tbb_2020.3/include/tbb/atomic.h:454:1: note: in expansion of macro '__TBB_DECL_ATOMIC'
  454 | __TBB_DECL_ATOMIC(__TBB_LONG_LONG)
      | ^~~~~~~~~~~~~~~~~

../tbb_2020.3/include/tbb/atomic.h:437:32: warning: template-id not allowed for constructor in C++20 [-Wtemplate-id-cdt
or]
  437 |             constexpr atomic<T>(const atomic<T>& rhs):                                              \
      |                                ^
../tbb_2020.3/include/tbb/atomic.h:455:1: note: in expansion of macro '__TBB_DECL_ATOMIC'
  455 | __TBB_DECL_ATOMIC(unsigned __TBB_LONG_LONG)
      | ^~~~~~~~~~~~~~~~~
../tbb_2020.3/include/tbb/atomic.h:437:32: note: remove the '< >'
  437 |             constexpr atomic<T>(const atomic<T>& rhs):                                              \
      |                                ^
../tbb_2020.3/include/tbb/atomic.h:455:1: note: in expansion of macro '__TBB_DECL_ATOMIC'
  455 | __TBB_DECL_ATOMIC(unsigned __TBB_LONG_LONG)
      | ^~~~~~~~~~~~~~~~~

../tbb_2020.3/include/tbb/atomic.h:437:32: warning: template-id not allowed for constructor in C++20 [-Wtemplate-id-cdt
or]
  437 |             constexpr atomic<T>(const atomic<T>& rhs):                                              \
      |                                ^
../tbb_2020.3/include/tbb/atomic.h:459:1: note: in expansion of macro '__TBB_DECL_ATOMIC'
  459 | __TBB_DECL_ATOMIC(long)
      | ^~~~~~~~~~~~~~~~~
../tbb_2020.3/include/tbb/atomic.h:437:32: note: remove the '< >'
  437 |             constexpr atomic<T>(const atomic<T>& rhs):                                              \
      |                                ^
../tbb_2020.3/include/tbb/atomic.h:459:1: note: in expansion of macro '__TBB_DECL_ATOMIC'
  459 | __TBB_DECL_ATOMIC(long)
      | ^~~~~~~~~~~~~~~~~

../tbb_2020.3/include/tbb/atomic.h:437:32: warning: template-id not allowed for constructor in C++20 [-Wtemplate-id-cdt
or]
  437 |             constexpr atomic<T>(const atomic<T>& rhs):                                              \
      |                                ^
../tbb_2020.3/include/tbb/atomic.h:460:1: note: in expansion of macro '__TBB_DECL_ATOMIC'
  460 | __TBB_DECL_ATOMIC(unsigned long)
      | ^~~~~~~~~~~~~~~~~

../tbb_2020.3/include/tbb/atomic.h:437:32: note: remove the '< >'
  437 |             constexpr atomic<T>(const atomic<T>& rhs):                                              \
      |                                ^
../tbb_2020.3/include/tbb/atomic.h:460:1: note: in expansion of macro '__TBB_DECL_ATOMIC'
  460 | __TBB_DECL_ATOMIC(unsigned long)
      | ^~~~~~~~~~~~~~~~~

../tbb_2020.3/include/tbb/atomic.h:437:32: warning: template-id not allowed for constructor in C++20 [-Wtemplate-id-cdt
or]
  437 |             constexpr atomic<T>(const atomic<T>& rhs):                                              \
      |                                ^
../tbb_2020.3/include/tbb/atomic.h:491:1: note: in expansion of macro '__TBB_DECL_ATOMIC'
  491 | __TBB_DECL_ATOMIC(unsigned)
      | ^~~~~~~~~~~~~~~~~
../tbb_2020.3/include/tbb/atomic.h:437:32: note: remove the '< >'
  437 |             constexpr atomic<T>(const atomic<T>& rhs):                                              \
      |                                ^
../tbb_2020.3/include/tbb/atomic.h:491:1: note: in expansion of macro '__TBB_DECL_ATOMIC'
  491 | __TBB_DECL_ATOMIC(unsigned)
      | ^~~~~~~~~~~~~~~~~

../tbb_2020.3/include/tbb/atomic.h:437:32: warning: template-id not allowed for constructor in C++20 [-Wtemplate-id-cdt
or]
  437 |             constexpr atomic<T>(const atomic<T>& rhs):                                              \
      |                                ^
../tbb_2020.3/include/tbb/atomic.h:492:1: note: in expansion of macro '__TBB_DECL_ATOMIC'
  492 | __TBB_DECL_ATOMIC(int)
      | ^~~~~~~~~~~~~~~~~

../tbb_2020.3/include/tbb/atomic.h:437:32: note: remove the '< >'
  437 |             constexpr atomic<T>(const atomic<T>& rhs):                                              \
      |                                ^
../tbb_2020.3/include/tbb/atomic.h:492:1: note: in expansion of macro '__TBB_DECL_ATOMIC'
  492 | __TBB_DECL_ATOMIC(int)
      | ^~~~~~~~~~~~~~~~~

../tbb_2020.3/include/tbb/atomic.h:437:32: warning: template-id not allowed for constructor in C++20 [-Wtemplate-id-cdt
or]
  437 |             constexpr atomic<T>(const atomic<T>& rhs):                                              \
      |                                ^
../tbb_2020.3/include/tbb/atomic.h:495:1: note: in expansion of macro '__TBB_DECL_ATOMIC'
  495 | __TBB_DECL_ATOMIC(unsigned short)
      | ^~~~~~~~~~~~~~~~~
../tbb_2020.3/include/tbb/atomic.h:437:32: note: remove the '< >'
  437 |             constexpr atomic<T>(const atomic<T>& rhs):                                              \
      |                                ^
../tbb_2020.3/include/tbb/atomic.h:495:1: note: in expansion of macro '__TBB_DECL_ATOMIC'
  495 | __TBB_DECL_ATOMIC(unsigned short)
      | ^~~~~~~~~~~~~~~~~

../tbb_2020.3/include/tbb/atomic.h:437:32: warning: template-id not allowed for constructor in C++20 [-Wtemplate-id-cdt
or]
  437 |             constexpr atomic<T>(const atomic<T>& rhs):                                              \
      |                                ^
../tbb_2020.3/include/tbb/atomic.h:496:1: note: in expansion of macro '__TBB_DECL_ATOMIC'
  496 | __TBB_DECL_ATOMIC(short)
      | ^~~~~~~~~~~~~~~~~
../tbb_2020.3/include/tbb/atomic.h:437:32: note: remove the '< >'
  437 |             constexpr atomic<T>(const atomic<T>& rhs):                                              \
      |                                ^
../tbb_2020.3/include/tbb/atomic.h:496:1: note: in expansion of macro '__TBB_DECL_ATOMIC'
  496 | __TBB_DECL_ATOMIC(short)
      | ^~~~~~~~~~~~~~~~~

../tbb_2020.3/include/tbb/atomic.h:437:32: warning: template-id not allowed for constructor in C++20 [-Wtemplate-id-cdt
or]
  437 |             constexpr atomic<T>(const atomic<T>& rhs):                                              \
      |                                ^
../tbb_2020.3/include/tbb/atomic.h:497:1: note: in expansion of macro '__TBB_DECL_ATOMIC'
  497 | __TBB_DECL_ATOMIC(char)
      | ^~~~~~~~~~~~~~~~~
../tbb_2020.3/include/tbb/atomic.h:437:32: note: remove the '< >'
  437 |             constexpr atomic<T>(const atomic<T>& rhs):                                              \
      |                                ^
../tbb_2020.3/include/tbb/atomic.h:497:1: note: in expansion of macro '__TBB_DECL_ATOMIC'
  497 | __TBB_DECL_ATOMIC(char)
      | ^~~~~~~~~~~~~~~~~

../tbb_2020.3/include/tbb/atomic.h:437:32: warning: template-id not allowed for constructor in C++20 [-Wtemplate-id-cdt
or]
  437 |             constexpr atomic<T>(const atomic<T>& rhs):                                              \
      |                                ^
../tbb_2020.3/include/tbb/atomic.h:498:1: note: in expansion of macro '__TBB_DECL_ATOMIC'
  498 | __TBB_DECL_ATOMIC(signed char)
      | ^~~~~~~~~~~~~~~~~
../tbb_2020.3/include/tbb/atomic.h:437:32: note: remove the '< >'
  437 |             constexpr atomic<T>(const atomic<T>& rhs):                                              \
      |                                ^
../tbb_2020.3/include/tbb/atomic.h:498:1: note: in expansion of macro '__TBB_DECL_ATOMIC'
  498 | __TBB_DECL_ATOMIC(signed char)
      | ^~~~~~~~~~~~~~~~~

../tbb_2020.3/include/tbb/atomic.h:437:32: warning: template-id not allowed for constructor in C++20 [-Wtemplate-id-cdt
or]
  437 |             constexpr atomic<T>(const atomic<T>& rhs):                                              \
      |                                ^
../tbb_2020.3/include/tbb/atomic.h:499:1: note: in expansion of macro '__TBB_DECL_ATOMIC'
  499 | __TBB_DECL_ATOMIC(unsigned char)
      | ^~~~~~~~~~~~~~~~~
../tbb_2020.3/include/tbb/atomic.h:437:32: note: remove the '< >'
  437 |             constexpr atomic<T>(const atomic<T>& rhs):                                              \
      |                                ^
../tbb_2020.3/include/tbb/atomic.h:499:1: note: in expansion of macro '__TBB_DECL_ATOMIC'
  499 | __TBB_DECL_ATOMIC(unsigned char)
      | ^~~~~~~~~~~~~~~~~

../tbb_2020.3/include/tbb/atomic.h:437:32: warning: template-id not allowed for constructor in C++20 [-Wtemplate-id-cdt
or]
  437 |             constexpr atomic<T>(const atomic<T>& rhs):                                              \
      |                                ^
../tbb_2020.3/include/tbb/atomic.h:502:1: note: in expansion of macro '__TBB_DECL_ATOMIC'
  502 | __TBB_DECL_ATOMIC(wchar_t)
      | ^~~~~~~~~~~~~~~~~

../tbb_2020.3/include/tbb/atomic.h:437:32: note: remove the '< >'
  437 |             constexpr atomic<T>(const atomic<T>& rhs):                                              \
      |                                ^
../tbb_2020.3/include/tbb/atomic.h:502:1: note: in expansion of macro '__TBB_DECL_ATOMIC'
  502 | __TBB_DECL_ATOMIC(wchar_t)
      | ^~~~~~~~~~~~~~~~~

In file included from ../tbb_2020.3/src/tbb/concurrent_monitor.h:21,
                 from ../tbb_2020.3/src/tbb/concurrent_monitor.cpp:17:
../tbb_2020.3/include/tbb/atomic.h:422:24: warning: template-id not allowed for constructor in C++20 [-Wtemplate-id-cdt
or]
  422 |     constexpr atomic<T>(const atomic<T>& rhs): internal::atomic_impl<T>(rhs) {}
      |                        ^

../tbb_2020.3/include/tbb/atomic.h:422:24: note: remove the '< >'
../tbb_2020.3/include/tbb/atomic.h:437:32: warning: template-id not allowed for constructor in C++20 [-Wtemplate-id-cdt
or]
  437 |             constexpr atomic<T>(const atomic<T>& rhs):                                              \
      |                                ^
../tbb_2020.3/include/tbb/atomic.h:454:1: note: in expansion of macro '__TBB_DECL_ATOMIC'
  454 | __TBB_DECL_ATOMIC(__TBB_LONG_LONG)
      | ^~~~~~~~~~~~~~~~~
../tbb_2020.3/include/tbb/atomic.h:437:32: note: remove the '< >'
  437 |             constexpr atomic<T>(const atomic<T>& rhs):                                              \
      |                                ^
../tbb_2020.3/include/tbb/atomic.h:454:1: note: in expansion of macro '__TBB_DECL_ATOMIC'
  454 | __TBB_DECL_ATOMIC(__TBB_LONG_LONG)
      | ^~~~~~~~~~~~~~~~~

../tbb_2020.3/include/tbb/atomic.h:437:32: warning: template-id not allowed for constructor in C++20 [-Wtemplate-id-cdt
or]
  437 |             constexpr atomic<T>(const atomic<T>& rhs):                                              \
      |                                ^
../tbb_2020.3/include/tbb/atomic.h:455:1: note: in expansion of macro '__TBB_DECL_ATOMIC'
  455 | __TBB_DECL_ATOMIC(unsigned __TBB_LONG_LONG)
      | ^~~~~~~~~~~~~~~~~
../tbb_2020.3/include/tbb/atomic.h:437:32: note: remove the '< >'
  437 |             constexpr atomic<T>(const atomic<T>& rhs):                                              \
      |                                ^
../tbb_2020.3/include/tbb/atomic.h:455:1: note: in expansion of macro '__TBB_DECL_ATOMIC'
  455 | __TBB_DECL_ATOMIC(unsigned __TBB_LONG_LONG)
      | ^~~~~~~~~~~~~~~~~
../tbb_2020.3/include/tbb/atomic.h:437:32: warning: template-id not allowed for constructor in C++20 [-Wtemplate-id-cdt
or]
  437 |             constexpr atomic<T>(const atomic<T>& rhs):                                              \
      |                                ^
../tbb_2020.3/include/tbb/atomic.h:459:1: note: in expansion of macro '__TBB_DECL_ATOMIC'
  459 | __TBB_DECL_ATOMIC(long)
      | ^~~~~~~~~~~~~~~~~
../tbb_2020.3/include/tbb/atomic.h:437:32: note: remove the '< >'
  437 |             constexpr atomic<T>(const atomic<T>& rhs):                                              \
      |                                ^
../tbb_2020.3/include/tbb/atomic.h:459:1: note: in expansion of macro '__TBB_DECL_ATOMIC'
  459 | __TBB_DECL_ATOMIC(long)
      | ^~~~~~~~~~~~~~~~~

../tbb_2020.3/include/tbb/atomic.h:437:32: warning: template-id not allowed for constructor in C++20 [-Wtemplate-id-cdt
or]
  437 |             constexpr atomic<T>(const atomic<T>& rhs):                                              \
      |                                ^
../tbb_2020.3/include/tbb/atomic.h:460:1: note: in expansion of macro '__TBB_DECL_ATOMIC'
  460 | __TBB_DECL_ATOMIC(unsigned long)
      | ^~~~~~~~~~~~~~~~~

../tbb_2020.3/include/tbb/atomic.h:437:32: note: remove the '< >'
  437 |             constexpr atomic<T>(const atomic<T>& rhs):                                              \
      |                                ^
../tbb_2020.3/include/tbb/atomic.h:460:1: note: in expansion of macro '__TBB_DECL_ATOMIC'
  460 | __TBB_DECL_ATOMIC(unsigned long)
      | ^~~~~~~~~~~~~~~~~
../tbb_2020.3/include/tbb/atomic.h:437:32: warning: template-id not allowed for constructor in C++20 [-Wtemplate-id-cdt
or]
  437 |             constexpr atomic<T>(const atomic<T>& rhs):                                              \
      |                                ^
../tbb_2020.3/include/tbb/atomic.h:491:1: note: in expansion of macro '__TBB_DECL_ATOMIC'
  491 | __TBB_DECL_ATOMIC(unsigned)
      | ^~~~~~~~~~~~~~~~~

../tbb_2020.3/include/tbb/atomic.h:437:32: note: remove the '< >'
  437 |             constexpr atomic<T>(const atomic<T>& rhs):                                              \
      |                                ^
../tbb_2020.3/include/tbb/atomic.h:491:1: note: in expansion of macro '__TBB_DECL_ATOMIC'
  491 | __TBB_DECL_ATOMIC(unsigned)
      | ^~~~~~~~~~~~~~~~~
../tbb_2020.3/include/tbb/atomic.h:437:32: warning: template-id not allowed for constructor in C++20 [-Wtemplate-id-cdt
or]
  437 |             constexpr atomic<T>(const atomic<T>& rhs):                                              \
      |                                ^
../tbb_2020.3/include/tbb/atomic.h:492:1: note: in expansion of macro '__TBB_DECL_ATOMIC'
  492 | __TBB_DECL_ATOMIC(int)
      | ^~~~~~~~~~~~~~~~~

../tbb_2020.3/include/tbb/atomic.h:437:32: note: remove the '< >'
  437 |             constexpr atomic<T>(const atomic<T>& rhs):                                              \
      |                                ^
../tbb_2020.3/include/tbb/atomic.h:492:1: note: in expansion of macro '__TBB_DECL_ATOMIC'
  492 | __TBB_DECL_ATOMIC(int)
      | ^~~~~~~~~~~~~~~~~

../tbb_2020.3/include/tbb/atomic.h:437:32: warning: template-id not allowed for constructor in C++20 [-Wtemplate-id-cdt
or]
  437 |             constexpr atomic<T>(const atomic<T>& rhs):                                              \
      |                                ^
../tbb_2020.3/include/tbb/atomic.h:495:1: note: in expansion of macro '__TBB_DECL_ATOMIC'
  495 | __TBB_DECL_ATOMIC(unsigned short)
      | ^~~~~~~~~~~~~~~~~
../tbb_2020.3/include/tbb/atomic.h:437:32: note: remove the '< >'
  437 |             constexpr atomic<T>(const atomic<T>& rhs):                                              \
      |                                ^
../tbb_2020.3/include/tbb/atomic.h:495:1: note: in expansion of macro '__TBB_DECL_ATOMIC'
  495 | __TBB_DECL_ATOMIC(unsigned short)
      | ^~~~~~~~~~~~~~~~~

../tbb_2020.3/include/tbb/atomic.h:437:32: warning: template-id not allowed for constructor in C++20 [-Wtemplate-id-cdt
or]
  437 |             constexpr atomic<T>(const atomic<T>& rhs):                                              \
      |                                ^
../tbb_2020.3/include/tbb/atomic.h:496:1: note: in expansion of macro '__TBB_DECL_ATOMIC'
  496 | __TBB_DECL_ATOMIC(short)
      | ^~~~~~~~~~~~~~~~~
../tbb_2020.3/include/tbb/atomic.h:437:32: note: remove the '< >'
  437 |             constexpr atomic<T>(const atomic<T>& rhs):                                              \
      |                                ^
../tbb_2020.3/include/tbb/atomic.h:496:1: note: in expansion of macro '__TBB_DECL_ATOMIC'
  496 | __TBB_DECL_ATOMIC(short)
      | ^~~~~~~~~~~~~~~~~

../tbb_2020.3/include/tbb/atomic.h:437:32: warning: template-id not allowed for constructor in C++20 [-Wtemplate-id-cdt
or]
  437 |             constexpr atomic<T>(const atomic<T>& rhs):                                              \
      |                                ^
../tbb_2020.3/include/tbb/atomic.h:497:1: note: in expansion of macro '__TBB_DECL_ATOMIC'
  497 | __TBB_DECL_ATOMIC(char)
      | ^~~~~~~~~~~~~~~~~
../tbb_2020.3/include/tbb/atomic.h:437:32: note: remove the '< >'
  437 |             constexpr atomic<T>(const atomic<T>& rhs):                                              \
      |                                ^
../tbb_2020.3/include/tbb/atomic.h:497:1: note: in expansion of macro '__TBB_DECL_ATOMIC'
  497 | __TBB_DECL_ATOMIC(char)
      | ^~~~~~~~~~~~~~~~~

../tbb_2020.3/include/tbb/atomic.h:437:32: warning: template-id not allowed for constructor in C++20 [-Wtemplate-id-cdt
or]
  437 |             constexpr atomic<T>(const atomic<T>& rhs):                                              \
      |                                ^
../tbb_2020.3/include/tbb/atomic.h:498:1: note: in expansion of macro '__TBB_DECL_ATOMIC'
  498 | __TBB_DECL_ATOMIC(signed char)
      | ^~~~~~~~~~~~~~~~~
../tbb_2020.3/include/tbb/atomic.h:437:32: note: remove the '< >'
  437 |             constexpr atomic<T>(const atomic<T>& rhs):                                              \
      |                                ^
../tbb_2020.3/include/tbb/atomic.h:498:1: note: in expansion of macro '__TBB_DECL_ATOMIC'
  498 | __TBB_DECL_ATOMIC(signed char)
      | ^~~~~~~~~~~~~~~~~

../tbb_2020.3/include/tbb/atomic.h:437:32: warning: template-id not allowed for constructor in C++20 [-Wtemplate-id-cdt
or]
  437 |             constexpr atomic<T>(const atomic<T>& rhs):                                              \
      |                                ^
../tbb_2020.3/include/tbb/atomic.h:499:1: note: in expansion of macro '__TBB_DECL_ATOMIC'
  499 | __TBB_DECL_ATOMIC(unsigned char)
      | ^~~~~~~~~~~~~~~~~
../tbb_2020.3/include/tbb/atomic.h:437:32: note: remove the '< >'
  437 |             constexpr atomic<T>(const atomic<T>& rhs):                                              \
      |                                ^
../tbb_2020.3/include/tbb/atomic.h:499:1: note: in expansion of macro '__TBB_DECL_ATOMIC'
  499 | __TBB_DECL_ATOMIC(unsigned char)
      | ^~~~~~~~~~~~~~~~~

../tbb_2020.3/include/tbb/atomic.h:437:32: warning: template-id not allowed for constructor in C++20 [-Wtemplate-id-cdt
or]
  437 |             constexpr atomic<T>(const atomic<T>& rhs):                                              \
      |                                ^
../tbb_2020.3/include/tbb/atomic.h:502:1: note: in expansion of macro '__TBB_DECL_ATOMIC'
  502 | __TBB_DECL_ATOMIC(wchar_t)
      | ^~~~~~~~~~~~~~~~~
../tbb_2020.3/include/tbb/atomic.h:437:32: note: remove the '< >'
  437 |             constexpr atomic<T>(const atomic<T>& rhs):                                              \
      |                                ^
../tbb_2020.3/include/tbb/atomic.h:502:1: note: in expansion of macro '__TBB_DECL_ATOMIC'
  502 | __TBB_DECL_ATOMIC(wchar_t)
      | ^~~~~~~~~~~~~~~~~

../tbb_2020.3/include/tbb/atomic.h: In instantiation of 'tbb::atomic<T>& tbb::internal::as_atomic(T&) [with T = long un
signed int]':
../tbb_2020.3/include/tbb/tbb_thread.h:265:29:   required from here
  265 |             return as_atomic(location.my_id).compare_and_swap(value.my_id, comparand.my_id);
      |                    ~~~~~~~~~^~~~~~~~~~~~~~~~
../tbb_2020.3/include/tbb/atomic.h:573:12: warning: casting 'long unsigned int' to 'tbb::atomic<long unsigned int>&' do
es not use 'constexpr tbb::atomic<long unsigned int>::atomic(long unsigned int)' [-Wcast-user-defined]
  573 |     return (atomic<T>&)t;
      |            ^~~~~~~~~~~~~

In file included from ../tbb_2020.3/src/tbb/semaphore.h:20,
                 from ../tbb_2020.3/src/tbb/semaphore.cpp:17:
../tbb_2020.3/include/tbb/atomic.h:422:24: warning: template-id not allowed for constructor in C++20 [-Wtemplate-id-cdt
or]
  422 |     constexpr atomic<T>(const atomic<T>& rhs): internal::atomic_impl<T>(rhs) {}
      |                        ^

../tbb_2020.3/include/tbb/atomic.h:422:24: note: remove the '< >'
../tbb_2020.3/include/tbb/atomic.h:437:32: warning: template-id not allowed for constructor in C++20 [-Wtemplate-id-cdt
or]
  437 |             constexpr atomic<T>(const atomic<T>& rhs):                                              \
      |                                ^
../tbb_2020.3/include/tbb/atomic.h:454:1: note: in expansion of macro '__TBB_DECL_ATOMIC'
  454 | __TBB_DECL_ATOMIC(__TBB_LONG_LONG)
      | ^~~~~~~~~~~~~~~~~
../tbb_2020.3/include/tbb/atomic.h:437:32: note: remove the '< >'
  437 |             constexpr atomic<T>(const atomic<T>& rhs):                                              \
      |                                ^
../tbb_2020.3/include/tbb/atomic.h:454:1: note: in expansion of macro '__TBB_DECL_ATOMIC'
  454 | __TBB_DECL_ATOMIC(__TBB_LONG_LONG)
      | ^~~~~~~~~~~~~~~~~

../tbb_2020.3/include/tbb/atomic.h:437:32: warning: template-id not allowed for constructor in C++20 [-Wtemplate-id-cdt
or]
  437 |             constexpr atomic<T>(const atomic<T>& rhs):                                              \
      |                                ^
../tbb_2020.3/include/tbb/atomic.h:455:1: note: in expansion of macro '__TBB_DECL_ATOMIC'
  455 | __TBB_DECL_ATOMIC(unsigned __TBB_LONG_LONG)
      | ^~~~~~~~~~~~~~~~~
../tbb_2020.3/include/tbb/atomic.h:437:32: note: remove the '< >'
  437 |             constexpr atomic<T>(const atomic<T>& rhs):                                              \
      |                                ^
../tbb_2020.3/include/tbb/atomic.h:455:1: note: in expansion of macro '__TBB_DECL_ATOMIC'
  455 | __TBB_DECL_ATOMIC(unsigned __TBB_LONG_LONG)
      | ^~~~~~~~~~~~~~~~~
../tbb_2020.3/include/tbb/atomic.h:437:32: warning: template-id not allowed for constructor in C++20 [-Wtemplate-id-cdt
or]
  437 |             constexpr atomic<T>(const atomic<T>& rhs):                                              \
      |                                ^
../tbb_2020.3/include/tbb/atomic.h:459:1: note: in expansion of macro '__TBB_DECL_ATOMIC'
  459 | __TBB_DECL_ATOMIC(long)
      | ^~~~~~~~~~~~~~~~~
../tbb_2020.3/include/tbb/atomic.h:437:32: note: remove the '< >'
  437 |             constexpr atomic<T>(const atomic<T>& rhs):                                              \
      |                                ^
../tbb_2020.3/include/tbb/atomic.h:459:1: note: in expansion of macro '__TBB_DECL_ATOMIC'
  459 | __TBB_DECL_ATOMIC(long)
      | ^~~~~~~~~~~~~~~~~

../tbb_2020.3/include/tbb/atomic.h:437:32: warning: template-id not allowed for constructor in C++20 [-Wtemplate-id-cdt
or]
  437 |             constexpr atomic<T>(const atomic<T>& rhs):                                              \
      |                                ^
../tbb_2020.3/include/tbb/atomic.h:460:1: note: in expansion of macro '__TBB_DECL_ATOMIC'
  460 | __TBB_DECL_ATOMIC(unsigned long)
      | ^~~~~~~~~~~~~~~~~
../tbb_2020.3/include/tbb/atomic.h:437:32: note: remove the '< >'
  437 |             constexpr atomic<T>(const atomic<T>& rhs):                                              \
      |                                ^
../tbb_2020.3/include/tbb/atomic.h:460:1: note: in expansion of macro '__TBB_DECL_ATOMIC'
  460 | __TBB_DECL_ATOMIC(unsigned long)
      | ^~~~~~~~~~~~~~~~~

../tbb_2020.3/include/tbb/atomic.h:437:32: warning: template-id not allowed for constructor in C++20 [-Wtemplate-id-cdt
or]
  437 |             constexpr atomic<T>(const atomic<T>& rhs):                                              \
      |                                ^
../tbb_2020.3/include/tbb/atomic.h:491:1: note: in expansion of macro '__TBB_DECL_ATOMIC'
  491 | __TBB_DECL_ATOMIC(unsigned)
      | ^~~~~~~~~~~~~~~~~

../tbb_2020.3/include/tbb/atomic.h:437:32: note: remove the '< >'
  437 |             constexpr atomic<T>(const atomic<T>& rhs):                                              \
      |                                ^
../tbb_2020.3/include/tbb/atomic.h:491:1: note: in expansion of macro '__TBB_DECL_ATOMIC'
  491 | __TBB_DECL_ATOMIC(unsigned)
      | ^~~~~~~~~~~~~~~~~
../tbb_2020.3/include/tbb/atomic.h:437:32: warning: template-id not allowed for constructor in C++20 [-Wtemplate-id-cdt
or]
  437 |             constexpr atomic<T>(const atomic<T>& rhs):                                              \
      |                                ^
../tbb_2020.3/include/tbb/atomic.h:492:1: note: in expansion of macro '__TBB_DECL_ATOMIC'
  492 | __TBB_DECL_ATOMIC(int)
      | ^~~~~~~~~~~~~~~~~
../tbb_2020.3/include/tbb/atomic.h:437:32: note: remove the '< >'
  437 |             constexpr atomic<T>(const atomic<T>& rhs):                                              \
      |                                ^
../tbb_2020.3/include/tbb/atomic.h:492:1: note: in expansion of macro '__TBB_DECL_ATOMIC'
  492 | __TBB_DECL_ATOMIC(int)
      | ^~~~~~~~~~~~~~~~~

../tbb_2020.3/include/tbb/atomic.h:437:32: warning: template-id not allowed for constructor in C++20 [-Wtemplate-id-cdt
or]
  437 |             constexpr atomic<T>(const atomic<T>& rhs):                                              \
      |                                ^
../tbb_2020.3/include/tbb/atomic.h:495:1: note: in expansion of macro '__TBB_DECL_ATOMIC'
  495 | __TBB_DECL_ATOMIC(unsigned short)
      | ^~~~~~~~~~~~~~~~~
../tbb_2020.3/include/tbb/atomic.h:437:32: note: remove the '< >'
  437 |             constexpr atomic<T>(const atomic<T>& rhs):                                              \
      |                                ^
../tbb_2020.3/include/tbb/atomic.h:495:1: note: in expansion of macro '__TBB_DECL_ATOMIC'
  495 | __TBB_DECL_ATOMIC(unsigned short)
      | ^~~~~~~~~~~~~~~~~

../tbb_2020.3/include/tbb/atomic.h:437:32: warning: template-id not allowed for constructor in C++20 [-Wtemplate-id-cdt
or]
  437 |             constexpr atomic<T>(const atomic<T>& rhs):                                              \
      |                                ^
../tbb_2020.3/include/tbb/atomic.h:496:1: note: in expansion of macro '__TBB_DECL_ATOMIC'
  496 | __TBB_DECL_ATOMIC(short)
      | ^~~~~~~~~~~~~~~~~
../tbb_2020.3/include/tbb/atomic.h:437:32: note: remove the '< >'
  437 |             constexpr atomic<T>(const atomic<T>& rhs):                                              \
      |                                ^
../tbb_2020.3/include/tbb/atomic.h:496:1: note: in expansion of macro '__TBB_DECL_ATOMIC'
  496 | __TBB_DECL_ATOMIC(short)
      | ^~~~~~~~~~~~~~~~~

../tbb_2020.3/include/tbb/atomic.h:437:32: warning: template-id not allowed for constructor in C++20 [-Wtemplate-id-cdt
or]
  437 |             constexpr atomic<T>(const atomic<T>& rhs):                                              \
      |                                ^
../tbb_2020.3/include/tbb/atomic.h:497:1: note: in expansion of macro '__TBB_DECL_ATOMIC'
  497 | __TBB_DECL_ATOMIC(char)
      | ^~~~~~~~~~~~~~~~~
../tbb_2020.3/include/tbb/atomic.h:437:32: note: remove the '< >'
  437 |             constexpr atomic<T>(const atomic<T>& rhs):                                              \
      |                                ^
../tbb_2020.3/include/tbb/atomic.h:497:1: note: in expansion of macro '__TBB_DECL_ATOMIC'
  497 | __TBB_DECL_ATOMIC(char)
      | ^~~~~~~~~~~~~~~~~

../tbb_2020.3/include/tbb/atomic.h:437:32: warning: template-id not allowed for constructor in C++20 [-Wtemplate-id-cdt
or]
  437 |             constexpr atomic<T>(const atomic<T>& rhs):                                              \
      |                                ^
../tbb_2020.3/include/tbb/atomic.h:498:1: note: in expansion of macro '__TBB_DECL_ATOMIC'
  498 | __TBB_DECL_ATOMIC(signed char)
      | ^~~~~~~~~~~~~~~~~
../tbb_2020.3/include/tbb/atomic.h:437:32: note: remove the '< >'
  437 |             constexpr atomic<T>(const atomic<T>& rhs):                                              \
      |                                ^
../tbb_2020.3/include/tbb/atomic.h:498:1: note: in expansion of macro '__TBB_DECL_ATOMIC'
  498 | __TBB_DECL_ATOMIC(signed char)
      | ^~~~~~~~~~~~~~~~~

../tbb_2020.3/include/tbb/atomic.h:437:32: warning: template-id not allowed for constructor in C++20 [-Wtemplate-id-cdt
or]
  437 |             constexpr atomic<T>(const atomic<T>& rhs):                                              \
      |                                ^
../tbb_2020.3/include/tbb/atomic.h:499:1: note: in expansion of macro '__TBB_DECL_ATOMIC'
  499 | __TBB_DECL_ATOMIC(unsigned char)
      | ^~~~~~~~~~~~~~~~~

../tbb_2020.3/include/tbb/atomic.h:437:32: note: remove the '< >'
  437 |             constexpr atomic<T>(const atomic<T>& rhs):                                              \
      |                                ^
../tbb_2020.3/include/tbb/atomic.h:499:1: note: in expansion of macro '__TBB_DECL_ATOMIC'
  499 | __TBB_DECL_ATOMIC(unsigned char)
      | ^~~~~~~~~~~~~~~~~

../tbb_2020.3/include/tbb/atomic.h:437:32: warning: template-id not allowed for constructor in C++20 [-Wtemplate-id-cdt
or]
  437 |             constexpr atomic<T>(const atomic<T>& rhs):                                              \
      |                                ^
../tbb_2020.3/include/tbb/atomic.h:502:1: note: in expansion of macro '__TBB_DECL_ATOMIC'
  502 | __TBB_DECL_ATOMIC(wchar_t)
      | ^~~~~~~~~~~~~~~~~

../tbb_2020.3/include/tbb/atomic.h:437:32: note: remove the '< >'
  437 |             constexpr atomic<T>(const atomic<T>& rhs):                                              \
      |                                ^
../tbb_2020.3/include/tbb/atomic.h:502:1: note: in expansion of macro '__TBB_DECL_ATOMIC'
  502 | __TBB_DECL_ATOMIC(wchar_t)
      | ^~~~~~~~~~~~~~~~~

In file included from ../tbb_2020.3/src/tbb/tbb_misc.h:22,
                 from ../tbb_2020.3/src/tbb/../rml/server/thread_monitor.h:26,
                 from ../tbb_2020.3/src/tbb/private_server.cpp:18:
../tbb_2020.3/include/tbb/atomic.h:422:24: warning: template-id not allowed for constructor in C++20 [-Wtemplate-id-cdt
or]
  422 |     constexpr atomic<T>(const atomic<T>& rhs): internal::atomic_impl<T>(rhs) {}
      |                        ^

../tbb_2020.3/include/tbb/atomic.h:422:24: note: remove the '< >'
../tbb_2020.3/include/tbb/atomic.h:437:32: warning: template-id not allowed for constructor in C++20 [-Wtemplate-id-cdt
or]
  437 |             constexpr atomic<T>(const atomic<T>& rhs):                                              \
      |                                ^
../tbb_2020.3/include/tbb/atomic.h:454:1: note: in expansion of macro '__TBB_DECL_ATOMIC'
  454 | __TBB_DECL_ATOMIC(__TBB_LONG_LONG)
      | ^~~~~~~~~~~~~~~~~
../tbb_2020.3/include/tbb/atomic.h:437:32: note: remove the '< >'
  437 |             constexpr atomic<T>(const atomic<T>& rhs):                                              \
      |                                ^
../tbb_2020.3/include/tbb/atomic.h:454:1: note: in expansion of macro '__TBB_DECL_ATOMIC'
  454 | __TBB_DECL_ATOMIC(__TBB_LONG_LONG)
      | ^~~~~~~~~~~~~~~~~
../tbb_2020.3/include/tbb/atomic.h:437:32: warning: template-id not allowed for constructor in C++20 [-Wtemplate-id-cdt
or]
  437 |             constexpr atomic<T>(const atomic<T>& rhs):                                              \
      |                                ^
../tbb_2020.3/include/tbb/atomic.h:455:1: note: in expansion of macro '__TBB_DECL_ATOMIC'
  455 | __TBB_DECL_ATOMIC(unsigned __TBB_LONG_LONG)
      | ^~~~~~~~~~~~~~~~~
../tbb_2020.3/include/tbb/atomic.h:437:32: note: remove the '< >'
  437 |             constexpr atomic<T>(const atomic<T>& rhs):                                              \
      |                                ^
../tbb_2020.3/include/tbb/atomic.h:455:1: note: in expansion of macro '__TBB_DECL_ATOMIC'
  455 | __TBB_DECL_ATOMIC(unsigned __TBB_LONG_LONG)
      | ^~~~~~~~~~~~~~~~~

../tbb_2020.3/include/tbb/atomic.h:437:32: warning: template-id not allowed for constructor in C++20 [-Wtemplate-id-cdt
or]
  437 |             constexpr atomic<T>(const atomic<T>& rhs):                                              \
      |                                ^
../tbb_2020.3/include/tbb/atomic.h:459:1: note: in expansion of macro '__TBB_DECL_ATOMIC'
  459 | __TBB_DECL_ATOMIC(long)
      | ^~~~~~~~~~~~~~~~~

../tbb_2020.3/include/tbb/atomic.h:437:32: note: remove the '< >'
  437 |             constexpr atomic<T>(const atomic<T>& rhs):                                              \
      |                                ^
../tbb_2020.3/include/tbb/atomic.h:459:1: note: in expansion of macro '__TBB_DECL_ATOMIC'
  459 | __TBB_DECL_ATOMIC(long)
      | ^~~~~~~~~~~~~~~~~

../tbb_2020.3/include/tbb/atomic.h:437:32: warning: template-id not allowed for constructor in C++20 [-Wtemplate-id-cdt
or]
  437 |             constexpr atomic<T>(const atomic<T>& rhs):                                              \
      |                                ^
../tbb_2020.3/include/tbb/atomic.h:460:1: note: in expansion of macro '__TBB_DECL_ATOMIC'
  460 | __TBB_DECL_ATOMIC(unsigned long)
      | ^~~~~~~~~~~~~~~~~
../tbb_2020.3/include/tbb/atomic.h:437:32: note: remove the '< >'
  437 |             constexpr atomic<T>(const atomic<T>& rhs):                                              \
      |                                ^
../tbb_2020.3/include/tbb/atomic.h:460:1: note: in expansion of macro '__TBB_DECL_ATOMIC'
  460 | __TBB_DECL_ATOMIC(unsigned long)
      | ^~~~~~~~~~~~~~~~~

../tbb_2020.3/include/tbb/atomic.h:437:32: warning: template-id not allowed for constructor in C++20 [-Wtemplate-id-cdt
or]
  437 |             constexpr atomic<T>(const atomic<T>& rhs):                                              \
      |                                ^
../tbb_2020.3/include/tbb/atomic.h:491:1: note: in expansion of macro '__TBB_DECL_ATOMIC'
  491 | __TBB_DECL_ATOMIC(unsigned)
      | ^~~~~~~~~~~~~~~~~
../tbb_2020.3/include/tbb/atomic.h:437:32: note: remove the '< >'
  437 |             constexpr atomic<T>(const atomic<T>& rhs):                                              \
      |                                ^
../tbb_2020.3/include/tbb/atomic.h:491:1: note: in expansion of macro '__TBB_DECL_ATOMIC'
  491 | __TBB_DECL_ATOMIC(unsigned)
      | ^~~~~~~~~~~~~~~~~

../tbb_2020.3/include/tbb/atomic.h:437:32: warning: template-id not allowed for constructor in C++20 [-Wtemplate-id-cdt
or]
  437 |             constexpr atomic<T>(const atomic<T>& rhs):                                              \
      |                                ^
../tbb_2020.3/include/tbb/atomic.h:492:1: note: in expansion of macro '__TBB_DECL_ATOMIC'
  492 | __TBB_DECL_ATOMIC(int)
      | ^~~~~~~~~~~~~~~~~
../tbb_2020.3/include/tbb/atomic.h:437:32: note: remove the '< >'
  437 |             constexpr atomic<T>(const atomic<T>& rhs):                                              \
      |                                ^
../tbb_2020.3/include/tbb/atomic.h:492:1: note: in expansion of macro '__TBB_DECL_ATOMIC'
  492 | __TBB_DECL_ATOMIC(int)
      | ^~~~~~~~~~~~~~~~~

../tbb_2020.3/include/tbb/atomic.h:437:32: warning: template-id not allowed for constructor in C++20 [-Wtemplate-id-cdt
or]
  437 |             constexpr atomic<T>(const atomic<T>& rhs):                                              \
      |                                ^
../tbb_2020.3/include/tbb/atomic.h:495:1: note: in expansion of macro '__TBB_DECL_ATOMIC'
  495 | __TBB_DECL_ATOMIC(unsigned short)
      | ^~~~~~~~~~~~~~~~~
../tbb_2020.3/include/tbb/atomic.h:437:32: note: remove the '< >'
  437 |             constexpr atomic<T>(const atomic<T>& rhs):                                              \
      |                                ^
../tbb_2020.3/include/tbb/atomic.h:495:1: note: in expansion of macro '__TBB_DECL_ATOMIC'
  495 | __TBB_DECL_ATOMIC(unsigned short)
      | ^~~~~~~~~~~~~~~~~

../tbb_2020.3/include/tbb/atomic.h:437:32: warning: template-id not allowed for constructor in C++20 [-Wtemplate-id-cdt
or]
  437 |             constexpr atomic<T>(const atomic<T>& rhs):                                              \
      |                                ^
../tbb_2020.3/include/tbb/atomic.h:496:1: note: in expansion of macro '__TBB_DECL_ATOMIC'
  496 | __TBB_DECL_ATOMIC(short)
      | ^~~~~~~~~~~~~~~~~
../tbb_2020.3/include/tbb/atomic.h:437:32: note: remove the '< >'
  437 |             constexpr atomic<T>(const atomic<T>& rhs):                                              \
      |                                ^
../tbb_2020.3/include/tbb/atomic.h:496:1: note: in expansion of macro '__TBB_DECL_ATOMIC'
  496 | __TBB_DECL_ATOMIC(short)
      | ^~~~~~~~~~~~~~~~~

../tbb_2020.3/include/tbb/atomic.h:437:32: warning: template-id not allowed for constructor in C++20 [-Wtemplate-id-cdt
or]
  437 |             constexpr atomic<T>(const atomic<T>& rhs):                                              \
      |                                ^
../tbb_2020.3/include/tbb/atomic.h:497:1: note: in expansion of macro '__TBB_DECL_ATOMIC'
  497 | __TBB_DECL_ATOMIC(char)
      | ^~~~~~~~~~~~~~~~~
../tbb_2020.3/include/tbb/atomic.h:437:32: note: remove the '< >'
  437 |             constexpr atomic<T>(const atomic<T>& rhs):                                              \
      |                                ^
../tbb_2020.3/include/tbb/atomic.h:497:1: note: in expansion of macro '__TBB_DECL_ATOMIC'
  497 | __TBB_DECL_ATOMIC(char)
      | ^~~~~~~~~~~~~~~~~

../tbb_2020.3/include/tbb/atomic.h:437:32: warning: template-id not allowed for constructor in C++20 [-Wtemplate-id-cdt
or]
  437 |             constexpr atomic<T>(const atomic<T>& rhs):                                              \
      |                                ^
../tbb_2020.3/include/tbb/atomic.h:498:1: note: in expansion of macro '__TBB_DECL_ATOMIC'
  498 | __TBB_DECL_ATOMIC(signed char)
      | ^~~~~~~~~~~~~~~~~

../tbb_2020.3/include/tbb/atomic.h:437:32: note: remove the '< >'
  437 |             constexpr atomic<T>(const atomic<T>& rhs):                                              \
      |                                ^
../tbb_2020.3/include/tbb/atomic.h:498:1: note: in expansion of macro '__TBB_DECL_ATOMIC'
  498 | __TBB_DECL_ATOMIC(signed char)
      | ^~~~~~~~~~~~~~~~~

../tbb_2020.3/include/tbb/atomic.h:437:32: warning: template-id not allowed for constructor in C++20 [-Wtemplate-id-cdt
or]
  437 |             constexpr atomic<T>(const atomic<T>& rhs):                                              \
      |                                ^
../tbb_2020.3/include/tbb/atomic.h:499:1: note: in expansion of macro '__TBB_DECL_ATOMIC'
  499 | __TBB_DECL_ATOMIC(unsigned char)
      | ^~~~~~~~~~~~~~~~~

../tbb_2020.3/include/tbb/atomic.h:437:32: note: remove the '< >'
  437 |             constexpr atomic<T>(const atomic<T>& rhs):                                              \
      |                                ^
../tbb_2020.3/include/tbb/atomic.h:499:1: note: in expansion of macro '__TBB_DECL_ATOMIC'
  499 | __TBB_DECL_ATOMIC(unsigned char)
      | ^~~~~~~~~~~~~~~~~

../tbb_2020.3/include/tbb/atomic.h:437:32: warning: template-id not allowed for constructor in C++20 [-Wtemplate-id-cdt
or]
  437 |             constexpr atomic<T>(const atomic<T>& rhs):                                              \
      |                                ^
../tbb_2020.3/include/tbb/atomic.h:502:1: note: in expansion of macro '__TBB_DECL_ATOMIC'
  502 | __TBB_DECL_ATOMIC(wchar_t)
      | ^~~~~~~~~~~~~~~~~

../tbb_2020.3/include/tbb/atomic.h:437:32: note: remove the '< >'
  437 |             constexpr atomic<T>(const atomic<T>& rhs):                                              \
      |                                ^
../tbb_2020.3/include/tbb/atomic.h:502:1: note: in expansion of macro '__TBB_DECL_ATOMIC'
  502 | __TBB_DECL_ATOMIC(wchar_t)
      | ^~~~~~~~~~~~~~~~~

In file included from ../tbb_2020.3/src/tbb/tbb_misc.h:22,
                 from ../tbb_2020.3/src/tbb/tbb_misc_ex.cpp:20:
../tbb_2020.3/include/tbb/atomic.h:422:24: warning: template-id not allowed for constructor in C++20 [-Wtemplate-id-cdt
or]
  422 |     constexpr atomic<T>(const atomic<T>& rhs): internal::atomic_impl<T>(rhs) {}
      |                        ^

../tbb_2020.3/include/tbb/atomic.h:422:24: note: remove the '< >'
../tbb_2020.3/include/tbb/atomic.h:437:32: warning: template-id not allowed for constructor in C++20 [-Wtemplate-id-cdt
or]
  437 |             constexpr atomic<T>(const atomic<T>& rhs):                                              \
      |                                ^
../tbb_2020.3/include/tbb/atomic.h:454:1: note: in expansion of macro '__TBB_DECL_ATOMIC'
  454 | __TBB_DECL_ATOMIC(__TBB_LONG_LONG)
      | ^~~~~~~~~~~~~~~~~
../tbb_2020.3/include/tbb/atomic.h:437:32: note: remove the '< >'
  437 |             constexpr atomic<T>(const atomic<T>& rhs):                                              \
      |                                ^
../tbb_2020.3/include/tbb/atomic.h:454:1: note: in expansion of macro '__TBB_DECL_ATOMIC'
  454 | __TBB_DECL_ATOMIC(__TBB_LONG_LONG)
      | ^~~~~~~~~~~~~~~~~

../tbb_2020.3/include/tbb/atomic.h:437:32: warning: template-id not allowed for constructor in C++20 [-Wtemplate-id-cdt
or]
  437 |             constexpr atomic<T>(const atomic<T>& rhs):                                              \
      |                                ^
../tbb_2020.3/include/tbb/atomic.h:455:1: note: in expansion of macro '__TBB_DECL_ATOMIC'
  455 | __TBB_DECL_ATOMIC(unsigned __TBB_LONG_LONG)
      | ^~~~~~~~~~~~~~~~~

../tbb_2020.3/include/tbb/atomic.h:437:32: note: remove the '< >'
  437 |             constexpr atomic<T>(const atomic<T>& rhs):                                              \
      |                                ^
../tbb_2020.3/include/tbb/atomic.h:455:1: note: in expansion of macro '__TBB_DECL_ATOMIC'
  455 | __TBB_DECL_ATOMIC(unsigned __TBB_LONG_LONG)
      | ^~~~~~~~~~~~~~~~~

../tbb_2020.3/include/tbb/atomic.h:437:32: warning: template-id not allowed for constructor in C++20 [-Wtemplate-id-cdt
or]
  437 |             constexpr atomic<T>(const atomic<T>& rhs):                                              \
      |                                ^
../tbb_2020.3/include/tbb/atomic.h:459:1: note: in expansion of macro '__TBB_DECL_ATOMIC'
  459 | __TBB_DECL_ATOMIC(long)
      | ^~~~~~~~~~~~~~~~~
../tbb_2020.3/include/tbb/atomic.h:437:32: note: remove the '< >'
  437 |             constexpr atomic<T>(const atomic<T>& rhs):                                              \
      |                                ^
../tbb_2020.3/include/tbb/atomic.h:459:1: note: in expansion of macro '__TBB_DECL_ATOMIC'
  459 | __TBB_DECL_ATOMIC(long)
      | ^~~~~~~~~~~~~~~~~

../tbb_2020.3/include/tbb/atomic.h:437:32: warning: template-id not allowed for constructor in C++20 [-Wtemplate-id-cdt
or]
  437 |             constexpr atomic<T>(const atomic<T>& rhs):                                              \
      |                                ^
../tbb_2020.3/include/tbb/atomic.h:460:1: note: in expansion of macro '__TBB_DECL_ATOMIC'
  460 | __TBB_DECL_ATOMIC(unsigned long)
      | ^~~~~~~~~~~~~~~~~

../tbb_2020.3/include/tbb/atomic.h:437:32: note: remove the '< >'
  437 |             constexpr atomic<T>(const atomic<T>& rhs):                                              \
      |                                ^
../tbb_2020.3/include/tbb/atomic.h:460:1: note: in expansion of macro '__TBB_DECL_ATOMIC'
  460 | __TBB_DECL_ATOMIC(unsigned long)
      | ^~~~~~~~~~~~~~~~~

../tbb_2020.3/include/tbb/atomic.h:437:32: warning: template-id not allowed for constructor in C++20 [-Wtemplate-id-cdt
or]
  437 |             constexpr atomic<T>(const atomic<T>& rhs):                                              \
      |                                ^
../tbb_2020.3/include/tbb/atomic.h:491:1: note: in expansion of macro '__TBB_DECL_ATOMIC'
  491 | __TBB_DECL_ATOMIC(unsigned)
      | ^~~~~~~~~~~~~~~~~

../tbb_2020.3/include/tbb/atomic.h:437:32: note: remove the '< >'
  437 |             constexpr atomic<T>(const atomic<T>& rhs):                                              \
      |                                ^
../tbb_2020.3/include/tbb/atomic.h:491:1: note: in expansion of macro '__TBB_DECL_ATOMIC'
  491 | __TBB_DECL_ATOMIC(unsigned)
      | ^~~~~~~~~~~~~~~~~

../tbb_2020.3/include/tbb/atomic.h:437:32: warning: template-id not allowed for constructor in C++20 [-Wtemplate-id-cdt
or]
  437 |             constexpr atomic<T>(const atomic<T>& rhs):                                              \
      |                                ^
../tbb_2020.3/include/tbb/atomic.h:492:1: note: in expansion of macro '__TBB_DECL_ATOMIC'
  492 | __TBB_DECL_ATOMIC(int)
      | ^~~~~~~~~~~~~~~~~

../tbb_2020.3/include/tbb/atomic.h:437:32: note: remove the '< >'
  437 |             constexpr atomic<T>(const atomic<T>& rhs):                                              \
      |                                ^
../tbb_2020.3/include/tbb/atomic.h:492:1: note: in expansion of macro '__TBB_DECL_ATOMIC'
  492 | __TBB_DECL_ATOMIC(int)
      | ^~~~~~~~~~~~~~~~~

../tbb_2020.3/include/tbb/atomic.h:437:32: warning: template-id not allowed for constructor in C++20 [-Wtemplate-id-cdt
or]
  437 |             constexpr atomic<T>(const atomic<T>& rhs):                                              \
      |                                ^
../tbb_2020.3/include/tbb/atomic.h:495:1: note: in expansion of macro '__TBB_DECL_ATOMIC'
  495 | __TBB_DECL_ATOMIC(unsigned short)
      | ^~~~~~~~~~~~~~~~~

../tbb_2020.3/include/tbb/atomic.h:437:32: note: remove the '< >'
  437 |             constexpr atomic<T>(const atomic<T>& rhs):                                              \
      |                                ^
../tbb_2020.3/include/tbb/atomic.h:495:1: note: in expansion of macro '__TBB_DECL_ATOMIC'
  495 | __TBB_DECL_ATOMIC(unsigned short)
      | ^~~~~~~~~~~~~~~~~

../tbb_2020.3/include/tbb/atomic.h:437:32: warning: template-id not allowed for constructor in C++20 [-Wtemplate-id-cdt
or]
  437 |             constexpr atomic<T>(const atomic<T>& rhs):                                              \
      |                                ^
../tbb_2020.3/include/tbb/atomic.h:496:1: note: in expansion of macro '__TBB_DECL_ATOMIC'
  496 | __TBB_DECL_ATOMIC(short)
      | ^~~~~~~~~~~~~~~~~

../tbb_2020.3/include/tbb/atomic.h:437:32: note: remove the '< >'
  437 |             constexpr atomic<T>(const atomic<T>& rhs):                                              \
      |                                ^
../tbb_2020.3/include/tbb/atomic.h:496:1: note: in expansion of macro '__TBB_DECL_ATOMIC'
  496 | __TBB_DECL_ATOMIC(short)
      | ^~~~~~~~~~~~~~~~~

../tbb_2020.3/include/tbb/atomic.h:437:32: warning: template-id not allowed for constructor in C++20 [-Wtemplate-id-cdt
or]
  437 |             constexpr atomic<T>(const atomic<T>& rhs):                                              \
      |                                ^
../tbb_2020.3/include/tbb/atomic.h:497:1: note: in expansion of macro '__TBB_DECL_ATOMIC'
  497 | __TBB_DECL_ATOMIC(char)
      | ^~~~~~~~~~~~~~~~~

../tbb_2020.3/include/tbb/atomic.h:437:32: note: remove the '< >'
  437 |             constexpr atomic<T>(const atomic<T>& rhs):                                              \
      |                                ^
../tbb_2020.3/include/tbb/atomic.h:497:1: note: in expansion of macro '__TBB_DECL_ATOMIC'
  497 | __TBB_DECL_ATOMIC(char)
      | ^~~~~~~~~~~~~~~~~

../tbb_2020.3/include/tbb/atomic.h:437:32: warning: template-id not allowed for constructor in C++20 [-Wtemplate-id-cdt
or]
  437 |             constexpr atomic<T>(const atomic<T>& rhs):                                              \
      |                                ^
../tbb_2020.3/include/tbb/atomic.h:498:1: note: in expansion of macro '__TBB_DECL_ATOMIC'
  498 | __TBB_DECL_ATOMIC(signed char)
      | ^~~~~~~~~~~~~~~~~

../tbb_2020.3/include/tbb/atomic.h:437:32: note: remove the '< >'
  437 |             constexpr atomic<T>(const atomic<T>& rhs):                                              \
      |                                ^
../tbb_2020.3/include/tbb/atomic.h:498:1: note: in expansion of macro '__TBB_DECL_ATOMIC'
  498 | __TBB_DECL_ATOMIC(signed char)
      | ^~~~~~~~~~~~~~~~~

../tbb_2020.3/include/tbb/atomic.h:437:32: warning: template-id not allowed for constructor in C++20 [-Wtemplate-id-cdt
or]
  437 |             constexpr atomic<T>(const atomic<T>& rhs):                                              \
      |                                ^
../tbb_2020.3/include/tbb/atomic.h:499:1: note: in expansion of macro '__TBB_DECL_ATOMIC'
  499 | __TBB_DECL_ATOMIC(unsigned char)
      | ^~~~~~~~~~~~~~~~~
../tbb_2020.3/include/tbb/atomic.h:437:32: note: remove the '< >'
  437 |             constexpr atomic<T>(const atomic<T>& rhs):                                              \
      |                                ^
../tbb_2020.3/include/tbb/atomic.h:499:1: note: in expansion of macro '__TBB_DECL_ATOMIC'
  499 | __TBB_DECL_ATOMIC(unsigned char)
      | ^~~~~~~~~~~~~~~~~

../tbb_2020.3/include/tbb/atomic.h:437:32: warning: template-id not allowed for constructor in C++20 [-Wtemplate-id-cdt
or]
  437 |             constexpr atomic<T>(const atomic<T>& rhs):                                              \
      |                                ^
../tbb_2020.3/include/tbb/atomic.h:502:1: note: in expansion of macro '__TBB_DECL_ATOMIC'
  502 | __TBB_DECL_ATOMIC(wchar_t)
      | ^~~~~~~~~~~~~~~~~

../tbb_2020.3/include/tbb/atomic.h:437:32: note: remove the '< >'
  437 |             constexpr atomic<T>(const atomic<T>& rhs):                                              \
      |                                ^
../tbb_2020.3/include/tbb/atomic.h:502:1: note: in expansion of macro '__TBB_DECL_ATOMIC'
  502 | __TBB_DECL_ATOMIC(wchar_t)
      | ^~~~~~~~~~~~~~~~~

In file included from ../tbb_2020.3/include/tbb/tbb_profiling.h:123,
                 from ../tbb_2020.3/include/tbb/task.h:36,
                 from ../tbb_2020.3/src/tbb/scheduler_common.h:39,
                 from ../tbb_2020.3/src/tbb/task.cpp:18:
../tbb_2020.3/include/tbb/atomic.h:422:24: warning: template-id not allowed for constructor in C++20 [-Wtemplate-id-cdt
or]
  422 |     constexpr atomic<T>(const atomic<T>& rhs): internal::atomic_impl<T>(rhs) {}
      |                        ^

../tbb_2020.3/include/tbb/atomic.h:422:24: note: remove the '< >'
../tbb_2020.3/include/tbb/atomic.h:437:32: warning: template-id not allowed for constructor in C++20 [-Wtemplate-id-cdt
or]
  437 |             constexpr atomic<T>(const atomic<T>& rhs):                                              \
      |                                ^
../tbb_2020.3/include/tbb/atomic.h:454:1: note: in expansion of macro '__TBB_DECL_ATOMIC'
  454 | __TBB_DECL_ATOMIC(__TBB_LONG_LONG)
      | ^~~~~~~~~~~~~~~~~
../tbb_2020.3/include/tbb/atomic.h:437:32: note: remove the '< >'
  437 |             constexpr atomic<T>(const atomic<T>& rhs):                                              \
      |                                ^
../tbb_2020.3/include/tbb/atomic.h:454:1: note: in expansion of macro '__TBB_DECL_ATOMIC'
  454 | __TBB_DECL_ATOMIC(__TBB_LONG_LONG)
      | ^~~~~~~~~~~~~~~~~
../tbb_2020.3/include/tbb/atomic.h:437:32: warning: template-id not allowed for constructor in C++20 [-Wtemplate-id-cdt
or]
  437 |             constexpr atomic<T>(const atomic<T>& rhs):                                              \
      |                                ^
../tbb_2020.3/include/tbb/atomic.h:455:1: note: in expansion of macro '__TBB_DECL_ATOMIC'
  455 | __TBB_DECL_ATOMIC(unsigned __TBB_LONG_LONG)
      | ^~~~~~~~~~~~~~~~~
../tbb_2020.3/include/tbb/atomic.h:437:32: note: remove the '< >'
  437 |             constexpr atomic<T>(const atomic<T>& rhs):                                              \
      |                                ^
../tbb_2020.3/include/tbb/atomic.h:455:1: note: in expansion of macro '__TBB_DECL_ATOMIC'
  455 | __TBB_DECL_ATOMIC(unsigned __TBB_LONG_LONG)
      | ^~~~~~~~~~~~~~~~~

../tbb_2020.3/include/tbb/atomic.h:437:32: warning: template-id not allowed for constructor in C++20 [-Wtemplate-id-cdt
or]
  437 |             constexpr atomic<T>(const atomic<T>& rhs):                                              \
      |                                ^
../tbb_2020.3/include/tbb/atomic.h:459:1: note: in expansion of macro '__TBB_DECL_ATOMIC'
  459 | __TBB_DECL_ATOMIC(long)
      | ^~~~~~~~~~~~~~~~~
../tbb_2020.3/include/tbb/atomic.h:437:32: note: remove the '< >'
  437 |             constexpr atomic<T>(const atomic<T>& rhs):                                              \
      |                                ^
../tbb_2020.3/include/tbb/atomic.h:459:1: note: in expansion of macro '__TBB_DECL_ATOMIC'
  459 | __TBB_DECL_ATOMIC(long)
      | ^~~~~~~~~~~~~~~~~

../tbb_2020.3/include/tbb/atomic.h:437:32: warning: template-id not allowed for constructor in C++20 [-Wtemplate-id-cdt
or]
  437 |             constexpr atomic<T>(const atomic<T>& rhs):                                              \
      |                                ^
../tbb_2020.3/include/tbb/atomic.h:460:1: note: in expansion of macro '__TBB_DECL_ATOMIC'
  460 | __TBB_DECL_ATOMIC(unsigned long)
      | ^~~~~~~~~~~~~~~~~
../tbb_2020.3/include/tbb/atomic.h:437:32: note: remove the '< >'
  437 |             constexpr atomic<T>(const atomic<T>& rhs):                                              \
      |                                ^
../tbb_2020.3/include/tbb/atomic.h:460:1: note: in expansion of macro '__TBB_DECL_ATOMIC'
  460 | __TBB_DECL_ATOMIC(unsigned long)
      | ^~~~~~~~~~~~~~~~~

../tbb_2020.3/include/tbb/atomic.h:437:32: warning: template-id not allowed for constructor in C++20 [-Wtemplate-id-cdt
or]
  437 |             constexpr atomic<T>(const atomic<T>& rhs):                                              \
      |                                ^
../tbb_2020.3/include/tbb/atomic.h:491:1: note: in expansion of macro '__TBB_DECL_ATOMIC'
  491 | __TBB_DECL_ATOMIC(unsigned)
      | ^~~~~~~~~~~~~~~~~

../tbb_2020.3/include/tbb/atomic.h:437:32: note: remove the '< >'
  437 |             constexpr atomic<T>(const atomic<T>& rhs):                                              \
      |                                ^
../tbb_2020.3/include/tbb/atomic.h:491:1: note: in expansion of macro '__TBB_DECL_ATOMIC'
  491 | __TBB_DECL_ATOMIC(unsigned)
      | ^~~~~~~~~~~~~~~~~

../tbb_2020.3/include/tbb/atomic.h:437:32: warning: template-id not allowed for constructor in C++20 [-Wtemplate-id-cdt
or]
  437 |             constexpr atomic<T>(const atomic<T>& rhs):                                              \
      |                                ^
../tbb_2020.3/include/tbb/atomic.h:492:1: note: in expansion of macro '__TBB_DECL_ATOMIC'
  492 | __TBB_DECL_ATOMIC(int)
      | ^~~~~~~~~~~~~~~~~
../tbb_2020.3/include/tbb/atomic.h:437:32: note: remove the '< >'
  437 |             constexpr atomic<T>(const atomic<T>& rhs):                                              \
      |                                ^
../tbb_2020.3/include/tbb/atomic.h:492:1: note: in expansion of macro '__TBB_DECL_ATOMIC'
  492 | __TBB_DECL_ATOMIC(int)
      | ^~~~~~~~~~~~~~~~~
../tbb_2020.3/include/tbb/atomic.h:437:32: warning: template-id not allowed for constructor in C++20 [-Wtemplate-id-cdt
or]
  437 |             constexpr atomic<T>(const atomic<T>& rhs):                                              \
      |                                ^
../tbb_2020.3/include/tbb/atomic.h:495:1: note: in expansion of macro '__TBB_DECL_ATOMIC'
  495 | __TBB_DECL_ATOMIC(unsigned short)
      | ^~~~~~~~~~~~~~~~~
../tbb_2020.3/include/tbb/atomic.h:437:32: note: remove the '< >'
  437 |             constexpr atomic<T>(const atomic<T>& rhs):                                              \
      |                                ^
../tbb_2020.3/include/tbb/atomic.h:495:1: note: in expansion of macro '__TBB_DECL_ATOMIC'
  495 | __TBB_DECL_ATOMIC(unsigned short)
      | ^~~~~~~~~~~~~~~~~
../tbb_2020.3/include/tbb/atomic.h:437:32: warning: template-id not allowed for constructor in C++20 [-Wtemplate-id-cdt
or]
  437 |             constexpr atomic<T>(const atomic<T>& rhs):                                              \
      |                                ^
../tbb_2020.3/include/tbb/atomic.h:496:1: note: in expansion of macro '__TBB_DECL_ATOMIC'
  496 | __TBB_DECL_ATOMIC(short)
      | ^~~
~~~~~~~~~~~~~~
../tbb_2020.3/include/tbb/atomic.h:437:32: note: remove the '< >'
  437 |             constexpr atomic<T>(const atomic<T>& rhs):                                              \
      |                                ^
../tbb_2020.3/include/tbb/atomic.h:496:1: note: in expansion of macro '__TBB_DECL_ATOMIC'
  496 | __TBB_DECL_ATOMIC(short)
      | ^~~~~~~~~~~~~~~~~

../tbb_2020.3/include/tbb/atomic.h:437:32: warning: template-id not allowed for constructor in C++20 [-Wtemplate-id-cdt
or]
  437 |             constexpr atomic<T>(const atomic<T>& rhs):                                              \
      |                                ^
../tbb_2020.3/include/tbb/atomic.h:497:1: note: in expansion of macro '__TBB_DECL_ATOMIC'
  497 | __TBB_DECL_ATOMIC(char)
      | ^~~~~~~~~~~~~~~~~
../tbb_2020.3/include/tbb/atomic.h:437:32: note: remove the '< >'
  437 |             constexpr atomic<T>(const atomic<T>& rhs):                                              \
      |                                ^
../tbb_2020.3/include/tbb/atomic.h:497:1: note: in expansion of macro '__TBB_DECL_ATOMIC'
  497 | __TBB_DECL_ATOMIC(char)
      | ^~~~~~~~~~~~~~~~~
../tbb_2020.3/include/tbb/atomic.h:437:32: warning: template-id not allowed for constructor in C++20 [-Wtemplate-id-cdt
or]
  437 |             constexpr atomic<T>(const atomic<T>& rhs):                                              \
      |                                ^
../tbb_2020.3/include/tbb/atomic.h:498:1: note: in expansion of macro '__TBB_DECL_ATOMIC'
  498 | __TBB_DECL_ATOMIC(signed char)
      | ^~~~~~~~~~~~~~~~~
../tbb_2020.3/include/tbb/atomic.h:437:32: note: remove the '< >'
  437 |             constexpr atomic<T>(const atomic<T>& rhs):                                              \
      |                                ^
../tbb_2020.3/include/tbb/atomic.h:498:1: note: in expansion of macro '__TBB_DECL_ATOMIC'
  498 | __TBB_DECL_ATOMIC(signed char)
      | ^~~~~~~~~~~~~~~~~

../tbb_2020.3/include/tbb/atomic.h:437:32: warning: template-id not allowed for constructor in C++20 [-Wtemplate-id-cdt
or]
  437 |             constexpr atomic<T>(const atomic<T>& rhs):                                              \
      |                                ^
../tbb_2020.3/include/tbb/atomic.h:499:1: note: in expansion of macro '__TBB_DECL_ATOMIC'
  499 | __TBB_DECL_ATOMIC(unsigned char)
      | ^~~~~~~~~~~~~~~~~
../tbb_2020.3/include/tbb/atomic.h:437:32: note: remove the '< >'
  437 |             constexpr atomic<T>(const atomic<T>& rhs):                                              \
      |                                ^
../tbb_2020.3/include/tbb/atomic.h:499:1: note: in expansion of macro '__TBB_DECL_ATOMIC'
  499 | __TBB_DECL_ATOMIC(unsigned char)
      | ^~~~~~~~~~~~~~~~~

../tbb_2020.3/include/tbb/atomic.h:437:32: warning: template-id not allowed for constructor in C++20 [-Wtemplate-id-cdt
or]
  437 |             constexpr atomic<T>(const atomic<T>& rhs):                                              \
      |                                ^
../tbb_2020.3/include/tbb/atomic.h:502:1: note: in expansion of macro '__TBB_DECL_ATOMIC'
  502 | __TBB_DECL_ATOMIC(wchar_t)
      | ^~~~~~~~~~~~~~~~~
../tbb_2020.3/include/tbb/atomic.h:437:32: note: remove the '< >'
  437 |             constexpr atomic<T>(const atomic<T>& rhs):                                              \
      |                                ^
../tbb_2020.3/include/tbb/atomic.h:502:1: note: in expansion of macro '__TBB_DECL_ATOMIC'
  502 | __TBB_DECL_ATOMIC(wchar_t)
      | ^~~~~~~~~~~~~~~~~

In file included from ../tbb_2020.3/include/tbb/tbb_profiling.h:123,
                 from ../tbb_2020.3/include/tbb/task.h:36,
                 from ../tbb_2020.3/src/tbb/scheduler_common.h:39,
                 from ../tbb_2020.3/src/tbb/scheduler.h:20,
                 from ../tbb_2020.3/src/tbb/task_group_context.cpp:17:
../tbb_2020.3/include/tbb/atomic.h:422:24: warning: template-id not allowed for constructor in C++20 [-Wtemplate-id-cdt
or]
  422 |     constexpr atomic<T>(const atomic<T>& rhs): internal::atomic_impl<T>(rhs) {}
      |                        ^

../tbb_2020.3/include/tbb/atomic.h:422:24: note: remove the '< >'
../tbb_2020.3/include/tbb/atomic.h:437:32: warning: template-id not allowed for constructor in C++20 [-Wtemplate-id-cdt
or]
  437 |             constexpr atomic<T>(const atomic<T>& rhs):                                              \
      |                                ^
../tbb_2020.3/include/tbb/atomic.h:454:1: note: in expansion of macro '__TBB_DECL_ATOMIC'
  454 | __TBB_DECL_ATOMIC(__TBB_LONG_LONG)
      | ^~~~~~~~~~~~~~~~~
../tbb_2020.3/include/tbb/atomic.h:437:32: note: remove the '< >'
  437 |             constexpr atomic<T>(const atomic<T>& rhs):                                              \
      |                                ^
../tbb_2020.3/include/tbb/atomic.h:454:1: note: in expansion of macro '__TBB_DECL_ATOMIC'
  454 | __TBB_DECL_ATOMIC(__TBB_LONG_LONG)
      | ^~~~~~~~~~~~~~~~~
../tbb_2020.3/include/tbb/atomic.h:437:32: warning: template-id not allowed for constructor in C++20 [-Wtemplate-id-cdt
or]
  437 |             constexpr atomic<T>(const atomic<T>& rhs):                                              \
      |                                ^
../tbb_2020.3/include/tbb/atomic.h:455:1: note: in expansion of macro '__TBB_DECL_ATOMIC'
  455 | __TBB_DECL_ATOMIC(unsigned __TBB_LONG_LONG)
      | ^~~~~~~~~~~~~~~~~
../tbb_2020.3/include/tbb/atomic.h:437:32: note: remove the '< >'
  437 |             constexpr atomic<T>(const atomic<T>& rhs):                                              \
      |                                ^
../tbb_2020.3/include/tbb/atomic.h:455:1: note: in expansion of macro '__TBB_DECL_ATOMIC'
  455 | __TBB_DECL_ATOMIC(unsigned __TBB_LONG_LONG)
      | ^~~~~~~~~~~~~~~~~

../tbb_2020.3/include/tbb/atomic.h:437:32: warning: template-id not allowed for constructor in C++20 [-Wtemplate-id-cdt
or]
  437 |             constexpr atomic<T>(const atomic<T>& rhs):                                              \
      |                                ^
../tbb_2020.3/include/tbb/atomic.h:459:1: note: in expansion of macro '__TBB_DECL_ATOMIC'
  459 | __TBB_DECL_ATOMIC(long)
      | ^~~~~~~~~~~~~~~~~
../tbb_2020.3/include/tbb/atomic.h:437:32: note: remove the '< >'
  437 |             constexpr atomic<T>(const atomic<T>& rhs):                                              \
      |                                ^
../tbb_2020.3/include/tbb/atomic.h:459:1: note: in expansion of macro '__TBB_DECL_ATOMIC'
  459 | __TBB_DECL_ATOMIC(long)
      | ^~~~~~~~~~~~~~~~~

../tbb_2020.3/include/tbb/atomic.h:437:32: warning: template-id not allowed for constructor in C++20 [-Wtemplate-id-cdt
or]
  437 |             constexpr atomic<T>(const atomic<T>& rhs):                                              \
      |                                ^
../tbb_2020.3/include/tbb/atomic.h:460:1: note: in expansion of macro '__TBB_DECL_ATOMIC'
  460 | __TBB_DECL_ATOMIC(unsigned long)
      | ^~~~~~~~~~~~~~~~~
../tbb_2020.3/include/tbb/atomic.h:437:32: note: remove the '< >'
  437 |             constexpr atomic<T>(const atomic<T>& rhs):                                              \
      |                                ^
../tbb_2020.3/include/tbb/atomic.h:460:1: note: in expansion of macro '__TBB_DECL_ATOMIC'
  460 | __TBB_DECL_ATOMIC(unsigned long)
      | ^~~~~~~~~~~~~~~~~

../tbb_2020.3/include/tbb/atomic.h:437:32: warning: template-id not allowed for constructor in C++20 [-Wtemplate-id-cdt
or]
  437 |             constexpr atomic<T>(const atomic<T>& rhs):                                              \
      |                                ^
../tbb_2020.3/include/tbb/atomic.h:491:1: note: in expansion of macro '__TBB_DECL_ATOMIC'
  491 | __TBB_DECL_ATOMIC(unsigned)
      | ^~~~~~~~~~~~~~~~~
../tbb_2020.3/include/tbb/atomic.h:437:32: note: remove the '< >'
  437 |             constexpr atomic<T>(const atomic<T>& rhs):                                              \
      |                                ^
../tbb_2020.3/include/tbb/atomic.h:491:1: note: in expansion of macro '__TBB_DECL_ATOMIC'
  491 | __TBB_DECL_ATOMIC(unsigned)
      | ^~~~~~~~~~~~~~~~~

../tbb_2020.3/include/tbb/atomic.h:437:32: warning: template-id not allowed for constructor in C++20 [-Wtemplate-id-cdt
or]
  437 |             constexpr atomic<T>(const atomic<T>& rhs):                                              \
      |                                ^
../tbb_2020.3/include/tbb/atomic.h:492:1: note: in expansion of macro '__TBB_DECL_ATOMIC'
  492 | __TBB_DECL_ATOMIC(int)
      | ^~~~~~~~~~~~~~~~~
../tbb_2020.3/include/tbb/atomic.h:437:32: note: remove the '< >'
  437 |             constexpr atomic<T>(const atomic<T>& rhs):                                              \
      |                                ^
../tbb_2020.3/include/tbb/atomic.h:492:1: note: in expansion of macro '__TBB_DECL_ATOMIC'
  492 | __TBB_DECL_ATOMIC(int)
      | ^~~~~~~~~~~~~~~~~

../tbb_2020.3/include/tbb/atomic.h:437:32: warning: template-id not allowed for constructor in C++20 [-Wtemplate-id-cdt
or]
  437 |             constexpr atomic<T>(const atomic<T>& rhs):                                              \
      |                                ^
../tbb_2020.3/include/tbb/atomic.h:495:1: note: in expansion of macro '__TBB_DECL_ATOMIC'
  495 | __TBB_DECL_ATOMIC(unsigned short)
      | ^~~~~~~~~~~~~~~~~
../tbb_2020.3/include/tbb/atomic.h:437:32: note: remove the '< >'
  437 |             constexpr atomic<T>(const atomic<T>& rhs):                                              \
      |                                ^
../tbb_2020.3/include/tbb/atomic.h:495:1: note: in expansion of macro '__TBB_DECL_ATOMIC'
  495 | __TBB_DECL_ATOMIC(unsigned short)
      | ^~~~~~~~~~~~~~~~~

../tbb_2020.3/include/tbb/atomic.h:437:32: warning: template-id not allowed for constructor in C++20 [-Wtemplate-id-cdt
or]
  437 |             constexpr atomic<T>(const atomic<T>& rhs):                                              \
      |                                ^
../tbb_2020.3/include/tbb/atomic.h:496:1: note: in expansion of macro '__TBB_DECL_ATOMIC'
  496 | __TBB_DECL_ATOMIC(short)
      | ^~~~~~~~~~~~~~~~~
../tbb_2020.3/include/tbb/atomic.h:437:32: note: remove the '< >'
  437 |             constexpr atomic<T>(const atomic<T>& rhs):                                              \
      |                                ^
../tbb_2020.3/include/tbb/atomic.h:496:1: note: in expansion of macro '__TBB_DECL_ATOMIC'
  496 | __TBB_DECL_ATOMIC(short)
      | ^~~~~~~~~~~~~~~~~

../tbb_2020.3/include/tbb/atomic.h:437:32: warning: template-id not allowed for constructor in C++20 [-Wtemplate-id-cdt
or]
  437 |             constexpr atomic<T>(const atomic<T>& rhs):                                              \
      |                                ^
../tbb_2020.3/include/tbb/atomic.h:497:1: note: in expansion of macro '__TBB_DECL_ATOMIC'
  497 | __TBB_DECL_ATOMIC(char)
      | ^~~~~~~~~~~~~~~~~
../tbb_2020.3/include/tbb/atomic.h:437:32: note: remove the '< >'
  437 |             constexpr atomic<T>(const atomic<T>& rhs):                                              \
      |                                ^
../tbb_2020.3/include/tbb/atomic.h:497:1: note: in expansion of macro '__TBB_DECL_ATOMIC'
  497 | __TBB_DECL_ATOMIC(char)
      | ^~~~~~~~~~~~~~~~~

../tbb_2020.3/include/tbb/atomic.h:437:32: warning: template-id not allowed for constructor in C++20 [-Wtemplate-id-cdt
or]
  437 |             constexpr atomic<T>(const atomic<T>& rhs):                                              \
      |                                ^
../tbb_2020.3/include/tbb/atomic.h:498:1: note: in expansion of macro '__TBB_DECL_ATOMIC'
  498 | __TBB_DECL_ATOMIC(signed char)
      | ^~~~~~~~~~~~~~~~~
../tbb_2020.3/include/tbb/atomic.h:437:32: note: remove the '< >'
  437 |             constexpr atomic<T>(const atomic<T>& rhs):                                              \
      |                                ^
../tbb_2020.3/include/tbb/atomic.h:498:1: note: in expansion of macro '__TBB_DECL_ATOMIC'
  498 | __TBB_DECL_ATOMIC(signed char)
      | ^~~~~~~~~~~~~~~~~

../tbb_2020.3/include/tbb/atomic.h:437:32: warning: template-id not allowed for constructor in C++20 [-Wtemplate-id-cdt
or]
  437 |             constexpr atomic<T>(const atomic<T>& rhs):                                              \
      |                                ^
../tbb_2020.3/include/tbb/atomic.h:499:1: note: in expansion of macro '__TBB_DECL_ATOMIC'
  499 | __TBB_DECL_ATOMIC(unsigned char)
      | ^~~~~~~~~~~~~~~~~
../tbb_2020.3/include/tbb/atomic.h:437:32: note: remove the '< >'
  437 |             constexpr atomic<T>(const atomic<T>& rhs):                                              \
      |                                ^
../tbb_2020.3/include/tbb/atomic.h:499:1: note: in expansion of macro '__TBB_DECL_ATOMIC'
  499 | __TBB_DECL_ATOMIC(unsigned char)
      | ^~~~~~~~~~~~~~~~~

../tbb_2020.3/include/tbb/atomic.h:437:32: warning: template-id not allowed for constructor in C++20 [-Wtemplate-id-cdt
or]
  437 |             constexpr atomic<T>(const atomic<T>& rhs):                                              \
      |                                ^
../tbb_2020.3/include/tbb/atomic.h:502:1: note: in expansion of macro '__TBB_DECL_ATOMIC'
  502 | __TBB_DECL_ATOMIC(wchar_t)
      | ^~~~~~~~~~~~~~~~~
../tbb_2020.3/include/tbb/atomic.h:437:32: note: remove the '< >'
  437 |             constexpr atomic<T>(const atomic<T>& rhs):                                              \
      |                                ^
../tbb_2020.3/include/tbb/atomic.h:502:1: note: in expansion of macro '__TBB_DECL_ATOMIC'
  502 | __TBB_DECL_ATOMIC(wchar_t)
      | ^~~~~~~~~~~~~~~~~

../tbb_2020.3/include/tbb/atomic.h: In instantiation of 'tbb::atomic<T>& tbb::internal::as_atomic(T&) [with T = task_pr
oxy**]':
../tbb_2020.3/src/tbb/mailbox.h:125:27:   required from here
  125 |             if ( as_atomic( my_last ).compare_and_swap( prev_ptr, &curr->next_in_mailbox ) == &curr->next_in_ma
ilbox ) {
      |                  ~~~~~~~~~^~~~~~~~~~~
../tbb_2020.3/include/tbb/atomic.h:573:12: warning: casting 'tbb::internal::task_proxy**' to 'tbb::atomic<tbb::internal
::task_proxy**>&' does not use 'constexpr tbb::atomic<T*>::atomic(T*) [with T = tbb::internal::task_proxy*]' [-Wcast-us
er-defined]
  573 |     return (atomic<T>&)t;
      |            ^~~~~~~~~~~~~

../tbb_2020.3/include/tbb/atomic.h: In instantiation of 'tbb::atomic<T>& tbb::internal::as_atomic(T&) [with T = task_pr
oxy**]':
../tbb_2020.3/src/tbb/mailbox.h:125:27:   required from here
  125 |             if ( as_atomic( my_last ).compare_and_swap( prev_ptr, &curr->next_in_mailbox ) == &curr->next_in_ma
ilbox ) {
      |                  ~~~~~~~~~^~~~~~~~~~~
../tbb_2020.3/include/tbb/atomic.h:573:12: warning: casting 'tbb::internal::task_proxy**' to 'tbb::atomic<tbb::internal
::task_proxy**>&' does not use 'constexpr tbb::atomic<T*>::atomic(T*) [with T = tbb::internal::task_proxy*]' [-Wcast-us
er-defined]
  573 |     return (atomic<T>&)t;
      |            ^~~~~~~~~~~~~

../tbb_2020.3/include/tbb/atomic.h: In instantiation of 'tbb::atomic<T>& tbb::internal::as_atomic(T&) [with T = tbb::ta
sk_group_context::kind_type]':
../tbb_2020.3/src/tbb/task_group_context.cpp:171:37:   required from here
  171 |             if ( internal::as_atomic(my_kind).fetch_and_store(dying) == detached ) {
      |                  ~~~~~~~~~~~~~~~~~~~^~~~~~~~~
../tbb_2020.3/include/tbb/atomic.h:573:12: warning: casting 'tbb::task_group_context::kind_type' to 'tbb::atomic<tbb::t
ask_group_context::kind_type>&' does not use 'constexpr tbb::atomic<T>::atomic(T) [with T = tbb::task_group_context::ki
nd_type]' [-Wcast-user-defined]
  573 |     return (atomic<T>&)t;
      |            ^~~~~~~~~~~~~

../tbb_2020.3/include/tbb/atomic.h: In instantiation of 'tbb::atomic<T>& tbb::internal::as_atomic(T&) [with T = long lo
ng unsigned int]':
../tbb_2020.3/src/tbb/task_group_context.cpp:401:48:   required from here
  401 |     if ( my_cancellation_requested || as_atomic(my_cancellation_requested).compare_and_swap(1, 0) ) {
      |                                       ~~~~~~~~~^~~~~~~~~~~~~~~~~~~~~~~~~~~
../tbb_2020.3/include/tbb/atomic.h:573:12: warning: casting 'long long unsigned int' to 'tbb::atomic<long long unsigned
 int>&' does not use 'constexpr tbb::atomic<long long unsigned int>::atomic(long long unsigned int)' [-Wcast-user-defin
ed]
  573 |     return (atomic<T>&)t;
      |            ^~~~~~~~~~~~~

In file included from ../tbb_2020.3/include/tbb/tbb_profiling.h:123,
                 from ../tbb_2020.3/include/tbb/task.h:36,
                 from ../tbb_2020.3/src/tbb/scheduler_common.h:39,
                 from ../tbb_2020.3/src/tbb/market.h:22,
                 from ../tbb_2020.3/src/tbb/market.cpp:20:
../tbb_2020.3/include/tbb/atomic.h:422:24: warning: template-id not allowed for constructor in C++20 [-Wtemplate-id-cdt
or]
  422 |     constexpr atomic<T>(const atomic<T>& rhs): internal::atomic_impl<T>(rhs) {}
      |                        ^

../tbb_2020.3/include/tbb/atomic.h:422:24: note: remove the '< >'
../tbb_2020.3/include/tbb/atomic.h:437:32: warning: template-id not allowed for constructor in C++20 [-Wtemplate-id-cdt
or]
  437 |             constexpr atomic<T>(const atomic<T>& rhs):                                              \
      |                                ^
../tbb_2020.3/include/tbb/atomic.h:454:1: note: in expansion of macro '__TBB_DECL_ATOMIC'
  454 | __TBB_DECL_ATOMIC(__TBB_LONG_LONG)
      | ^~~~~~~~~~~~~~~~~
../tbb_2020.3/include/tbb/atomic.h:437:32: note: remove the '< >'
  437 |             constexpr atomic<T>(const atomic<T>& rhs):                                              \
      |                                ^
../tbb_2020.3/include/tbb/atomic.h:454:1: note: in expansion of macro '__TBB_DECL_ATOMIC'
  454 | __TBB_DECL_ATOMIC(__TBB_LONG_LONG)
      | ^~~~~~~~~~~~~~~~~

../tbb_2020.3/include/tbb/atomic.h:437:32: warning: template-id not allowed for constructor in C++20 [-Wtemplate-id-cdt
or]
  437 |             constexpr atomic<T>(const atomic<T>& rhs):                                              \
      |                                ^
../tbb_2020.3/include/tbb/atomic.h:455:1: note: in expansion of macro '__TBB_DECL_ATOMIC'
  455 | __TBB_DECL_ATOMIC(unsigned __TBB_LONG_LONG)
      | ^~~~~~~~~~~~~~~~~
../tbb_2020.3/include/tbb/atomic.h:437:32: note: remove the '< >'
  437 |             constexpr atomic<T>(const atomic<T>& rhs):                                              \
      |                                ^
../tbb_2020.3/include/tbb/atomic.h:455:1: note: in expansion of macro '__TBB_DECL_ATOMIC'
  455 | __TBB_DECL_ATOMIC(unsigned __TBB_LONG_LONG)
      | ^~~~~~~~~~~~~~~~~
../tbb_2020.3/include/tbb/atomic.h:437:32: warning: template-id not allowed for constructor in C++20 [-Wtemplate-id-cdt
or]
  437 |             constexpr atomic<T>(const atomic<T>& rhs):                                              \
      |                                ^
../tbb_2020.3/include/tbb/atomic.h:459:1: note: in expansion of macro '__TBB_DECL_ATOMIC'
  459 | __TBB_DECL_ATOMIC(long)
      | ^~~~~~~~~~~~~~~~~
../tbb_2020.3/include/tbb/atomic.h:437:32: note: remove the '< >'
  437 |             constexpr atomic<T>(const atomic<T>& rhs):                                              \
      |                                ^
../tbb_2020.3/include/tbb/atomic.h:459:1: note: in expansion of macro '__TBB_DECL_ATOMIC'
  459 | __TBB_DECL_ATOMIC(long)
      | ^~~~~~~~~~~~~~~~~
../tbb_2020.3/include/tbb/atomic.h:437:32: warning: template-id not allowed for constructor in C++20 [-Wtemplate-id-cdt
or]
  437 |             constexpr atomic<T>(const atomic<T>& rhs):                                              \
      |                                ^
../tbb_2020.3/include/tbb/atomic.h:460:1: note: in expansion of macro '__TBB_DECL_ATOMIC'
  460 | __TBB_DECL_ATO
MIC(unsigned long)
      | ^~~~~~~~~~~~~~~~~
../tbb_2020.3/include/tbb/atomic.h:437:32: note: remove the '< >'
  437 |             constexpr atomic<T>(const atomic<T>& rhs):                                              \
      |                                ^
../tbb_2020.3/include/tbb/atomic.h:460:1: note: in expansion of macro '__TBB_DECL_ATOMIC'
  460 | __TBB_DECL_ATOMIC(unsigned long)
      | ^~~~~~~~~~~~~~~~~
../tbb_2020.3/include/tbb/atomic.h:437:32: warning: template-id not allowed for constructor in C++20 [-Wtemplate-id-cdt
or]
  437 |             constexpr atomic<T>(const atomic<T>& rhs):                                              \
      |                                ^
../tbb_2020.3/include/tbb/atomic.h:491:1: note: in expansion of macro '__TBB_DECL_ATOMIC'
  491 | __TBB_DECL_ATOMIC(unsigned)
      | ^~~~~~~~~~~~~~~~~
../tbb_2020.3/include/tbb/atomic.h:437:32: note: remove the '< >'
  437 |             constexpr atomic<T>(const atomic<T>& rhs):                                              \
      |                                ^
../tbb_2020.3/include/tbb/atomic.h:491:1: note: in expansion of macro '__TBB_DECL_ATOMIC'
  491 | __TBB_DECL_ATOMIC(unsigned)
      | ^~~~~~~~~~~~~~~~~
../tbb_2020.3/include/tbb/atomic.h:437:32: warning: template-id not allowed for constructor in C++20 [-Wtemplate-id-cdt
or]
  437 |             constexpr atomic<T>(const atomic<T>& rhs):                                              \
      |                                ^
../tbb_2020.3/include/tbb/atomic.h:492:1: note: in expansion of macro '__TBB_DECL_ATOMIC'
  492 | __TBB_DECL_ATOMIC(int)
      | ^~~~~~~~~~~~~~~~~
../tbb_2020.3/include/tbb/atomic.h:437:32: note: remove the '< >'
  437 |             constexpr atomic<T>(const atomic<T>& rhs):                                              \
      |                                ^
../tbb_2020.3/include/tbb/atomic.h:492:1: note: in expansion of macro '__TBB_DECL_ATOMIC'
  492 | __TBB_DECL_ATOMIC(int)
      | ^~~~~~~~~~~~~~~~~
.
./tbb_2020.3/include/tbb/atomic.h:437:32: warning: template-id not allowed for constructor in C++20 [-Wtemplate-id-cdto
r]
  437 |             constexpr atomic<T>(const atomic<T>& rhs):                                              \
      |                                ^
../tbb_2020.3/include/tbb/atomic.h:495:1: note: in expansion of macro '__TBB_DECL_ATOMIC'
  495 | __TBB_DECL_ATOMIC(unsigned short)
      | ^~~~~~~~~~~~~~~~~

../tbb_2020.3/include/tbb/atomic.h:437:32: note: remove the '< >'
  437 |             constexpr atomic<T>(const atomic<T>& rhs):                                              \
      |                                ^
../tbb_2020.3/include/tbb/atomic.h:495:1: note: in expansion of macro '__TBB_DECL_ATOMIC'
  495 | __TBB_DECL_ATOMIC(unsigned short)
      | ^~~~~~~~~~~~~~~~~
../tbb_2020.3/include/tbb/atomic.h:437:32: warning: template-id not allowed for constructor in C++20 [-Wtemplate-id-cdt
or]
  437 |             constexpr atomic<T>(const atomic<T>& rhs):                                              \
      |                                ^
../tbb_2020.3/include/tbb/atomic.h:496:1: note: in expansion of macro '__TBB_DECL_ATOMIC'
  496 | __TBB_DECL_ATOMIC(short)
      | ^~~~~~~~~~~~~~~~~
../tbb_2020.3/include/tbb/atomic.h:437:32: note: remove the '< >'
  437 |             constexpr atomic<T>(const atomic<T>& rhs):                                              \
      |                                ^
../tbb_2020.3/include/tbb/atomic.h:496:1: note: in expansion of macro '__TBB_DECL_ATOMIC'
  496 | __TBB_DECL_ATOMIC(short)
      | ^~~~~~~~~~~~~~~~~
../tbb_2020.3/include/tbb/atomic.h:437:32: warning: template-id not allowed for constructor in C++20 [-Wtemplate-id-cdt
or]
  437 |             constexpr atomic<T>(const atomic<T>& rhs):                                              \
      |                                ^
../tbb_2020.3/include/tbb/atomic.h:497:1: note: in expansion of macro '__TBB_DECL_ATOMIC'
  497 | __TBB_DECL_ATOMIC(char)
      | ^~~~~~~~~~~~~~~~~
../tbb_2020.3/include/tbb/atomic.h:437:32: note: remove the '< >'
  437 |             constexpr atomic<T>(const atomic<T>& rhs):                                              \
      |                                ^
../tbb_2020.3/include/tbb/atomic.h:497:1: note: in expansion of macro '__TBB_DECL_ATOMIC'
  497 | __TBB_DECL_ATOMIC(char)
      | ^~~~~~~~~~~~~~~~~
../tbb_2020.3/include/tbb/atomic.h:437:32: warnin
g: template-id not allowed for constructor in C++20 [-Wtemplate-id-cdtor]
  437 |             constexpr atomic<T>(const atomic<T>& rhs):                                              \
      |                                ^
../tbb_2020.3/include/tbb/atomic.h:498:1: note: in expansion of macro '__TBB_DECL_ATOMIC'
  498 | __TBB_DECL_ATOMIC(signed char)
      | ^~~~~~~~~~~~~~~~~
../tbb_2020.3/include/tbb/atomic.h:437:32: note: remove the '< >'
  437 |             constexpr atomic<T>(const atomic<T>& rhs):                                              \
      |                                ^
../tbb_2020.3/include/tbb/atomic.h:498:1: note: in expansion of macro '__TBB_DECL_ATOMIC'
  498 | __TBB_DECL_ATOMIC(signed char)
      | ^~~~~~~~~~~~~~~~~

../tbb_2020.3/include/tbb/atomic.h:437:32: warning: template-id not allowed for constructor in C++20 [-Wtemplate-id-cdt
or]
  437 |             constexpr atomic<T>(const atomic<T>& rhs):                                              \
      |                                ^
../tbb_2020.3/include/tbb/atomic.h:499:1: note: in expansion of macro '__TBB_DECL_ATOMIC'
  499 | __TBB_DECL_ATOMIC(unsigned char)
      | ^~~~~~~~~~~~~~~~~
../tbb_2020.3/include/tbb/atomic.h:437:32: note: remove the '< >'
  437 |             constexpr atomic<T>(const atomic<T>& rhs):                                              \
      |                                ^
../tbb_2020.3/include/tbb/atomic.h:499:1: note: in expansion of macro '__TBB_DECL_ATOMIC'
  499 | __TBB_DECL_ATOMIC(unsigned char)
      | ^~~~~~~~~~~~~~~~~
../tbb_2020.3/include/tbb/atomic.h:437:32: warning: template-id not allowed for constructor in C++20 [-Wtemplate-id-cdt
or]
  437 |             constexpr atomic<T>(const atomic<T>& rhs):                                              \
      |                                ^
../tbb_2020.3/include/tbb/atomic.h:502:1: note: in expansion of macro '__TBB_DECL_ATOMIC'
  502 | __TBB_DECL_ATOMIC(wchar_t)
      | ^~~~~~~~~~~~~~~~~
../tbb_2020.3/include/tbb/atomic.h:437:32: note: remove the '< >'
  437 |             constexpr atomic<T>(const atomic<T>& rhs):                                              \
      |                                ^
../tbb_2020.3/include/tbb/atomic.h:502:1: note: in expansion of macro '__TBB_DECL_ATOMIC'
  502 | __TBB_DECL_ATOMIC(wchar_t)
      | ^~~~~~~~~~~~~~~~~

In file included from ../tbb_2020.3/src/tbb/tbb_misc.h:22,
                 from ../tbb_2020.3/src/tbb/governor.h:23,
                 from ../tbb_2020.3/src/tbb/governor.cpp:19:
../tbb_2020.3/include/tbb/atomic.h:422:24: warning: template-id not allowed for constructor in C++20 [-Wtemplate-id-cdt
or]
  422 |     constexpr atomic<T>(const atomic<T>& rhs): internal::atomic_impl<T>(rhs) {}
      |                        ^

../tbb_2020.3/include/tbb/atomic.h:422:24: note: remove the '< >'
../tbb_2020.3/include/tbb/atomic.h:437:32: warning: template-id not allowed for constructor in C++20 [-Wtemplate-id-cdt
or]
  437 |             constexpr atomic<T>(const atomic<T>& rhs):                                              \
      |                                ^
../tbb_2020.3/include/tbb/atomic.h:454:1: note: in expansion of macro '__TBB_DECL_ATOMIC'
  454 | __TBB_DECL_ATOMIC(__TBB_LONG_LONG)
      | ^~~~~~~~~~~~~~~~~
../tbb_2020.3/include/tbb/atomic.h:437:32: note: remove the '< >'
  437 |             constexpr atomic<T>(const atomic<T>& rhs):                                              \
      |                                ^
../tbb_2020.3/include/tbb/atomic.h:454:1: note: in expansion of macro '__TBB_DECL_ATOMIC'
  454 | __TBB_DECL_ATOMIC(__TBB_LONG_LONG)
      | ^~~~~~~~~~~~~~~~~

../tbb_2020.3/include/tbb/atomic.h:437:32: warning: template-id not allowed for constructor in C++20 [-Wtemplate-id-cdt
or]
  437 |             constexpr atomic<T>(const atomic<T>& rhs):                                              \
      |                                ^
../tbb_2020.3/include/tbb/atomic.h:455:1: note: in expansion of macro '__TBB_DECL_ATOMIC'
  455 | __TBB_DECL_ATOMIC(unsigned __TBB_LONG_LONG)
      | ^~~~~~~~~~~~~~~~~
../tbb_2020.3/include/tbb/atomic.h:437:32: note: remove the '< >'
  437 |             constexpr atomic<T>(const atomic<T>& rhs):                                              \
      |                                ^
../tbb_2020.3/include/tbb/atomic.h:455:1: note: in expansion of macro '__TBB_DECL_ATOMIC'
  455 | __TBB_DECL_ATOMIC(unsigned __TBB_LONG_LONG)
      | ^~~~~~~~~~~~~~~~~

../tbb_2020.3/include/tbb/atomic.h:437:32: warning: template-id not allowed for constructor in C++20 [-Wtemplate-id-cdt
or]
  437 |             constexpr atomic<T>(const atomic<T>& rhs):                                              \
      |                                ^
../tbb_2020.3/include/tbb/atomic.h:459:1: note: in expansion of macro '__TBB_DECL_ATOMIC'
  459 | __TBB_DECL_ATOMIC(long)
      | ^~~~~~~~~~~~~~~~~
../tbb_2020.3/include/tbb/atomic.h:437:32: note: remove the '< >'
  437 |             constexpr atomic<T>(const atomic<T>& rhs):                                              \
      |                                ^
../tbb_2020.3/include/tbb/atomic.h:459:1: note: in expansion of macro '__TBB_DECL_ATOMIC'
  459 | __TBB_DECL_ATOMIC(long)
      | ^~~~~~~~~~~~~~~~~

../tbb_2020.3/include/tbb/atomic.h:437:32: warning: template-id not allowed for constructor in C++20 [-Wtemplate-id-cdt
or]
  437 |             constexpr atomic<T>(const atomic<T>& rhs):                                              \
      |                                ^
../tbb_2020.3/include/tbb/atomic.h:460:1: note: in expansion of macro '__TBB_DECL_ATOMIC'
  460 | __TBB_DECL_ATOMIC(unsigned long)
      | ^~~~~~~~~~~~~~~~~
../tbb_2020.3/include/tbb/atomic.h:437:32: note: remove the '< >'
  437 |             constexpr atomic<T>(const atomic<T>& rhs):                                              \
      |                                ^
../tbb_2020.3/include/tbb/atomic.h:460:1: note: in expansion of macro '__TBB_DECL_ATOMIC'
  460 | __TBB_DECL_ATOMIC(unsigned long)
      | ^~~~~~~~~~~~~~~~~

../tbb_2020.3/include/tbb/atomic.h:437:32: warning: template-id not allowed for constructor in C++20 [-Wtemplate-id-cdt
or]
  437 |             constexpr atomic<T>(const atomic<T>& rhs):                                              \
      |                                ^
../tbb_2020.3/include/tbb/atomic.h:491:1: note: in expansion of macro '__TBB_DECL_ATOMIC'
  491 | __TBB_DECL_ATOMIC(unsigned)
      | ^~~~~~~~~~~~~~~~~

../tbb_2020.3/include/tbb/atomic.h:437:32: note: remove the '< >'
  437 |             constexpr atomic<T>(const atomic<T>& rhs):                                              \
      |                                ^
../tbb_2020.3/include/tbb/atomic.h:491:1: note: in expansion of macro '__TBB_DECL_ATOMIC'
  491 | __TBB_DECL_ATOMIC(unsigned)
      | ^~~~~~~~~~~~~~~~~

../tbb_2020.3/include/tbb/atomic.h:437:32: warning: template-id not allowed for constructor in C++20 [-Wtemplate-id-cdt
or]
  437 |             constexpr atomic<T>(const atomic<T>& rhs):                                              \
      |                                ^
../tbb_2020.3/include/tbb/atomic.h:492:1: note: in expansion of macro '__TBB_DECL_ATOMIC'
  492 | __TBB_DECL_ATOMIC(int)
      | ^~~~~~~~~~~~~~~~~
../tbb_2020.3/include/tbb/atomic.h:437:32: note: remove the '< >'
  437 |             constexpr atomic<T>(const atomic<T>& rhs):                                              \
      |                                ^
../tbb_2020.3/include/tbb/atomic.h:492:1: note: in expansion of macro '__TBB_DECL_ATOMIC'
  492 | __TBB_DECL_ATOMIC(int)
      | ^~~~~~~~~~~~~~~~~

../tbb_2020.3/include/tbb/atomic.h:437:32: warning: template-id not allowed for constructor in C++20 [-Wtemplate-id-cdt
or]
  437 |             constexpr atomic<T>(const atomic<T>& rhs):                                              \
      |                                ^
../tbb_2020.3/include/tbb/atomic.h:495:1: note: in expansion of macro '__TBB_DECL_ATOMIC'
  495 | __TBB_DECL_ATOMIC(unsigned short)
      | ^~~~~~~~~~~~~~~~~

../tbb_2020.3/include/tbb/atomic.h:437:32: note: remove the '< >'
  437 |             constexpr atomic<T>(const atomic<T>& rhs):                                              \
      |                                ^
../tbb_2020.3/include/tbb/atomic.h:495:1: note: in expansion of macro '__TBB_DECL_ATOMIC'
  495 | __TBB_DECL_ATOMIC(unsigned short)
      | ^~~~~~~~~~~~~~~~~
../tbb_2020.3/include/tbb/atomic.h:437:32: warning: template-id not allowed for constructor in C++20 [-Wtemplate-id-cdt
or]
  437 |             constexpr atomic<T>(const atomic<T>& rhs):                                              \
      |                                ^
../tbb_2020.3/include/tbb/atomic.h:496:1: note: in expansion of macro '__TBB_DECL_ATOMIC'
  496 | __TBB_DECL_ATOMIC(short)
      | ^~~~~~~~~~~~~~~~~

../tbb_2020.3/include/tbb/atomic.h:437:32: note: remove the '< >'
  437 |             constexpr atomic<T>(const atomic<T>& rhs):                                              \
      |                                ^
../tbb_2020.3/include/tbb/atomic.h:496:1: note: in expansion of macro '__TBB_DECL_ATOMIC'
  496 | __TBB_DECL_ATOMIC(short)
      | ^~~~~~~~~~~~~~~~~

../tbb_2020.3/include/tbb/atomic.h:437:32: warning: template-id not allowed for constructor in C++20 [-Wtemplate-id-cdt
or]
  437 |             constexpr atomic<T>(const atomic<T>& rhs):                                              \
      |                                ^
../tbb_2020.3/include/tbb/atomic.h:497:1: note: in expansion of macro '__TBB_DECL_ATOMIC'
  497 | __TBB_DECL_ATOMIC(char)
      | ^~~~~~~~~~~~~~~~~
../tbb_2020.3/include/tbb/atomic.h:437:32: note: remove the '< >'
  437 |             constexpr atomic<T>(const atomic<T>& rhs):                                              \
      |                                ^
../tbb_2020.3/include/tbb/atomic.h:497:1: note: in expansion of macro '__TBB_DECL_ATOMIC'
  497 | __TBB_DECL_ATOMIC(char)
      | ^~~~~~~~~~~~~~~~~

../tbb_2020.3/include/tbb/atomic.h:437:32: warning: template-id not allowed for constructor in C++20 [-Wtemplate-id-cdt
or]
  437 |             constexpr atomic<T>(const atomic<T>& rhs):                                              \
      |                                ^
../tbb_2020.3/include/tbb/atomic.h:498:1: note: in expansion of macro '__TBB_DECL_ATOMIC'
  498 | __TBB_DECL_ATOMIC(signed char)
      | ^~~~~~~~~~~~~~~~~
../tbb_2020.3/include/tbb/atomic.h:437:32: note: remove the '< >'
  437 |             constexpr atomic<T>(const atomic<T>& rhs):                                              \
      |                                ^
../tbb_2020.3/include/tbb/atomic.h:498:1: note: in expansion of macro '__TBB_DECL_ATOMIC'
  498 | __TBB_DECL_ATOMIC(signed char)
      | ^~~~~~~~~~~~~~~~~

../tbb_2020.3/include/tbb/atomic.h:437:32: warning: template-id not allowed for constructor in C++20 [-Wtemplate-id-cdt
or]
  437 |             constexpr atomic<T>(const atomic<T>& rhs):                                              \
      |                                ^
../tbb_2020.3/include/tbb/atomic.h:499:1: note: in expansion of macro '__TBB_DECL_ATOMIC'
  499 | __TBB_DECL_ATOMIC(unsigned char)
      | ^~~~~~~~~~~~~~~~~
../tbb_2020.3/include/tbb/atomic.h:437:32: note: remove the '< >'
  437 |             constexpr atomic<T>(const atomic<T>& rhs):                                              \
      |                                ^
../tbb_2020.3/include/tbb/atomic.h:499:1: note: in expansion of macro '__TBB_DECL_ATOMIC'
  499 | __TBB_DECL_ATOMIC(unsigned char)
      | ^~~~~~~~~~~~~~~~~

../tbb_2020.3/include/tbb/atomic.h:437:32: warning: template-id not allowed for constructor in C++20 [-Wtemplate-id-cdt
or]
  437 |             constexpr atomic<T>(const atomic<T>& rhs):                                              \
      |                                ^
../tbb_2020.3/include/tbb/atomic.h:502:1: note: in expansion of macro '__TBB_DECL_ATOMIC'
  502 | __TBB_DECL_ATOMIC(wchar_t)
      | ^~~~~~~~~~~~~~~~~
../tbb_2020.3/include/tbb/atomic.h:437:32: note: remove the '< >'
  437 |             constexpr atomic<T>(const atomic<T>& rhs):                                              \
      |                                ^
../tbb_2020.3/include/tbb/atomic.h:502:1: note: in expansion of macro '__TBB_DECL_ATOMIC'
  502 | __TBB_DECL_ATOMIC(wchar_t)
      | ^~~~~~~~~~~~~~~~~

../tbb_2020.3/include/tbb/atomic.h: In instantiation of 'tbb::atomic<T>& tbb::internal::as_atomic(T&) [with T = task_pr
oxy**]':
../tbb_2020.3/src/tbb/mailbox.h:125:27:   required from here
  125 |             if ( as_atomic( my_last ).compare_and_swap( prev_ptr, &curr->next_in_mailbox ) == &curr->next_in_ma
ilbox ) {
      |                  ~~~~~~~~~^~~~~~~~~~~
../tbb_2020.3/include/tbb/atomic.h:573:12: warning: casting 'tbb::internal::task_proxy**' to 'tbb::atomic<tbb::internal
::task_proxy**>&' does not use 'constexpr tbb::atomic<T*>::atomic(T*) [with T = tbb::internal::task_proxy*]' [-Wcast-us
er-defined]
  573 |     return (atomic<T>&)t;
      |            ^~~~~~~~~~~~~

../tbb_2020.3/include/tbb/atomic.h: In instantiation of 'tbb::atomic<T>& tbb::internal::as_atomic(T&) [with T = task_pr
oxy**]':
../tbb_2020.3/src/tbb/mailbox.h:125:27:   required from here
  125 |             if ( as_atomic( my_last ).compare_and_swap( prev_ptr, &curr->next_in_mailbox ) == &curr->next_in_ma
ilbox ) {
      |                  ~~~~~~~~~^~~~~~~~~~~
../tbb_2020.3/include/tbb/atomic.h:573:12: warning: casting 'tbb::internal::task_proxy**' to 'tbb::atomic<tbb::internal
::task_proxy**>&' does not use 'constexpr tbb::atomic<T*>::atomic(T*) [with T = tbb::internal::task_proxy*]' [-Wcast-us
er-defined]
  573 |     return (atomic<T>&)t;
      |            ^~~~~~~~~~~~~

../tbb_2020.3/include/tbb/atomic.h: In instantiation of 'tbb::atomic<T>& tbb::internal::as_atomic(T&) [with T = unsigne
d int]':
../tbb_2020.3/src/tbb/market.cpp:118:36:   required from here
  118 |                 internal::as_atomic(m->my_workers_soft_limit_to_report).
      |                 ~~~~~~~~~~~~~~~~~~~^~~~~~~~~~~~~~~~~~~~~~~~~~~~~~~~~~~~
../tbb_2020.3/include/tbb/atomic.h:573:12: warning: casting 'unsigned int' to 'tbb::atomic<unsigned int>&' does not use
 'constexpr tbb::atomic<unsigned int>::atomic(unsigned int)' [-Wcast-user-defined]
  573 |     return (atomic<T>&)t;
      |            ^~~~~~~~~~~~~

../tbb_2020.3/include/tbb/atomic.h: In instantiation of 'tbb::atomic<T>& tbb::internal::as_atomic(T&) [with T = int]':
../tbb_2020.3/src/tbb/market.cpp:451:18:   required from here
  451 |     if( as_atomic(my_total_demand) <= 0 )
      |         ~~~~~~~~~^~~~~~~~~~~~~~~~~
../tbb_2020.3/include/tbb/atomic.h:573:12: warning: casting 'int' to 'tbb::atomic<int>&' does not use 'constexpr tbb::a
tomic<int>::atomic(int)' [-Wcast-user-defined]
  573 |     return (atomic<T>&)t;
      |            ^~~~~~~~~~~~~
../tbb_2020.3/include/tbb/atomic.h: In instantiation of 'tbb::atomic<T>& tbb::internal::as_atomic(T&) [with T = arena*]
':
../tbb_2020.3/src/tbb/market.cpp:467:22:   required from here
  467 |             as_atomic(pl.next_arena) = a; // a subject for innocent data race under the reader lock
      |             ~~~~~~~~~^~~~~~~~~~~~~~~
../tbb_2020.3/include/tbb/atomic.h:573:12: warning: casting 'tbb::internal::arena*' to 'tbb::atomic<tbb::internal::aren
a*>&' does not use 'constexpr tbb::atomic<T*>::atomic(T*) [with T = tbb::internal::arena]' [-Wcast-user-defined]
  573 |     return (atomic<T>&)t;
      |            ^~~~~~~~~~~~~
../tbb_2020.3/include/tbb/atomic.h: In instantiation of 'tbb::atomic<T>& tbb::internal::as_atomic(T&) [with T = long lo
ng unsigned int]':
../tbb_2020.3/src/tbb/market.cpp:722:14:   required from here
  722 |     as_atomic( a.my_reload_epoch ).fetch_and_increment<tbb::release>(); // TODO: synch with global reload epoch
 in order to optimize usage of local reload epoch
      |     ~~~~~~~~~^~~~~~~~~~~~~~~~~~~~~
../tbb_2020.3/include/tbb/atomic.h:573:12: warning: casting 'long long unsigned int' to 'tbb::atomic<long long unsigned
 int>&' does not use 'constexpr tbb::atomic<long long unsigned int>::atomic(long long unsigned int)' [-Wcast-user-defin
ed]
  573 |     return (atomic<T>&)t;
      |            ^~~~~~~~~~~~~

In file included from ../tbb_2020.3/include/tbb/tbb_profiling.h:123,
                 from ../tbb_2020.3/include/tbb/task.h:36,
                 from ../tbb_2020.3/src/tbb/scheduler_common.h:39,
                 from ../tbb_2020.3/src/tbb/scheduler.h:20,
                 from ../tbb_2020.3/src/tbb/arena.cpp:19:
../tbb_2020.3/include/tbb/atomic.h:422:24: warning: template-id not allowed for constructor in C++20 [-Wtemplate-id-cdt
or]
  422 |     constexpr atomic<T>(const atomic<T>& rhs): internal::atomic_impl<T>(rhs) {}
      |                        ^

../tbb_2020.3/include/tbb/atomic.h:422:24: note: remove the '< >'
../tbb_2020.3/include/tbb/atomic.h:437:32: warning: template-id not allowed for constructor in C++20 [-Wtemplate-id-cdt
or]
  437 |             constexpr atomic<T>(const atomic<T>& rhs):                                              \
      |                                ^
../tbb_2020.3/include/tbb/atomic.h:454:1: note: in expansion of macro '__TBB_DECL_ATOMIC'
  454 | __TBB_DECL_ATOMIC(__TBB_LONG_LONG)
      | ^~~~~~~~~~~~~~~~~
../tbb_2020.3/include/tbb/atomic.h:437:32: note: remove the '< >'
  437 |             constexpr atomic<T>(const atomic<T>& rhs):                                              \
      |                                ^
../tbb_2020.3/include/tbb/atomic.h:454:1: note: in expansion of macro '__TBB_DECL_ATOMIC'
  454 | __TBB_DECL_ATOMIC(__TBB_LONG_LONG)
      | ^~~~~~~~~~~~~~~~~

../tbb_2020.3/include/tbb/atomic.h:437:32: warning: template-id not allowed for constructor in C++20 [-Wtemplate-id-cdt
or]
  437 |             constexpr atomic<T>(const atomic<T>& rhs):                                              \
      |                                ^
../tbb_2020.3/include/tbb/atomic.h:455:1: note: in expansion of macro '__TBB_DECL_ATOMIC'
  455 | __TBB_DECL_ATOMIC(unsigned __TBB_LONG_LONG)
      | ^~~~~~~~~~~~~~~~~
../tbb_2020.3/include/tbb/atomic.h:437:32: note: remove the '< >'
  437 |             constexpr atomic<T>(const atomic<T>& rhs):                                              \
      |                                ^
../tbb_2020.3/include/tbb/atomic.h:455:1: note: in expansion of macro '__TBB_DECL_ATOMIC'
  455 | __TBB_DECL_ATOMIC(unsigned __TBB_LONG_LONG)
      | ^~~~~~~~~~~~~~~~~

../tbb_2020.3/include/tbb/atomic.h:437:32: warning: template-id not allowed for constructor in C++20 [-Wtemplate-id-cdt
or]
  437 |             constexpr atomic<T>(const atomic<T>& rhs):                                              \
      |                                ^
../tbb_2020.3/include/tbb/atomic.h:459:1: note: in expansion of macro '__TBB_DECL_ATOMIC'
  459 | __TBB_DECL_ATOMIC(long)
      | ^~~~~~~~~~~~~~~~~
../tbb_2020.3/include/tbb/atomic.h:437:32: note: remove the '< >'
  437 |             constexpr atomic<T>(const atomic<T>& rhs):                                              \
      |                                ^
../tbb_2020.3/include/tbb/atomic.h:459:1: note: in expansion of macro '__TBB_DECL_ATOMIC'
  459 | __TBB_DECL_ATOMIC(long)
      | ^~~~~~~~~~~~~~~~~

../tbb_2020.3/include/tbb/atomic.h:437:32: warning: template-id not allowed for constructor in C++20 [-Wtemplate-id-cdt
or]
  437 |             constexpr atomic<T>(const atomic<T>& rhs):                                              \
      |                                ^
../tbb_2020.3/include/tbb/atomic.h:460:1: note: in expansion of macro '__TBB_DECL_ATOMIC'
  460 | __TBB_DECL_ATOMIC(unsigned long)
      | ^~~~~~~~~~~~~~~~~
../tbb_2020.3/include/tbb/atomic.h:437:32: note: remove the '< >'
  437 |             constexpr atomic<T>(const atomic<T>& rhs):                                              \
      |                                ^
../tbb_2020.3/include/tbb/atomic.h:460:1: note: in expansion of macro '__TBB_DECL_ATOMIC'
  460 | __TBB_DECL_ATOMIC(unsigned long)
      | ^~~~~~~~~~~~~~~~~

../tbb_2020.3/include/tbb/atomic.h:437:32: warning: template-id not allowed for constructor in C++20 [-Wtemplate-id-cdt
or]
  437 |             constexpr atomic<T>(const atomic<T>& rhs):                                              \
      |                                ^
../tbb_2020.3/include/tbb/atomic.h:491:1: note: in expansion of macro '__TBB_DECL_ATOMIC'
  491 | __TBB_DECL_ATOMIC(unsigned)
      | ^~~~~~~~~~~~~~~~~
../tbb_2020.3/include/tbb/atomic.h:437:32: note: remove the '< >'
  437 |             constexpr atomic<T>(const atomic<T>& rhs):                                              \
      |                                ^
../tbb_2020.3/include/tbb/atomic.h:491:1: note: in expansion of macro '__TBB_DECL_ATOMIC'
  491 | __TBB_DECL_ATOMIC(unsigned)
      | ^~~~~~~~~~~~~~~~~

../tbb_2020.3/include/tbb/atomic.h:437:32: warning: template-id not allowed for constructor in C++20 [-Wtemplate-id-cdt
or]
  437 |             constexpr atomic<T>(const atomic<T>& rhs):                                              \
      |                                ^
../tbb_2020.3/include/tbb/atomic.h:492:1: note: in expansion of macro '__TBB_DECL_ATOMIC'
  492 | __TBB_DECL_ATOMIC(int)
      | ^~~~~~~~~~~~~~~~~
../tbb_2020.3/include/tbb/atomic.h:437:32: note: remove the '< >'
  437 |             constexpr atomic<T>(const atomic<T>& rhs):                                              \
      |                                ^
../tbb_2020.3/include/tbb/atomic.h:492:1: note: in expansion of macro '__TBB_DECL_ATOMIC'
  492 | __TBB_DECL_ATOMIC(int)
      | ^~~~~~~~~~~~~~~~~

../tbb_2020.3/include/tbb/atomic.h:437:32: warning: template-id not allowed for constructor in C++20 [-Wtemplate-id-cdt
or]
  437 |             constexpr atomic<T>(const atomic<T>& rhs):                                              \
      |                                ^
../tbb_2020.3/include/tbb/atomic.h:495:1: note: in expansion of macro '__TBB_DECL_ATOMIC'
  495 | __TBB_DECL_ATOMIC(unsigned short)
      | ^~~~~~~~~~~~~~~~~

../tbb_2020.3/include/tbb/atomic.h:437:32: note: remove the '< >'
  437 |             constexpr atomic<T>(const atomic<T>& rhs):                                              \
      |                                ^
../tbb_2020.3/include/tbb/atomic.h:495:1: note: in expansion of macro '__TBB_DECL_ATOMIC'
  495 | __TBB_DECL_ATOMIC(unsigned short)
      | ^~~~~~~~~~~~~~~~~

../tbb_2020.3/include/tbb/atomic.h:437:32: warning: template-id not allowed for constructor in C++20 [-Wtemplate-id-cdt
or]
  437 |             constexpr atomic<T>(const atomic<T>& rhs):                                              \
      |                                ^
../tbb_2020.3/include/tbb/atomic.h:496:1: note: in expansion of macro '__TBB_DECL_ATOMIC'
  496 | __TBB_DECL_ATOMIC(short)
      | ^~~~~~~~~~~~~~~~~
../tbb_2020.3/include/tbb/atomic.h:437:32: note: remove the '< >'
  437 |             constexpr atomic<T>(const atomic<T>& rhs):                                              \
      |                                ^
../tbb_2020.3/include/tbb/atomic.h:496:1: note: in expansion of macro '__TBB_DECL_ATOMIC'
  496 | __TBB_DECL_ATOMIC(short)
      | ^~~~~~~~~~~~~~~~~

../tbb_2020.3/include/tbb/atomic.h:437:32: warning: template-id not allowed for constructor in C++20 [-Wtemplate-id-cdt
or]
  437 |             constexpr atomic<T>(const atomic<T>& rhs):                                              \
      |                                ^
../tbb_2020.3/include/tbb/atomic.h:497:1: note: in expansion of macro '__TBB_DECL_ATOMIC'
  497 | __TBB_DECL_ATOMIC(char)
      | ^~~~~~~~~~~~~~~~~
../tbb_2020.3/include/tbb/atomic.h:437:32: note: remove the '< >'
  437 |             constexpr atomic<T>(const atomic<T>& rhs):                                              \
      |                                ^
../tbb_2020.3/include/tbb/atomic.h:497:1: note: in expansion of macro '__TBB_DECL_ATOMIC'
  497 | __TBB_DECL_ATOMIC(char)
      | ^~~~~~~~~~~~~~~~~

../tbb_2020.3/include/tbb/atomic.h:437:32: warning: template-id not allowed for constructor in C++20 [-Wtemplate-id-cdt
or]
  437 |             constexpr atomic<T>(const atomic<T>& rhs):                                              \
      |                                ^
../tbb_2020.3/include/tbb/atomic.h:498:1: note: in expansion of macro '__TBB_DECL_ATOMIC'
  498 | __TBB_DECL_ATOMIC(signed char)
      | ^~~~~~~~~~~~~~~~~

../tbb_2020.3/include/tbb/atomic.h:437:32: note: remove the '< >'
  437 |             constexpr atomic<T>(const atomic<T>& rhs):                                              \
      |                                ^
../tbb_2020.3/include/tbb/atomic.h:498:1: note: in expansion of macro '__TBB_DECL_ATOMIC'
  498 | __TBB_DECL_ATOMIC(signed char)
      | ^~~~~~~~~~~~~~~~~

../tbb_2020.3/include/tbb/atomic.h:437:32: warning: template-id not allowed for constructor in C++20 [-Wtemplate-id-cdt
or]
  437 |             constexpr atomic<T>(const atomic<T>& rhs):                                              \
      |                                ^
../tbb_2020.3/include/tbb/atomic.h:499:1: note: in expansion of macro '__TBB_DECL_ATOMIC'
  499 | __TBB_DECL_ATOMIC(unsigned char)
      | ^~~~~~~~~~~~~~~~~
../tbb_2020.3/include/tbb/atomic.h:437:32: note: remove the '< >'
  437 |             constexpr atomic<T>(const atomic<T>& rhs):                                              \
      |                                ^
../tbb_2020.3/include/tbb/atomic.h:499:1: note: in expansion of macro '__TBB_DECL_ATOMIC'
  499 | __TBB_DECL_ATOMIC(unsigned char)
      | ^~~~~~~~~~~~~~~~~

../tbb_2020.3/include/tbb/atomic.h:437:32: warning: template-id not allowed for constructor in C++20 [-Wtemplate-id-cdt
or]
  437 |             constexpr atomic<T>(const atomic<T>& rhs):                                              \
      |                                ^
../tbb_2020.3/include/tbb/atomic.h:502:1: note: in expansion of macro '__TBB_DECL_ATOMIC'
  502 | __TBB_DECL_ATOMIC(wchar_t)
      | ^~~~~~~~~~~~~~~~~
../tbb_2020.3/include/tbb/atomic.h:437:32: note: remove the '< >'
  437 |             constexpr atomic<T>(const atomic<T>& rhs):                                              \
      |                                ^
../tbb_2020.3/include/tbb/atomic.h:502:1: note: in expansion of macro '__TBB_DECL_ATOMIC'
  502 | __TBB_DECL_ATOMIC(wchar_t)
      | ^~~~~~~~~~~~~~~~~

../tbb_2020.3/include/tbb/atomic.h: In instantiation of 'tbb::atomic<T>& tbb::internal::as_atomic(T&) [with T = task_pr
oxy**]':
../tbb_2020.3/src/tbb/mailbox.h:125:27:   required from here
  125 |             if ( as_atomic( my_last ).compare_and_swap( prev_ptr, &curr->next_in_mailbox ) == &curr->next_in_ma
ilbox ) {
      |                  ~~~~~~~~~^~~~~~~~~~~
../tbb_2020.3/include/tbb/atomic.h:573:12: warning: casting 'tbb::internal::task_proxy**' to 'tbb::atomic<tbb::internal
::task_proxy**>&' does not use 'constexpr tbb::atomic<T*>::atomic(T*) [with T = tbb::internal::task_proxy*]' [-Wcast-us
er-defined]
  573 |     return (atomic<T>&)t;
      |            ^~~~~~~~~~~~~

../tbb_2020.3/include/tbb/atomic.h: In instantiation of 'tbb::atomic<T>& tbb::internal::as_atomic(T&) [with T = generic
_scheduler*]':
../tbb_2020.3/src/tbb/arena.cpp:112:30:   required from here
  112 |     return !slot && as_atomic( slot ).compare_and_swap( &s, NULL ) == NULL;
      |                     ~~~~~~~~~^~~~~~~~
../tbb_2020.3/include/tbb/atomic.h:573:12: warning: casting 'tbb::internal::generic_scheduler*' to 'tbb::atomic<tbb::in
ternal::generic_scheduler*>&' does not use 'constexpr tbb::atomic<T*>::atomic(T*) [with T = tbb::internal::generic_sche
duler]' [-Wcast-user-defined]
  573 |     return (atomic<T>&)t;
      |            ^~~~~~~~~~~~~

../tbb_2020.3/include/tbb/atomic.h: In instantiation of 'tbb::atomic<T>& tbb::internal::as_atomic(T&) [with T = tbb::ta
sk*]':
../tbb_2020.3/src/tbb/arena.cpp:418:24:   required from here
  418 |     } while ( as_atomic(my_orphaned_tasks).compare_and_swap(s.my_offloaded_tasks, orphans) != orphans );
      |               ~~~~~~~~~^~~~~~~~~~~~~~~~~~~
../tbb_2020.3/include/tbb/atomic.h:573:12: warning: casting 'tbb::task*' to 'tbb::atomic<tbb::task*>&' does not use 'co
nstexpr tbb::atomic<T*>::atomic(T*) [with T = tbb::task]' [-Wcast-user-defined]
  573 |     return (atomic<T>&)t;
      |            ^~~~~~~~~~~~~

../tbb_2020.3/include/tbb/atomic.h: In instantiation of 'tbb::atomic<T>& tbb::internal::as_atomic(T&) [with T = arena*]
':
../tbb_2020.3/src/tbb/arena.cpp:884:17:   required from here
  884 |     if(as_atomic(my_arena).compare_and_swap(new_arena, NULL) != NULL) {
      |        ~~~~~~~~~^~~~~~~~~~
../tbb_2020.3/include/tbb/atomic.h:573:12: warning: casting 'tbb::internal::arena*' to 'tbb::atomic<tbb::internal::aren
a*>&' does not use 'constexpr tbb::atomic<T*>::atomic(T*) [with T = tbb::internal::arena]' [-Wcast-user-defined]
  573 |     return (atomic<T>&)t;
      |            ^~~~~~~~~~~~~

../tbb_2020.3/include/tbb/atomic.h: In instantiation of 'tbb::atomic<T>& tbb::internal::as_atomic(T&) [with T = tbb::ta
sk_group_context*]':
../tbb_2020.3/src/tbb/arena.cpp:900:18:   required from here
  900 |         as_atomic(my_context) = new_arena->my_default_ctx;
      |         ~~~~~~~~~^~~~~~~~~~~~
../tbb_2020.3/include/tbb/atomic.h:573:12: warning: casting 'tbb::task_group_context*' to 'tbb::atomic<tbb::task_group_
context*>&' does not use 'constexpr tbb::atomic<T*>::atomic(T*) [with T = tbb::task_group_context]' [-Wcast-user-define
d]
  573 |     return (atomic<T>&)t;
      |            ^~~~~~~~~~~~~

../tbb_2020.3/include/tbb/atomic.h: In instantiation of 'tbb::atomic<T>& tbb::internal::as_atomic(T&) [with T = unsigne
d int]':
../tbb_2020.3/src/tbb/arena.h:487:23:   required from 'void tbb::internal::arena::advertise_new_work() [with new_work_t
ype work_type = tbb::internal::arena::work_enqueued]'
  487 |         if ( as_atomic(my_market->my_num_workers_soft_limit) == 0 && as_atomic(my_global_concurrency_mode) == f
alse )
      |              ~~~~~~~~~^~~~~~~~~~~~~~~~~~~~~~~~~~~~~~~~~~~~~~
../tbb_2020.3/src/tbb/arena.cpp:441:42:   required from here
  441 |         advertise_new_work<work_enqueued>();
      |         ~~~~~~~~~~~~~~~~~~~~~~~~~~~~~~~~~^~
../tbb_2020.3/include/tbb/atomic.h:573:12: warning: casting 'unsigned int' to 'tbb::atomic<unsigned int>&' does not use
 'constexpr tbb::atomic<unsigned int>::atomic(unsigned int)' [-Wcast-user-defined]
  573 |     return (atomic<T>&)t;
      |            ^~~~~~~~~~~~~

../tbb_2020.3/include/tbb/atomic.h: In instantiation of 'tbb::atomic<T>& tbb::internal::as_atomic(T&) [with T = bool]':
../tbb_2020.3/src/tbb/arena.h:487:79:   required from 'void tbb::internal::arena::advertise_new_work() [with new_work_t
ype work_type = tbb::internal::arena::work_enqueued]'
  487 |         if ( as_atomic(my_market->my_num_workers_soft_limit) == 0 && as_atomic(my_global_concurrency_mode) == f
alse )
      |                                                                      ~~~~~~~~~^~~~~~~~~~~~~~~~~~~~~~~~~~~~
../tbb_2020.3/src/tbb/arena.cpp:441:42:   required from here
  441 |         advertise_new_work<work_enqueued>();
      |         ~~~~~~~~~~~~~~~~~~~~~~~~~~~~~~~~~^~
../tbb_2020.3/include/tbb/atomic.h:573:12: warning: casting 'bool' to 'tbb::atomic<bool>&' does not use 'constexpr tbb:
:atomic<T>::atomic(T) [with T = bool]' [-Wcast-user-defined]
  573 |     return (atomic<T>&)t;
      |            ^~~~~~~~~~~~~

In file included from ../tbb_2020.3/include/tbb/tbb_profiling.h:123,
                 from ../tbb_2020.3/include/tbb/task.h:36,
                 from ../tbb_2020.3/src/tbb/scheduler_common.h:39,
                 from ../tbb_2020.3/src/tbb/scheduler.h:20,
                 from ../tbb_2020.3/src/tbb/custom_scheduler.h:20,
                 from ../tbb_2020.3/src/tbb/scheduler.cpp:17:
../tbb_2020.3/include/tbb/atomic.h:422:24: warning: template-id not allowed for constructor in C++20 [-Wtemplate-id-cdt
or]
  422 |     constexpr atomic<T>(const atomic<T>& rhs): internal::atomic_impl<T>(rhs) {}
      |                        ^

../tbb_2020.3/include/tbb/atomic.h:422:24: note: remove the '< >'
../tbb_2020.3/include/tbb/atomic.h:437:32: warning: template-id not allowed for constructor in C++20 [-Wtemplate-id-cdt
or]
  437 |             constexpr atomic<T>(const atomic<T>& rhs):                                              \
      |                                ^
../tbb_2020.3/include/tbb/atomic.h:454:1: note: in expansion of macro '__TBB_DECL_ATOMIC'
  454 | __TBB_DECL_ATOMIC(__TBB_LONG_LONG)
      | ^~~~~~~~~~~~~~~~~
../tbb_2020.3/include/tbb/atomic.h:437:32: note: remove the '< >'
  437 |             constexpr atomic<T>(const atomic<T>& rhs):                                              \
      |                                ^
../tbb_2020.3/include/tbb/atomic.h:454:1: note: in expansion of macro '__TBB_DECL_ATOMIC'
  454 | __TBB_DECL_ATOMIC(__TBB_LONG_LONG)
      | ^~~~~~~~~~~~~~~~~

../tbb_2020.3/include/tbb/atomic.h:437:32: warning: template-id not allowed for constructor in C++20 [-Wtemplate-id-cdt
or]
  437 |             constexpr atomic<T>(const atomic<T>& rhs):                                              \
      |                                ^
../tbb_2020.3/include/tbb/atomic.h:455:1: note: in expansion of macro '__TBB_DECL_ATOMIC'
  455 | __TBB_DECL_ATOMIC(unsigned __TBB_LONG_LONG)
      | ^~~~~~~~~~~~~~~~~
../tbb_2020.3/include/tbb/atomic.h:437:32: note: remove the '< >'
  437 |             constexpr atomic<T>(const atomic<T>& rhs):                                              \
      |                                ^
../tbb_2020.3/include/tbb/atomic.h:455:1: note: in expansion of macro '__TBB_DECL_ATOMIC'
  455 | __TBB_DECL_ATOMIC(unsigned __TBB_LONG_LONG)
      | ^~~~~~~~~~~~~~~~~

../tbb_2020.3/include/tbb/atomic.h:437:32: warning: template-id not allowed for constructor in C++20 [-Wtemplate-id-cdt
or]
  437 |             constexpr atomic<T>(const atomic<T>& rhs):                                              \
      |                                ^
../tbb_2020.3/include/tbb/atomic.h:459:1: note: in expansion of macro '__TBB_DECL_ATOMIC'
  459 | __TBB_DECL_ATOMIC(long)
      | ^~~~~~~~~~~~~~~~~
../tbb_2020.3/include/tbb/atomic.h:437:32: note: remove the '< >'
  437 |             constexpr atomic<T>(const atomic<T>& rhs):                                              \
      |                                ^
../tbb_2020.3/include/tbb/atomic.h:459:1: note: in expansion of macro '__TBB_DECL_ATOMIC'
  459 | __TBB_DECL_ATOMIC(long)
      | ^~~~~~~~~~~~~~~~~

../tbb_2020.3/include/tbb/atomic.h:437:32: warning: template-id not allowed for constructor in C++20 [-Wtemplate-id-cdt
or]
  437 |             constexpr atomic<T>(const atomic<T>& rhs):                                              \
      |                                ^
../tbb_2020.3/include/tbb/atomic.h:460:1: note: in expansion of macro '__TBB_DECL_ATOMIC'
  460 | __TBB_DECL_ATOMIC(unsigned long)
      | ^~~~~~~~~~~~~~~~~
../tbb_2020.3/include/tbb/atomic.h:437:32: note: remove the '< >'
  437 |             constexpr atomic<T>(const atomic<T>& rhs):                                              \
      |                                ^
../tbb_2020.3/include/tbb/atomic.h:460:1: note: in expansion of macro '__TBB_DECL_ATOMIC'
  460 | __TBB_DECL_ATOMIC(unsigned long)
      | ^~~~~~~~~~~~~~~~~

../tbb_2020.3/include/tbb/atomic.h:437:32: warning: template-id not allowed for constructor in C++20 [-Wtemplate-id-cdt
or]
  437 |             constexpr atomic<T>(const atomic<T>& rhs):                                              \
      |                                ^
../tbb_2020.3/include/tbb/atomic.h:491:1: note: in expansion of macro '__TBB_DECL_ATOMIC'
  491 | __TBB_DECL_ATOMIC(unsigned)
      | ^~~~~~~~~~~~~~~~~
../tbb_2020.3/include/tbb/atomic.h:437:32: note: remove the '< >'
  437 |             constexpr atomic<T>(const atomic<T>& rhs):                                              \
      |                                ^
../tbb_2020.3/include/tbb/atomic.h:491:1: note: in expansion of macro '__TBB_DECL_ATOMIC'
  491 | __TBB_DECL_ATOMIC(unsigned)
      | ^~~~~~~~~~~~~~~~~

../tbb_2020.3/include/tbb/atomic.h:437:32: warning: template-id not allowed for constructor in C++20 [-Wtemplate-id-cdt
or]
  437 |             constexpr atomic<T>(const atomic<T>& rhs):                                              \
      |                                ^
../tbb_2020.3/include/tbb/atomic.h:492:1: note: in expansion of macro '__TBB_DECL_ATOMIC'
  492 | __TBB_DECL_ATOMIC(int)
      | ^~~~~~~~~~~~~~~~~

../tbb_2020.3/include/tbb/atomic.h:437:32: note: remove the '< >'
  437 |             constexpr atomic<T>(const atomic<T>& rhs):                                              \
      |                                ^
../tbb_2020.3/include/tbb/atomic.h:492:1: note: in expansion of macro '__TBB_DECL_ATOMIC'
  492 | __TBB_DECL_ATOMIC(int)
      | ^~~~~~~~~~~~~~~~~

../tbb_2020.3/include/tbb/atomic.h:437:32: warning: template-id not allowed for constructor in C++20 [-Wtemplate-id-cdt
or]
  437 |             constexpr atomic<T>(const atomic<T>& rhs):                                              \
      |                                ^
../tbb_2020.3/include/tbb/atomic.h:495:1: note: in expansion of macro '__TBB_DECL_ATOMIC'
  495 | __TBB_DECL_ATOMIC(unsigned short)
      | ^~~~~~~~~~~~~~~~~
../tbb_2020.3/include/tbb/atomic.h:437:32: note: remove the '< >'
  437 |             constexpr atomic<T>(const atomic<T>& rhs):                                              \
      |                                ^
../tbb_2020.3/include/tbb/atomic.h:495:1: note: in expansion of macro '__TBB_DECL_ATOMIC'
  495 | __TBB_DECL_ATOMIC(unsigned short)
      | ^~~~~~~~~~~~~~~~~

../tbb_2020.3/include/tbb/atomic.h:437:32: warning: template-id not allowed for constructor in C++20 [-Wtemplate-id-cdt
or]
  437 |             constexpr atomic<T>(const atomic<T>& rhs):                                              \
      |                                ^
../tbb_2020.3/include/tbb/atomic.h:496:1: note: in expansion of macro '__TBB_DECL_ATOMIC'
  496 | __TBB_DECL_ATOMIC(short)
      | ^~~~~~~~~~~~~~~~~
../tbb_2020.3/include/tbb/atomic.h:437:32: note: remove the '< >'
  437 |             constexpr atomic<T>(const atomic<T>& rhs):                                              \
      |                                ^
../tbb_2020.3/include/tbb/atomic.h:496:1: note: in expansion of macro '__TBB_DECL_ATOMIC'
  496 | __TBB_DECL_ATOMIC(short)
      | ^~~~~~~~~~~~~~~~~

../tbb_2020.3/include/tbb/atomic.h:437:32: warning: template-id not allowed for constructor in C++20 [-Wtemplate-id-cdt
or]
  437 |             constexpr atomic<T>(const atomic<T>& rhs):                                              \
      |                                ^
../tbb_2020.3/include/tbb/atomic.h:497:1: note: in expansion of macro '__TBB_DECL_ATOMIC'
  497 | __TBB_DECL_ATOMIC(char)
      | ^~~~~~~~~~~~~~~~~
../tbb_2020.3/include/tbb/atomic.h:437:32: note: remove the '< >'
  437 |             constexpr atomic<T>(const atomic<T>& rhs):                                              \
      |                                ^
../tbb_2020.3/include/tbb/atomic.h:497:1: note: in expansion of macro '__TBB_DECL_ATOMIC'
  497 | __TBB_DECL_ATOMIC(char)
      | ^~~~~~~~~~~~~~~~~

../tbb_2020.3/include/tbb/atomic.h:437:32: warning: template-id not allowed for constructor in C++20 [-Wtemplate-id-cdt
or]
  437 |             constexpr atomic<T>(const atomic<T>& rhs):                                              \
      |                                ^
../tbb_2020.3/include/tbb/atomic.h:498:1: note: in expansion of macro '__TBB_DECL_ATOMIC'
  498 | __TBB_DECL_ATOMIC(signed char)
      | ^~~~~~~~~~~~~~~~~

../tbb_2020.3/include/tbb/atomic.h:437:32: note: remove the '< >'
  437 |             constexpr atomic<T>(const atomic<T>& rhs):                                              \
      |                                ^
../tbb_2020.3/include/tbb/atomic.h:498:1: note: in expansion of macro '__TBB_DECL_ATOMIC'
  498 | __TBB_DECL_ATOMIC(signed char)
      | ^~~~~~~~~~~~~~~~~
../tbb_2020.3/include/tbb/atomic.h:437:32: warning: template-id not allowed for constructor in C++20 [-Wtemplate-id-cdt
or]
  437 |             constexpr atomic<T>(const atomic<T>& rhs):                                              \
      |                                ^
../tbb_2020.3/include/tbb/atomic.h:499:1: note: in expansion of macro '__TBB_DECL_ATOMIC'
  499 | __TBB_DECL_ATOMIC(unsigned char)
      | ^~~~~~~~~~~~~~~~~
../tbb_2020.3/include/tbb/atomic.h:437:32: note: remove the '< >'
  437 |             constexpr atomic<T>(const atomic<T>& rhs):                                              \
      |                                ^
../tbb_2020.3/include/tbb/atomic.h:499:1: note: in expansion of macro '__TBB_DECL_ATOMIC'
  499 | __TBB_DECL_ATOMIC(unsigned char)
      | ^~~~~~~~~~~~~~~~~

../tbb_2020.3/include/tbb/atomic.h:437:32: warning: template-id not allowed for constructor in C++20 [-Wtemplate-id-cdt
or]
  437 |             constexpr atomic<T>(const atomic<T>& rhs):                                              \
      |                                ^
../tbb_2020.3/include/tbb/atomic.h:502:1: note: in expansion of macro '__TBB_DECL_ATOMIC'
  502 | __TBB_DECL_ATOMIC(wchar_t)
      | ^~~~~~~~~~~~~~~~~
../tbb_2020.3/include/tbb/atomic.h:437:32: note: remove the '< >'
  437 |             constexpr atomic<T>(const atomic<T>& rhs):                                              \
      |                                ^
../tbb_2020.3/include/tbb/atomic.h:502:1: note: in expansion of macro '__TBB_DECL_ATOMIC'
  502 | __TBB_DECL_ATOMIC(wchar_t)
      | ^~~~~~~~~~~~~~~~~

In file included from ../tbb_2020.3/include/tbb/tbb_profiling.h:123,
                 from ../tbb_2020.3/include/tbb/task.h:36,
                 from ../tbb_2020.3/src/tbb/scheduler_common.h:39,
                 from ../tbb_2020.3/src/tbb/observer_proxy.h:22,
                 from ../tbb_2020.3/src/tbb/observer_proxy.cpp:21:
../tbb_2020.3/include/tbb/atomic.h:422:24: warning: template-id not allowed for constructor in C++20 [-Wtemplate-id-cdt
or]
  422 |     constexpr atomic<T>(const atomic<T>& rhs): internal::atomic_impl<T>(rhs) {}
      |                        ^

../tbb_2020.3/include/tbb/atomic.h:422:24: note: remove the '< >'
../tbb_2020.3/include/tbb/atomic.h:437:32: warning: template-id not allowed for constructor in C++20 [-Wtemplate-id-cdt
or]
  437 |             constexpr atomic<T>(const atomic<T>& rhs):                                              \
      |                                ^
../tbb_2020.3/include/tbb/atomic.h:454:1: note: in expansion of macro '__TBB_DECL_ATOMIC'
  454 | __TBB_DECL_ATOMIC(__TBB_LONG_LONG)
      | ^~~~~~~~~~~~~~~~~
../tbb_2020.3/include/tbb/atomic.h:437:32: note: remove the '< >'
  437 |             constexpr atomic<T>(const atomic<T>& rhs):                                              \
      |                                ^
../tbb_2020.3/include/tbb/atomic.h:454:1: note: in expansion of macro '__TBB_DECL_ATOMIC'
  454 | __TBB_DECL_ATOMIC(__TBB_LONG_LONG)
      | ^~~~~~~~~~~~~~~~~

../tbb_2020.3/include/tbb/atomic.h:437:32: warning: template-id not allowed for constructor in C++20 [-Wtemplate-id-cdt
or]
  437 |             constexpr atomic<T>(const atomic<T>& rhs):                                              \
      |                                ^
../tbb_2020.3/include/tbb/atomic.h:455:1: note: in expansion of macro '__TBB_DECL_ATOMIC'
  455 | __TBB_DECL_ATOMIC(unsigned __TBB_LONG_LONG)
      | ^~~~~~~~~~~~~~~~~
../tbb_2020.3/include/tbb/atomic.h:437:32: note: remove the '< >'
  437 |             constexpr atomic<T>(const atomic<T>& rhs):                                              \
      |                                ^
../tbb_2020.3/include/tbb/atomic.h:455:1: note: in expansion of macro '__TBB_DECL_ATOMIC'
  455 | __TBB_DECL_ATOMIC(unsigned __TBB_LONG_LONG)
      | ^~~~~~~~~~~~~~~~~

../tbb_2020.3/include/tbb/atomic.h:437:32: warning: template-id not allowed for constructor in C++20 [-Wtemplate-id-cdt
or]
  437 |             constexpr atomic<T>(const atomic<T>& rhs):                                              \
      |                                ^
../tbb_2020.3/include/tbb/atomic.h:459:1: note: in expansion of macro '__TBB_DECL_ATOMIC'
  459 | __TBB_DECL_ATOMIC(long)
      | ^~~~~~~~~~~~~~~~~
../tbb_2020.3/include/tbb/atomic.h:437:32: note: remove the '< >'
  437 |             constexpr atomic<T>(const atomic<T>& rhs):                                              \
      |                                ^
../tbb_2020.3/include/tbb/atomic.h:459:1: note: in expansion of macro '__TBB_DECL_ATOMIC'
  459 | __TBB_DECL_ATOMIC(long)
      | ^~~~~~~~~~~~~~~~~

../tbb_2020.3/include/tbb/atomic.h:437:32: warning: template-id not allowed for constructor in C++20 [-Wtemplate-id-cdt
or]
  437 |             constexpr atomic<T>(const atomic<T>& rhs):                                              \
      |                                ^
../tbb_2020.3/include/tbb/atomic.h:460:1: note: in expansion of macro '__TBB_DECL_ATOMIC'
  460 | __TBB_DECL_ATOMIC(unsigned long)
      | ^~~~~~~~~~~~~~~~~
../tbb_2020.3/include/tbb/atomic.h:437:32: note: remove the '< >'
  437 |             constexpr atomic<T>(const atomic<T>& rhs):                                              \
      |                                ^
../tbb_2020.3/include/tbb/atomic.h:460:1: note: in expansion of macro '__TBB_DECL_ATOMIC'
  460 | __TBB_DECL_ATOMIC(unsigned long)
      | ^~~~~~~~~~~~~~~~~

../tbb_2020.3/include/tbb/atomic.h:437:32: warning: template-id not allowed for constructor in C++20 [-Wtemplate-id-cdt
or]
  437 |             constexpr atomic<T>(const atomic<T>& rhs):                                              \
      |                                ^
../tbb_2020.3/include/tbb/atomic.h:491:1: note: in expansion of macro '__TBB_DECL_ATOMIC'
  491 | __TBB_DECL_ATOMIC(unsigned)
      | ^~~~~~~~~~~~~~~~~
../tbb_2020.3/include/tbb/atomic.h:437:32: note: remove the '< >'
  437 |             constexpr atomic<T>(const atomic<T>& rhs):                                              \
      |                                ^
../tbb_2020.3/include/tbb/atomic.h:491:1: note: in expansion of macro '__TBB_DECL_ATOMIC'
  491 | __TBB_DECL_ATOMIC(unsigned)
      | ^~~~~~~~~~~~~~~~~
../tbb_2020.3/include/tbb/atomic.h:437:32: warning: template-id not allowed for constructor in C++20 [-Wtemplate-id-cdt
or]
  437 |             constexpr atomic<T>(const atomic<T>& rhs):                                              \
      |                                ^
../tbb_2020.3/include/tbb/atomic.h:492:1: note: in expansion of macro '__TBB_DECL_ATOMIC'
  492 | __TBB_DECL_ATOMIC(int)
      | ^~~~~~~~~~~~~~~~~
../tbb_2020.3/include/tbb/atomic.h:437:32: note: remove the '< >'
  437 |             constexpr atomic<T>(const atomic<T>& rhs):                                              \
      |                                ^
../tbb_2020.3/include/tbb/atomic.h:492:1: note: in expansion of macro '__TBB_DECL_ATOMIC'
  492 | __TBB_DECL_ATOMIC(int)
      | ^~~~~~~~~~~~~~~~~

../tbb_2020.3/include/tbb/atomic.h:437:32: warning: template-id not allowed for constructor in C++20 [-Wtemplate-id-cdt
or]
  437 |             constexpr atomic<T>(const atomic<T>& rhs):                                              \
      |                                ^
../tbb_2020.3/include/tbb/atomic.h:495:1: note: in expansion of macro '__TBB_DECL_ATOMIC'
  495 | __TBB_DECL_ATOMIC(unsigned short)
      | ^~~~~~~~~~~~~~~~~
../tbb_2020.3/include/tbb/atomic.h:437:32: note: remove the '< >'
  437 |             constexpr atomic<T>(const atomic<T>& rhs):                                              \
      |                                ^
../tbb_2020.3/include/tbb/atomic.h:495:1: note: in expansion of macro '__TBB_DECL_ATOMIC'
  495 | __TBB_DECL_ATOMIC(unsigned short)
      | ^~~~~~~~~~~~~~~~~

../tbb_2020.3/include/tbb/atomic.h:437:32: warning: template-id not allowed for constructor in C++20 [-Wtemplate-id-cdt
or]
  437 |             constexpr atomic<T>(const atomic<T>& rhs):                                              \
      |                                ^
../tbb_2020.3/include/tbb/atomic.h:496:1: note: in expansion of macro '__TBB_DECL_ATOMIC'
  496 | __TBB_DECL_ATOMIC(short)
      | ^~~~~~~~~~~~~~~~~

../tbb_2020.3/include/tbb/atomic.h:437:32: note: remove the '< >'
  437 |             constexpr atomic<T>(const atomic<T>& rhs):                                              \
      |                                ^
../tbb_2020.3/include/tbb/atomic.h:496:1: note: in expansion of macro '__TBB_DECL_ATOMIC'
  496 | __TBB_DECL_ATOMIC(short)
      | ^~~~~~~~~~~~~~~~~
../tbb_2020.3/include/tbb/atomic.h:437:32: warning: template-id not allowed for constructor in C++20 [-Wtemplate-id-cdt
or]
  437 |             constexpr atomic<T>(const atomic<T>& rhs):                                              \
      |                                ^
../tbb_2020.3/include/tbb/atomic.h:497:1: note: in expansion of macro '__TBB_DECL_ATOMIC'
  497 | __TBB_DECL_ATOMIC(char)
      | ^~~~~~~~~~~~~~~~~

../tbb_2020.3/include/tbb/atomic.h:437:32: note: remove the '< >'
  437 |             constexpr atomic<T>(const atomic<T>& rhs):                                              \
      |                                ^
../tbb_2020.3/include/tbb/atomic.h:497:1: note: in expansion of macro '__TBB_DECL_ATOMIC'
  497 | __TBB_DECL_ATOMIC(char)
      | ^~~~~~~~~~~~~~~~~
../tbb_2020.3/include/tbb/atomic.h:437:32: warning: template-id not allowed for constructor in C++20 [-Wtemplate-id-cdt
or]
  437 |             constexpr atomic<T>(const atomic<T>& rhs):                                              \
      |                                ^
../tbb_2020.3/include/tbb/atomic.h:498:1: note: in expansion of macro '__TBB_DECL_ATOMIC'
  498 | __TBB_DECL_ATOMIC(signed char)
      | ^~~~~~~~~~~~~~~~~
../tbb_2020.3/include/tbb/atomic.h:437:32: note: remove the '< >'
  437 |             constexpr atomic<T>(const atomic<T>& rhs):                                              \
      |                                ^
../tbb_2020.3/include/tbb/atomic.h:498:1: note: in expansion of macro '__TBB_DECL_ATOMIC'
  498 | __TBB_DECL_ATOMIC(signed char)
      | ^~~~~~~~~~~~~~~~~

../tbb_2020.3/include/tbb/atomic.h:437:32: warning: template-id not allowed for constructor in C++20 [-Wtemplate-id-cdt
or]
  437 |             constexpr atomic<T>(const atomic<T>& rhs):                                              \
      |                                ^
../tbb_2020.3/include/tbb/atomic.h:499:1: note: in expansion of macro '__TBB_DECL_ATOMIC'
  499 | __TBB_DECL_ATOMIC(unsigned char)
      | ^~~~~~~~~~~~~~~~~
../tbb_2020.3/include/tbb/atomic.h:437:32: note: remove the '< >'
  437 |             constexpr atomic<T>(const atomic<T>& rhs):                                              \
      |                                ^
../tbb_2020.3/include/tbb/atomic.h:499:1: note: in expansion of macro '__TBB_DECL_ATOMIC'
  499 | __TBB_DECL_ATOMIC(unsigned char)
      | ^~~~~~~~~~~~~~~~~

../tbb_2020.3/include/tbb/atomic.h:437:32: warning: template-id not allowed for constructor in C++20 [-Wtemplate-id-cdt
or]
  437 |             constexpr atomic<T>(const atomic<T>& rhs):                                              \
      |                                ^
../tbb_2020.3/include/tbb/atomic.h:502:1: note: in expansion of macro '__TBB_DECL_ATOMIC'
  502 | __TBB_DECL_ATOMIC(wchar_t)
      | ^~~~~~~~~~~~~~~~~
../tbb_2020.3/include/tbb/atomic.h:437:32: note: remove the '< >'
  437 |             constexpr atomic<T>(const atomic<T>& rhs):                                              \
      |                                ^
../tbb_2020.3/include/tbb/atomic.h:502:1: note: in expansion of macro '__TBB_DECL_ATOMIC'
  502 | __TBB_DECL_ATOMIC(wchar_t)
      | ^~~~~~~~~~~~~~~~~

../tbb_2020.3/include/tbb/atomic.h: In instantiation of 'tbb::atomic<T>& tbb::internal::as_atomic(T&) [with T = task_pr
oxy**]':
../tbb_2020.3/src/tbb/mailbox.h:125:27:   required from here
  125 |             if ( as_atomic( my_last ).compare_and_swap( prev_ptr, &curr->next_in_mailbox ) == &curr->next_in_ma
ilbox ) {
      |                  ~~~~~~~~~^~~~~~~~~~~
../tbb_2020.3/include/tbb/atomic.h:573:12: warning: casting 'tbb::internal::task_proxy**' to 'tbb::atomic<tbb::internal
::task_proxy**>&' does not use 'constexpr tbb::atomic<T*>::atomic(T*) [with T = tbb::internal::task_proxy*]' [-Wcast-us
er-defined]
  573 |     return (atomic<T>&)t;
      |            ^~~~~~~~~~~~~

../tbb_2020.3/include/tbb/atomic.h: In instantiation of 'tbb::atomic<T>& tbb::internal::as_atomic(T&) [with T = tbb::ta
sk_group_context::kind_type]':
../tbb_2020.3/src/tbb/scheduler.cpp:274:37:   required from here
  274 |             if ( internal::as_atomic(ctx.my_kind).fetch_and_store(task_group_context::detached) == task_group_c
ontext::dying )
      |                  ~~~~~~~~~~~~~~~~~~~^~~~~~~~~~~~~
../tbb_2020.3/include/tbb/atomic.h:573:12: warning: casting 'tbb::task_group_context::kind_type' to 'tbb::atomic<tbb::t
ask_group_context::kind_type>&' does not use 'constexpr tbb::atomic<T>::atomic(T) [with T = tbb::task_group_context::ki
nd_type]' [-Wcast-user-defined]
  573 |     return (atomic<T>&)t;
      |            ^~~~~~~~~~~~~

../tbb_2020.3/include/tbb/atomic.h: In instantiation of 'tbb::atomic<T>& tbb::internal::as_atomic(T&) [with T = tbb::ta
sk*]':
../tbb_2020.3/src/tbb/scheduler.cpp:423:22:   required from here
  423 |         if( as_atomic(s.my_return_list).compare_and_swap(&t, old )==old ) {
      |             ~~~~~~~~~^~~~~~~~~~~~~~~~~~
../tbb_2020.3/include/tbb/atomic.h:573:12: warning: casting 'tbb::task*' to 'tbb::atomic<tbb::task*>&' does not use 'co
nstexpr tbb::atomic<T*>::atomic(T*) [with T = tbb::task]' [-Wcast-user-defined]
  573 |     return (atomic<T>&)t;
      |            ^~~~~~~~~~~~~
../tbb_2020.3/include/tbb/atomic.h: In instantiation of 'tbb::atomic<T>& tbb::internal::as_atomic(T&) [with T = tbb::ta
sk**]':
../tbb_2020.3/src/tbb/scheduler.cpp:506:22:   required from here
  506 |             as_atomic(my_arena_slot->task_pool).compare_and_swap(LockedTaskPool, my_arena_slot->task_pool_ptr )
 == my_arena_slot->task_pool_ptr )
      |             ~~~~~~~~~^~~~~~~~~~~~~~~~~~~~~~~~~~
../tbb_2020.3/include/tbb/atomic.h:573:12: warning: casting 'tbb::task**' to 'tbb::atomic<tbb::task**>&' does not use '
constexpr tbb::atomic<T*>::atomic(T*) [with T = tbb::task*]' [-Wcast-user-defined]
  573 |     return (atomic<T>&)t;
      |            ^~~~~~~~~~~~~

../tbb_2020.3/include/tbb/atomic.h: In instantiation of 'tbb::atomic<T>& tbb::internal::as_atomic(T&) [with T = unsigne
d int]':
../tbb_2020.3/src/tbb/arena.h:487:23:   required from 'void tbb::internal::arena::advertise_new_work() [with new_work_t
ype work_type = tbb::internal::arena::work_spawned]'
  487 |         if ( as_atomic(my_market->my_num_workers_soft_limit) == 0 && as_atomic(my_global_concurrency_mode) == f
alse )
      |              ~~~~~~~~~^~~~~~~~~~~~~~~~~~~~~~~~~~~~~~~~~~~~~~
../tbb_2020.3/src/tbb/scheduler.cpp:716:54:   required from here
  716 |     my_arena->advertise_new_work<arena::work_spawned>();
      |     ~~~~~~~~~~~~~~~~~~~~~~~~~~~~~~~~~~~~~~~~~~~~~~~~~^~
../tbb_2020.3/include/tbb/atomic.h:573:12: warning: casting 'unsigned int' to 'tbb::atomic<unsigned int>&' does not use
 'constexpr tbb::atomic<unsigned int>::atomic(unsigned int)' [-Wcast-user-defined]
  573 |     return (atomic<T>&)t;
      |            ^~~~~~~~~~~~~

../tbb_2020.3/include/tbb/atomic.h: In instantiation of 'tbb::atomic<T>& tbb::internal::as_atomic(T&) [with T = bool]':
../tbb_2020.3/src/tbb/arena.h:487:79:   required from 'void tbb::internal::arena::advertise_new_work() [with new_work_t
ype work_type = tbb::internal::arena::work_spawned]'
  487 |         if ( as_atomic(my_market->my_num_workers_soft_limit) == 0 && as_atomic(my_global_concurrency_mode) == f
alse )
      |                                                                      ~~~~~~~~~^~~~~~~~~~~~~~~~~~~~~~~~~~~~
../tbb_2020.3/src/tbb/scheduler.cpp:716:54:   required from here
  716 |     my_arena->advertise_new_work<arena::work_spawned>();
      |     ~~~~~~~~~~~~~~~~~~~~~~~~~~~~~~~~~~~~~~~~~~~~~~~~~^~
../tbb_2020.3/include/tbb/atomic.h:573:12: warning: casting 'bool' to 'tbb::atomic<bool>&' does not use 'constexpr tbb:
:atomic<T>::atomic(T) [with T = bool]' [-Wcast-user-defined]
  573 |     return (atomic<T>&)t;
      |            ^~~~~~~~~~~~~
../tbb_2020.3/include/tbb/atomic.h: In instantiation of 'tbb::atomic<T>& tbb::internal::as_atomic(T&) [with T = long lo
ng int]':
../tbb_2020.3/src/tbb/mailbox.h:68:27:   required from 'tbb::task* tbb::internal::task_proxy::extract_task() [with long
 long int from_bit = 1]'
   68 |             if ( as_atomic(task_and_tag).compare_and_swap(cleaner_bit, tat) == tat ) {
      |                  ~~~~~~~~~^~~~~~~~~~~~~~
../tbb_2020.3/src/tbb/scheduler.cpp:987:57:   required from here
  987 |     if ( task *t = tp.extract_task<task_proxy::pool_bit>() ) {
      |                    ~~~~~~~~~~~~~~~~~~~~~~~~~~~~~~~~~~~~~^~
../tbb_2020.3/include/tbb/atomic.h:573:12: warning: casting 'long long int' to 'tbb::atomic<long long int>&' does not u
se 'constexpr tbb::atomic<long long int>::atomic(long long int)' [-Wcast-user-defined]
  573 |     return (atomic<T>&)t;
      |            ^~~~~~~~~~~~~

In file included from ../tbb_2020.3/src/old/concurrent_vector_v2.h:21,
                 from ../tbb_2020.3/src/old/concurrent_vector_v2.cpp:17:
../tbb_2020.3/include/tbb/atomic.h:422:24: warning: template-id not allowed for constructor in C++20 [-Wtemplate-id-cdt
or]
  422 |     constexpr atomic<T>(const atomic<T>& rhs): internal::atomic_impl<T>(rhs) {}
      |                        ^

../tbb_2020.3/include/tbb/atomic.h:422:24: note: remove the '< >'
../tbb_2020.3/include/tbb/atomic.h:437:32: warning: template-id not allowed for constructor in C++20 [-Wtemplate-id-cdt
or]
  437 |             constexpr atomic<T>(const atomic<T>& rhs):                                              \
      |                                ^
../tbb_2020.3/include/tbb/atomic.h:454:1: note: in expansion of macro '__TBB_DECL_ATOMIC'
  454 | __TBB_DECL_ATOMIC(__TBB_LONG_LONG)
      | ^~~~~~~~~~~~~~~~~
../tbb_2020.3/include/tbb/atomic.h:437:32: note: remove the '< >'
  437 |             constexpr atomic<T>(const atomic<T>& rhs):                                              \
      |                                ^
../tbb_2020.3/include/tbb/atomic.h:454:1: note: in expansion of macro '__TBB_DECL_ATOMIC'
  454 | __TBB_DECL_ATOMIC(__TBB_LONG_LONG)
      | ^~~~~~~~~~~~~~~~~

../tbb_2020.3/include/tbb/atomic.h:437:32: warning: template-id not allowed for constructor in C++20 [-Wtemplate-id-cdt
or]
  437 |             constexpr atomic<T>(const atomic<T>& rhs):                                              \
      |                                ^
../tbb_2020.3/include/tbb/atomic.h:455:1: note: in expansion of macro '__TBB_DECL_ATOMIC'
  455 | __TBB_DECL_ATOMIC(unsigned __TBB_LONG_LONG)
      | ^~~~~~~~~~~~~~~~~

../tbb_2020.3/include/tbb/atomic.h:437:32: note: remove the '< >'
  437 |             constexpr atomic<T>(const atomic<T>& rhs):                                              \
      |                                ^
../tbb_2020.3/include/tbb/atomic.h:455:1: note: in expansion of macro '__TBB_DECL_ATOMIC'
  455 | __TBB_DECL_ATOMIC(unsigned __TBB_LONG_LONG)
      | ^~~~~~~~~~~~~~~~~

../tbb_2020.3/include/tbb/atomic.h:437:32: warning: template-id not allowed for constructor in C++20 [-Wtemplate-id-cdt
or]
  437 |             constexpr atomic<T>(const atomic<T>& rhs):                                              \
      |                                ^
../tbb_2020.3/include/tbb/atomic.h:459:1: note: in expansion of macro '__TBB_DECL_ATOMIC'
  459 | __TBB_DECL_ATOMIC(long)
      | ^~~~~~~~~~~~~~~~~
../tbb_2020.3/include/tbb/atomic.h:437:32: note: remove the '< >'
  437 |             constexpr atomic<T>(const atomic<T>& rhs):                                              \
      |                                ^
../tbb_2020.3/include/tbb/atomic.h:459:1: note: in expansion of macro '__TBB_DECL_ATOMIC'
  459 | __TBB_DECL_ATOMIC(long)
      | ^~~~~~~~~~~~~~~~~
../tbb_2020.3/include/tbb/atomic.h:437:32: warning: template-id not allowed for constructor in C++20 [-Wtemplate-id-cdt
or]
  437 |             constexpr atomic<T>(const atomic<T>& rhs):                                              \
      |                                ^
../tbb_2020.3/include/tbb/atomic.h:460:1: note: in expansion of macro '__TBB_DECL_ATOMIC'
  460 | __TBB_DECL_ATOMIC(unsigned long)
      | ^~~~~~~~~~~~~~~~~
../tbb_2020.3/include/tbb/atomic.h:437:32: note: remove the '< >'
  437 |             constexpr atomic<T>(const atomic<T>& rhs):                                              \
      |                                ^
../tbb_2020.3/include/tbb/atomic.h:460:1: note: in expansion of macro '__TBB_DECL_ATOMIC'
  460 | __TBB_DECL_ATOMIC(unsigned long)
      | ^~~~~~~~~~~~~~~~~

../tbb_2020.3/include/tbb/atomic.h:437:32: warning: template-id not allowed for constructor in C++20 [-Wtemplate-id-cdt
or]
  437 |             constexpr atomic<T>(const atomic<T>& rhs):                                              \
      |                                ^
../tbb_2020.3/include/tbb/atomic.h:491:1: note: in expansion of macro '__TBB_DECL_ATOMIC'
  491 | __TBB_DECL_ATOMIC(unsigned)
      | ^~~~~~~~~~~~~~~~~
../tbb_2020.3/include/tbb/atomic.h:437:32: note: remove the '< >'
  437 |             constexpr atomic<T>(const atomic<T>& rhs):                                              \
      |                                ^
../tbb_2020.3/include/tbb/atomic.h:491:1: note: in expansion of macro '__TBB_DECL_ATOMIC'
  491 | __TBB_DECL_ATOMIC(unsigned)
      | ^~~~~~~~~~~~~~~~~

../tbb_2020.3/include/tbb/atomic.h:437:32: warning: template-id not allowed for constructor in C++20 [-Wtemplate-id-cdt
or]
  437 |             constexpr atomic<T>(const atomic<T>& rhs):                                              \
      |                                ^
../tbb_2020.3/include/tbb/atomic.h:492:1: note: in expansion of macro '__TBB_DECL_ATOMIC'
  492 | __TBB_DECL_ATOMIC(int)
      | ^~~~~~~~~~~~~~~~~

../tbb_2020.3/include/tbb/atomic.h:437:32: note: remove the '< >'
  437 |             constexpr atomic<T>(const atomic<T>& rhs):                                              \
      |                                ^
../tbb_2020.3/include/tbb/atomic.h:492:1: note: in expansion of macro '__TBB_DECL_ATOMIC'
  492 | __TBB_DECL_ATOMIC(int)
      | ^~~~~~~~~~~~~~~~~

../tbb_2020.3/include/tbb/atomic.h:437:32: warning: template-id not allowed for constructor in C++20 [-Wtemplate-id-cdt
or]
  437 |             constexpr atomic<T>(const atomic<T>& rhs):                                              \
      |                                ^
../tbb_2020.3/include/tbb/atomic.h:495:1: note: in expansion of macro '__TBB_DECL_ATOMIC'
  495 | __TBB_DECL_ATOMIC(unsigned short)
      | ^~~~~~~~~~~~~~~~~

../tbb_2020.3/include/tbb/atomic.h:437:32: note: remove the '< >'
  437 |             constexpr atomic<T>(const atomic<T>& rhs):                                              \
      |                                ^
../tbb_2020.3/include/tbb/atomic.h:495:1: note: in expansion of macro '__TBB_DECL_ATOMIC'
  495 | __TBB_DECL_ATOMIC(unsigned short)
      | ^~~~~~~~~~~~~~~~~

../tbb_2020.3/include/tbb/atomic.h:437:32: warning: template-id not allowed for constructor in C++20 [-Wtemplate-id-cdt
or]
  437 |             constexpr atomic<T>(const atomic<T>& rhs):                                              \
      |                                ^
../tbb_2020.3/include/tbb/atomic.h:496:1: note: in expansion of macro '__TBB_DECL_ATOMIC'
  496 | __TBB_DECL_ATOMIC(short)
      | ^~~~~~~~~~~~~~~~~
../tbb_2020.3/include/tbb/atomic.h:437:32: note: remove the '< >'
  437 |             constexpr atomic<T>(const atomic<T>& rhs):                                              \
      |                                ^
../tbb_2020.3/include/tbb/atomic.h:496:1: note: in expansion of macro '__TBB_DECL_ATOMIC'
  496 | __TBB_DECL_ATOMIC(short)
      | ^~~~~~~~~~~~~~~~~

../tbb_2020.3/include/tbb/atomic.h:437:32: warning: template-id not allowed for constructor in C++20 [-Wtemplate-id-cdt
or]
  437 |             constexpr atomic<T>(const atomic<T>& rhs):                                              \
      |                                ^
../tbb_2020.3/include/tbb/atomic.h:497:1: note: in expansion of macro '__TBB_DECL_ATOMIC'
  497 | __TBB_DECL_ATOMIC(char)
      | ^~~~~~~~~~~~~~~~~
../tbb_2020.3/include/tbb/atomic.h:437:32: note: remove the '< >'
  437 |             constexpr atomic<T>(const atomic<T>& rhs):                                              \
      |                                ^
../tbb_2020.3/include/tbb/atomic.h:497:1: note: in expansion of macro '__TBB_DECL_ATOMIC'
  497 | __TBB_DECL_ATOMIC(char)
      | ^~~~~~~~~~~~~~~~~

../tbb_2020.3/include/tbb/atomic.h:437:32: warning: template-id not allowed for constructor in C++20 [-Wtemplate-id-cdt
or]
  437 |             constexpr atomic<T>(const atomic<T>& rhs):                                              \
      |                                ^
../tbb_2020.3/include/tbb/atomic.h:498:1: note: in expansion of macro '__TBB_DECL_ATOMIC'
  498 | __TBB_DECL_ATOMIC(signed char)
      | ^~~~~~~~~~~~~~~~~
../tbb_2020.3/include/tbb/atomic.h:437:32: note: remove the '< >'
  437 |             constexpr atomic<T>(const atomic<T>& rhs):                                              \
      |                                ^
../tbb_2020.3/include/tbb/atomic.h:498:1: note: in expansion of macro '__TBB_DECL_ATOMIC'
  498 | __TBB_DECL_ATOMIC(signed char)
      | ^~~~~~~~~~~~~~~~~

../tbb_2020.3/include/tbb/atomic.h:437:32: warning: template-id not allowed for constructor in C++20 [-Wtemplate-id-cdt
or]
  437 |             constexpr atomic<T>(const atomic<T>& rhs):                                              \
      |                                ^
../tbb_2020.3/include/tbb/atomic.h:499:1: note: in expansion of macro '__TBB_DECL_ATOMIC'
  499 | __TBB_DECL_ATOMIC(unsigned char)
      | ^~~~~~~~~~~~~~~~~
../tbb_2020.3/include/tbb/atomic.h:437:32: note: remove the '< >'
  437 |             constexpr atomic<T>(const atomic<T>& rhs):                                              \
      |                                ^
../tbb_2020.3/include/tbb/atomic.h:499:1: note: in expansion of macro '__TBB_DECL_ATOMIC'
  499 | __TBB_DECL_ATOMIC(unsigned char)
      | ^~~~~~~~~~~~~~~~~

../tbb_2020.3/include/tbb/atomic.h:437:32: warning: template-id not allowed for constructor in C++20 [-Wtemplate-id-cdt
or]
  437 |             constexpr atomic<T>(const atomic<T>& rhs):                                              \
      |                                ^
../tbb_2020.3/include/tbb/atomic.h:502:1: note: in expansion of macro '__TBB_DECL_ATOMIC'
  502 | __TBB_DECL_ATOMIC(wchar_t)
      | ^~~~~~~~~~~~~~~~~
../tbb_2020.3/include/tbb/atomic.h:437:32: note: remove the '< >'
  437 |             constexpr atomic<T>(const atomic<T>& rhs):                                              \
      |                                ^
../tbb_2020.3/include/tbb/atomic.h:502:1: note: in expansion of macro '__TBB_DECL_ATOMIC'
  502 | __TBB_DECL_ATOMIC(wchar_t)
      | ^~~~~~~~~~~~~~~~~

In file included from C:/work/rtools45/x86_64-w64-mingw32.static.posix/include/winnt.h:27,
                 from C:/work/rtools45/x86_64-w64-mingw32.static.posix/include/minwindef.h:163,
                 from C:/work/rtools45/x86_64-w64-mingw32.static.posix/include/windef.h:9,
                 from C:/work/rtools45/x86_64-w64-mingw32.static.posix/include/windows.h:69,
                 from ../tbb_2020.3/src/tbb/../rml/include/rml_base.h:25,
                 from ../tbb_2020.3/src/tbb/../rml/include/rml_tbb.h:23,
                 from ../tbb_2020.3/src/tbb/scheduler.h:25:
In function 'long long unsigned int __readgsqword(long unsigned int)',
    inlined from '_TEB* NtCurrentTeb()' at C:/work/rtools45/x86_64-w64-mingw32.static.posix/include/winnt.h:10013:86,
    inlined from 'void tbb::internal::generic_scheduler::init_stack_info()' at ../tbb_2020.3/src/tbb/scheduler.cpp:169:
42:
C:/work/rtools45/x86_64-w64-mingw32.static.posix/include/psdk_inc/intrin-impl.h:838:1: warning: array subscript 0 is ou
tside array bounds of 'long long unsigned int [0]' [-Warray-bounds=]
  838 | __buildreadseg(__readgsqword, unsigned __int64, "gs", "q")
      | ^~~~~~~~~~~~~~

In member function 'void tbb::internal::generic_scheduler::init_stack_info()':
cc1plus.exe: note: source object is likely at address zero

../tbb_2020.3/include/tbb/atomic.h: In instantiation of 'tbb::atomic<T>& tbb::internal::as_atomic(T&) [with T = task_pr
oxy**]':
../tbb_2020.3/src/tbb/mailbox.h:125:27:   required from here
  125 |             if ( as_atomic( my_last ).compare_and_swap( prev_ptr, &curr->next_in_mailbox ) == &curr->next_in_ma
ilbox ) {
      |                  ~~~~~~~~~^~~~~~~~~~~
../tbb_2020.3/include/tbb/atomic.h:573:12: warning: casting 'tbb::internal::task_proxy**' to 'tbb::atomic<tbb::internal
::task_proxy**>&' does not use 'constexpr tbb::atomic<T*>::atomic(T*) [with T = tbb::internal::task_proxy*]' [-Wcast-us
er-defined]
  573 |     return (atomic<T>&)t;
      |            ^~~~~~~~~~~~~

In function 'long long unsigned int __readgsqword(long unsigned int)',
    inlined from '_TEB* NtCurrentTeb()' at C:/work/rtools45/x86_64-w64-mingw32.static.posix/include/winnt.h:10013:86,
    inlined from 'void tbb::internal::generic_scheduler::init_stack_info()' at ../tbb_2020.3/src/tbb/scheduler.cpp:169:
42,
    inlined from 'static tbb::internal::generic_scheduler* tbb::internal::generic_scheduler::create_worker(tbb::interna
l::market&, std::size_t, bool)' at ../tbb_2020.3/src/tbb/scheduler.cpp:1281:27:
C:/work/rtools45/x86_64-w64-mingw32.static.posix/include/psdk_inc/intrin-impl.h:838:1: warning: array subscript 0 is ou
tside array bounds of 'long long unsigned int [0]' [-Warray-bounds=]
  838 | __buildreadseg(__readgsqword, unsigned __int64, "gs", "q")
      | ^~~~~~~~~~~~~~

In static member function 'static tbb::internal::generic_scheduler* tbb::internal::generic_scheduler::create_worker(tbb
::internal::market&, std::size_t, bool)':
cc1plus.exe: note: source object is likely at address zero

In function 'long long unsigned int __readgsqword(long unsigned int)',
    inlined from '_TEB* NtCurrentTeb()' at C:/work/rtools45/x86_64-w64-mingw32.static.posix/include/winnt.h:10013:86,
    inlined from 'void tbb::internal::generic_scheduler::init_stack_info()' at ../tbb_2020.3/src/tbb/scheduler.cpp:169:
42,
    inlined from 'static tbb::internal::generic_scheduler* tbb::internal::generic_scheduler::create_master(tbb::interna
l::arena*)' at ../tbb_2020.3/src/tbb/scheduler.cpp:1302:23:
C:/work/rtools45/x86_64-w64-mingw32.static.posix/include/psdk_inc/intrin-impl.h:838:1: warning: array subscript 0 is ou
tside array bounds of 'long long unsigned int [0]' [-Warray-bounds=]
  838 | __buildreadseg(__readgsqword, unsigned __int64, "gs", "q")
      | ^~~~~~~~~~~~~~

In static member function 'static tbb::internal::generic_scheduler* tbb::internal::generic_scheduler::create_master(tbb
::internal::arena*)':
cc1plus.exe: note: source object is likely at address zero

In file included from ../tbb_2020.3/src/tbb/tbb_main.h:20,
                 from ../tbb_2020.3/src/tbb/tbb_main.cpp:19:
../tbb_2020.3/include/tbb/atomic.h:422:24: warning: template-id not allowed for constructor in C++20 [-Wtemplate-id-cdt
or]
  422 |     constexpr atomic<T>(const atomic<T>& rhs): internal::atomic_impl<T>(rhs) {}
      |                        ^

../tbb_2020.3/include/tbb/atomic.h:422:24: note: remove the '< >'
../tbb_2020.3/include/tbb/atomic.h:437:32: warning: template-id not allowed for constructor in C++20 [-Wtemplate-id-cdt
or]
  437 |             constexpr atomic<T>(const atomic<T>& rhs):                                              \
      |                                ^
../tbb_2020.3/include/tbb/atomic.h:454:1: note: in expansion of macro '__TBB_DECL_ATOMIC'
  454 | __TBB_DECL_ATOMIC(__TBB_LONG_LONG)
      | ^~~~~~~~~~~~~~~~~
../tbb_2020.3/include/tbb/atomic.h:437:32: note: remove the '< >'
  437 |             constexpr atomic<T>(const atomic<T>& rhs):                                              \
      |                                ^
../tbb_2020.3/include/tbb/atomic.h:454:1: note: in expansion of macro '__TBB_DECL_ATOMIC'
  454 | __TBB_DECL_ATOMIC(__TBB_LONG_LONG)
      | ^~~~~~~~~~~~~~~~~

../tbb_2020.3/include/tbb/atomic.h:437:32: warning: template-id not allowed for constructor in C++20 [-Wtemplate-id-cdt
or]
  437 |             constexpr atomic<T>(const atomic<T>& rhs):                                              \
      |                                ^
../tbb_2020.3/include/tbb/atomic.h:455:1: note: in expansion of macro '__TBB_DECL_ATOMIC'
  455 | __TBB_DECL_ATOMIC(unsigned __TBB_LONG_LONG)
      | ^~~~~~~~~~~~~~~~~
../tbb_2020.3/include/tbb/atomic.h:437:32: note: remove the '< >'
  437 |             constexpr atomic<T>(const atomic<T>& rhs):                                              \
      |                                ^
../tbb_2020.3/include/tbb/atomic.h:455:1: note: in expansion of macro '__TBB_DECL_ATOMIC'
  455 | __TBB_DECL_ATOMIC(unsigned __TBB_LONG_LONG)
      | ^~~~~~~~~~~~~~~~~

../tbb_2020.3/include/tbb/atomic.h:437:32: warning: template-id not allowed for constructor in C++20 [-Wtemplate-id-cdt
or]
  437 |             constexpr atomic<T>(const atomic<T>& rhs):                                              \
      |                                ^
../tbb_2020.3/include/tbb/atomic.h:459:1: note: in expansion of macro '__TBB_DECL_ATOMIC'
  459 | __TBB_DECL_ATOMIC(long)
      | ^~~~~~~~~~~~~~~~~
../tbb_2020.3/include/tbb/atomic.h:437:32: note: remove the '< >'
  437 |             constexpr atomic<T>(const atomic<T>& rhs):                                              \
      |                                ^
../tbb_2020.3/include/tbb/atomic.h:459:1: note: in expansion of macro '__TBB_DECL_ATOMIC'
  459 | __TBB_DECL_ATOMIC(long)
      | ^~~~~~~~~~~~~~~~~
../tbb_2020.3/include/tbb/atomic.h:437:32: warning: template-id not allowed for constructor in C++20 [-Wtemplate-id-cdt
or]
  437 |             constexpr atomic<T>(const atomic<T>& rhs):                                              \
      |                                ^
../tbb_2020.3/include/tbb/atomic.h:460:1: note: in expansion of macro '__TBB_DECL_ATOMIC'
  460 | __TBB_DECL_ATOMIC(unsigned long)
      | ^~~~~~~~~~~~~~~~~
../tbb_2020.3/include/tbb/atomic.h:437:32: note: remove the '< >'
  437 |             constexpr atomic<T>(const atomic<T>& rhs):                                              \
      |                                ^
../tbb_2020.3/include/tbb/atomic.h:460:1: note: in expansion of macro '__TBB_DECL_ATOMIC'
  460 | __TBB_DECL_ATOMIC(unsigned long)
      | ^~~~~~~~~~~~~~~~~

../tbb_2020.3/include/tbb/atomic.h:437:32: warning: template-id not allowed for constructor in C++20 [-Wtemplate-id-cdt
or]
  437 |             constexpr atomic<T>(const atomic<T>& rhs):                                              \
      |                                ^
../tbb_2020.3/include/tbb/atomic.h:491:1: note: in expansion of macro '__TBB_DECL_ATOMIC'
  491 | __TBB_DECL_ATOMIC(unsigned)
      | ^~~~~~~~~~~~~~~~~
../tbb_2020.3/include/tbb/atomic.h:437:32: note: remove the '< >'
  437 |             constexpr atomic<T>(const atomic<T>& rhs):                                              \
      |                                ^
../tbb_2020.3/include/tbb/atomic.h:491:1: note: in expansion of macro '__TBB_DECL_ATOMIC'
  491 | __TBB_DECL_ATOMIC(unsigned)
      | ^~~~~~~~~~~~~~~~~

../tbb_2020.3/include/tbb/atomic.h:437:32: warning: template-id not allowed for constructor in C++20 [-Wtemplate-id-cdt
or]
  437 |             constexpr atomic<T>(const atomic<T>& rhs):                                              \
      |                                ^
../tbb_2020.3/include/tbb/atomic.h:492:1: note: in expansion of macro '__TBB_DECL_ATOMIC'
  492 | __TBB_DECL_ATOMIC(int)
      | ^~~~~~~~~~~~~~~~~
../tbb_2020.3/include/tbb/atomic.h:437:32: note: remove the '< >'
  437 |             constexpr atomic<T>(const atomic<T>& rhs):                                              \
      |                                ^
../tbb_2020.3/include/tbb/atomic.h:492:1: note: in expansion of macro '__TBB_DECL_ATOMIC'
  492 | __TBB_DECL_ATOMIC(int)
      | ^~~~~~~~~~~~~~~~~
../tbb_2020.3/include/tbb/atomic.h:437:32: warning: template-id not allowed for constructor in C++20 [-Wtemplate-id-cdt
or]
  437 |             constexpr atomic<T>(const atomic<T>& rhs):                                              \
      |                                ^
../tbb_2020.3/include/tbb/atomic.h:495:1: note: in expansion of macro '__TBB_DECL_ATOMIC'
  495 | __TBB_DECL_ATOMIC(unsigned short)
      | ^~~~~~~~~~~~~~~~~
../tbb_2020.3/include/tbb/atomic.h:437:32: note: remove the '< >'
  437 |             constexpr atomic<T>(const atomic<T>& rhs):                                              \
      |                                ^
../tbb_2020.3/include/tbb/atomic.h:495:1: note: in expansion of macro '__TBB_DECL_ATOMIC'
  495 | __TBB_DECL_ATOMIC(unsigned short)
      | ^~~~~~~~~~~~~~~~~

../tbb_2020.3/include/tbb/atomic.h:437:32: warning: template-id not allowed for constructor in C++20 [-Wtemplate-id-cdt
or]
  437 |             constexpr atomic<T>(const atomic<T>& rhs):                                              \
      |                                ^
../tbb_2020.3/include/tbb/atomic.h:496:1: note: in expansion of macro '__TBB_DECL_ATOMIC'
  496 | __TBB_DECL_ATOMIC(short)
      | ^~~~~~~~~~~~~~~~~
../tbb_2020.3/include/tbb/atomic.h:437:32: note: remove the '< >'
  437 |             constexpr atomic<T>(const atomic<T>& rhs):                                              \
      |                                ^
../tbb_2020.3/include/tbb/atomic.h:496:1: note: in expansion of macro '__TBB_DECL_ATOMIC'
  496 | __TBB_DECL_ATOMIC(short)
      | ^~~~~~~~~~~~~~~~~

../tbb_2020.3/include/tbb/atomic.h:437:32: warning: template-id not allowed for constructor in C++20 [-Wtemplate-id-cdt
or]
  437 |             constexpr atomic<T>(const atomic<T>& rhs):                                              \
      |                                ^
../tbb_2020.3/include/tbb/atomic.h:497:1: note: in expansion of macro '__TBB_DECL_ATOMIC'
  497 | __TBB_DECL_ATOMIC(char)
      | ^~~~~~~~~~~~~~~~~
../tbb_2020.3/include/tbb/atomic.h:437:32: note: remove the '< >'
  437 |             constexpr atomic<T>(const atomic<T>& rhs):                                              \
      |                                ^
../tbb_2020.3/include/tbb/atomic.h:497:1: note: in expansion of macro '__TBB_DECL_ATOMIC'
  497 | __TBB_DECL_ATOMIC(char)
      | ^~~~~~~~~~~~~~~~~

../tbb_2020.3/include/tbb/atomic.h:437:32: warning: template-id not allowed for constructor in C++20 [-Wtemplate-id-cdt
or]
  437 |             constexpr atomic<T>(const atomic<T>& rhs):                                              \
      |                                ^
../tbb_2020.3/include/tbb/atomic.h:498:1: note: in expansion of macro '__TBB_DECL_ATOMIC'
  498 | __TBB_DECL_ATOMIC(signed char)
      | ^~~~~~~~~~~~~~~~~
../tbb_2020.3/include/tbb/atomic.h:437:32: note: remove the '< >'
  437 |             constexpr atomic<T>(const atomic<T>& rhs):                                              \
      |                                ^
../tbb_2020.3/include/tbb/atomic.h:498:1: note: in expansion of macro '__TBB_DECL_ATOMIC'
  498 | __TBB_DECL_ATOMIC(signed char)
      | ^~~~~~~~~~~~~~~~~
../tbb_2020.3/include/tbb/atomic.h:437:32: warning: template-id not allowed for constructor in C++20 [-Wtemplate-id-cdt
or]
  437 |             constexpr atomic<T>(const atomic<T>& rhs):                                              \
      |                                ^
../tbb_2020.3/include/tbb/atomic.h:499:1: note: in expansion of macro '__TBB_DECL_ATOMIC'
  499 | __TBB_DECL_ATOMIC(unsigned char)
      | ^~~~~~~~~~~~~~~~~
../tbb_2020.3/include/tbb/atomic.h:437:32: note: remove the '< >'
  437 |             constexpr atomic<T>(const atomic<T>& rhs):                                              \
      |                                ^
../tbb_2020.3/include/tbb/atomic.h:499:1: note: in expansion of macro '__TBB_DECL_ATOMIC'
  499 | __TBB_DECL_ATOMIC(unsigned char)
      | ^~~~~~~~~~~~~~~~~

../tbb_2020.3/include/tbb/atomic.h:437:32: warning: template-id not allowed for constructor in C++20 [-Wtemplate-id-cdt
or]
  437 |             constexpr atomic<T>(const atomic<T>& rhs):                                              \
      |                                ^
../tbb_2020.3/include/tbb/atomic.h:502:1: note: in expansion of macro '__TBB_DECL_ATOMIC'
  502 | __TBB_DECL_ATOMIC(wchar_t)
      | ^~~~~~~~~~~~~~~~~

../tbb_2020.3/include/tbb/atomic.h:437:32: note: remove the '< >'
  437 |             constexpr atomic<T>(const atomic<T>& rhs):                                              \
      |                                ^
../tbb_2020.3/include/tbb/atomic.h:502:1: note: in expansion of macro '__TBB_DECL_ATOMIC'
  502 | __TBB_DECL_ATOMIC(wchar_t)
      | ^~~~~~~~~~~~~~~~~

In file included from ../tbb_2020.3/include/tbb/tbb_profiling.h:123,
                 from ../tbb_2020.3/include/tbb/spin_mutex.h:28,
                 from ../tbb_2020.3/src/old/concurrent_queue_v2.cpp:19:
../tbb_2020.3/include/tbb/atomic.h:422:24: warning: template-id not allowed for constructor in C++20 [-Wtemplate-id-cdt
or]
  422 |     constexpr atomic<T>(const atomic<T>& rhs): internal::atomic_impl<T>(rhs) {}
      |                        ^

../tbb_2020.3/include/tbb/atomic.h:422:24: note: remove the '< >'
../tbb_2020.3/include/tbb/atomic.h:437:32: warning: template-id not allowed for constructor in C++20 [-Wtemplate-id-cdt
or]
  437 |             constexpr atomic<T>(const atomic<T>& rhs):                                              \
      |                                ^
../tbb_2020.3/include/tbb/atomic.h:454:1: note: in expansion of macro '__TBB_DECL_ATOMIC'
  454 | __TBB_DECL_ATOMIC(__TBB_LONG_LONG)
      | ^~~~~~~~~~~~~~~~~
../tbb_2020.3/include/tbb/atomic.h:437:32: note: remove the '< >'
  437 |             constexpr atomic<T>(const atomic<T>& rhs):                                              \
      |                                ^
../tbb_2020.3/include/tbb/atomic.h:454:1: note: in expansion of macro '__TBB_DECL_ATOMIC'
  454 | __TBB_DECL_ATOMIC(__TBB_LONG_LONG)
      | ^~~~~~~~~~~~~~~~~

../tbb_2020.3/include/tbb/atomic.h:437:32: warning: template-id not allowed for constructor in C++20 [-Wtemplate-id-cdt
or]
  437 |             constexpr atomic<T>(const atomic<T>& rhs):                                              \
      |                                ^
../tbb_2020.3/include/tbb/atomic.h:455:1: note: in expansion of macro '__TBB_DECL_ATOMIC'
  455 | __TBB_DECL_ATOMIC(unsigned __TBB_LONG_LONG)
      | ^~~~~~~~~~~~~~~~~
../tbb_2020.3/include/tbb/atomic.h:437:32: note: remove the '< >'
  437 |             constexpr atomic<T>(const atomic<T>& rhs):                                              \
      |                                ^
../tbb_2020.3/include/tbb/atomic.h:455:1: note: in expansion of macro '__TBB_DECL_ATOMIC'
  455 | __TBB_DECL_ATOMIC(unsigned __TBB_LONG_LONG)
      | ^~~~~~~~~~~~~~~~~

../tbb_2020.3/include/tbb/atomic.h:437:32: warning: template-id not allowed for constructor in C++20 [-Wtemplate-id-cdt
or]
  437 |             constexpr atomic<T>(const atomic<T>& rhs):                                              \
      |                                ^
../tbb_2020.3/include/tbb/atomic.h:459:1: note: in expansion of macro '__TBB_DECL_ATOMIC'
  459 | __TBB_DECL_ATOMIC(long)
      | ^~~~~~~~~~~~~~~~~
../tbb_2020.3/include/tbb/atomic.h:437:32: note: remove the '< >'
  437 |             constexpr atomic<T>(const atomic<T>& rhs):                                              \
      |                                ^
../tbb_2020.3/include/tbb/atomic.h:459:1: note: in expansion of macro '__TBB_DECL_ATOMIC'
  459 | __TBB_DECL_ATOMIC(long)
      | ^~~~~~~~~~~~~~~~~

../tbb_2020.3/include/tbb/atomic.h:437:32: warning: template-id not allowed for constructor in C++20 [-Wtemplate-id-cdt
or]
  437 |             constexpr atomic<T>(const atomic<T>& rhs):                                              \
      |                                ^
../tbb_2020.3/include/tbb/atomic.h:460:1: note: in expansion of macro '__TBB_DECL_ATOMIC'
  460 | __TBB_DECL_ATOMIC(unsigned long)
      | ^~~~~~~~~~~~~~~~~
../tbb_2020.3/include/tbb/atomic.h:437:32: note: remove the '< >'
  437 |             constexpr atomic<T>(const atomic<T>& rhs):                                              \
      |                                ^
../tbb_2020.3/include/tbb/atomic.h:460:1: note: in expansion of macro '__TBB_DECL_ATOMIC'
  460 | __TBB_DECL_ATOMIC(unsigned long)
      | ^~~~~~~~~~~~~~~~~

../tbb_2020.3/include/tbb/atomic.h:437:32: warning: template-id not allowed for constructor in C++20 [-Wtemplate-id-cdt
or]
  437 |             constexpr atomic<T>(const atomic<T>& rhs):                                              \
      |                                ^
../tbb_2020.3/include/tbb/atomic.h:491:1: note: in expansion of macro '__TBB_DECL_ATOMIC'
  491 | __TBB_DECL_ATOMIC(unsigned)
      | ^~~~~~~~~~~~~~~~~

../tbb_2020.3/include/tbb/atomic.h:437:32: note: remove the '< >'
  437 |             constexpr atomic<T>(const atomic<T>& rhs):                                              \
      |                                ^
../tbb_2020.3/include/tbb/atomic.h:491:1: note: in expansion of macro '__TBB_DECL_ATOMIC'
  491 | __TBB_DECL_ATOMIC(unsigned)
      | ^~~~~~~~~~~~~~~~~

../tbb_2020.3/include/tbb/atomic.h:437:32: warning: template-id not allowed for constructor in C++20 [-Wtemplate-id-cdt
or]
  437 |             constexpr atomic<T>(const atomic<T>& rhs):                                              \
      |                                ^
../tbb_2020.3/include/tbb/atomic.h:492:1: note: in expansion of macro '__TBB_DECL_ATOMIC'
  492 | __TBB_DECL_ATOMIC(int)
      | ^~~~~~~~~~~~~~~~~
../tbb_2020.3/include/tbb/atomic.h:437:32: note: remove the '< >'
  437 |             constexpr atomic<T>(const atomic<T>& rhs):                                              \
      |                                ^
../tbb_2020.3/include/tbb/atomic.h:492:1: note: in expansion of macro '__TBB_DECL_ATOMIC'
  492 | __TBB_DECL_ATOMIC(int)
      | ^~~~~~~~~~~~~~~~~

../tbb_2020.3/include/tbb/atomic.h:437:32: warning: template-id not allowed for constructor in C++20 [-Wtemplate-id-cdt
or]
  437 |             constexpr atomic<T>(const atomic<T>& rhs):                                              \
      |                                ^
../tbb_2020.3/include/tbb/atomic.h:495:1: note: in expansion of macro '__TBB_DECL_ATOMIC'
  495 | __TBB_DECL_ATOMIC(unsigned short)
      | ^~~~~~~~~~~~~~~~~
../tbb_2020.3/include/tbb/atomic.h:437:32: note: remove the '< >'
  437 |             constexpr atomic<T>(const atomic<T>& rhs):                                              \
      |                                ^
../tbb_2020.3/include/tbb/atomic.h:495:1: note: in expansion of macro '__TBB_DECL_ATOMIC'
  495 | __TBB_DECL_ATOMIC(unsigned short)
      | ^~~~~~~~~~~~~~~~~
../tbb_2020.3/include/tbb/atomic.h:437:32: warning: template-id not allowed for constructor in C++20 [-Wtemplate-id-cdt
or]
  437 |             constexpr atomic<T>(const atomic<T>& rhs):                                              \
      |                                ^
../tbb_2020.3/include/tbb/atomic.h:496:1: note: in expansion of macro '__TBB_DECL_ATOMIC'
  496 | __TBB_DECL_ATOMIC(short)
      | ^~~~~~~~~~~~~~~~~
../tbb_2020.3/include/tbb/atomic.h:437:32: note: remove the '< >'
  437 |             constexpr atomic<T>(const atomic<T>& rhs):                                              \
      |                                ^
../tbb_2020.3/include/tbb/atomic.h:496:1: note: in expansion of macro '__TBB_DECL_ATOMIC'
  496 | __TBB_DECL_ATOMIC(short)
      | ^~~~~~~~~~~~~~~~~

../tbb_2020.3/include/tbb/atomic.h:437:32: warning: template-id not allowed for constructor in C++20 [-Wtemplate-id-cdt
or]
  437 |             constexpr atomic<T>(const atomic<T>& rhs):                                              \
      |                                ^
../tbb_2020.3/include/tbb/atomic.h:497:1: note: in expansion of macro '__TBB_DECL_ATOMIC'
  497 | __TBB_DECL_ATOMIC(char)
      | ^~~~~~~~~~~~~~~~~
../tbb_2020.3/include/tbb/atomic.h:437:32: note: remove the '< >'
  437 |             constexpr atomic<T>(const atomic<T>& rhs):                                              \
      |                                ^
../tbb_2020.3/include/tbb/atomic.h:497:1: note: in expansion of macro '__TBB_DECL_ATOMIC'
  497 | __TBB_DECL_ATOMIC(char)
      | ^~~~~~~~~~~~~~~~~

../tbb_2020.3/include/tbb/atomic.h:437:32: warning: template-id not allowed for constructor in C++20 [-Wtemplate-id-cdt
or]
  437 |             constexpr atomic<T>(const atomic<T>& rhs):                                              \
      |                                ^
../tbb_2020.3/include/tbb/atomic.h:498:1: note: in expansion of macro '__TBB_DECL_ATOMIC'
  498 | __TBB_DECL_ATOMIC(signed char)
      | ^~~~~~~~~~~~~~~~~
../tbb_2020.3/include/tbb/atomic.h:437:32: note: remove the '< >'
  437 |             constexpr atomic<T>(const atomic<T>& rhs):                                              \
      |                                ^
../tbb_2020.3/include/tbb/atomic.h:498:1: note: in expansion of macro '__TBB_DECL_ATOMIC'
  498 | __TBB_DECL_ATOMIC(signed char)
      | ^~~~~~~~~~~~~~~~~

../tbb_2020.3/include/tbb/atomic.h:437:32: warning: template-id not allowed for constructor in C++20 [-Wtemplate-id-cdt
or]
  437 |             constexpr atomic<T>(const atomic<T>& rhs):                                              \
      |                                ^
../tbb_2020.3/include/tbb/atomic.h:499:1: note: in expansion of macro '__TBB_DECL_ATOMIC'
  499 | __TBB_DECL_ATOMIC(unsigned char)
      | ^~~~~~~~~~~~~~~~~
../tbb_2020.3/include/tbb/atomic.h:437:32: note: remove the '< >'
  437 |             constexpr atomic<T>(const atomic<T>& rhs):                                              \
      |                                ^
../tbb_2020.3/include/tbb/atomic.h:499:1: note: in expansion of macro '__TBB_DECL_ATOMIC'
  499 | __TBB_DECL_ATOMIC(unsigned char)
      | ^~~~~~~~~~~~~~~~~

../tbb_2020.3/include/tbb/atomic.h:437:32: warning: template-id not allowed for constructor in C++20 [-Wtemplate-id-cdt
or]
  437 |             constexpr atomic<T>(const atomic<T>& rhs):                                              \
      |                                ^
../tbb_2020.3/include/tbb/atomic.h:502:1: note: in expansion of macro '__TBB_DECL_ATOMIC'
  502 | __TBB_DECL_ATOMIC(wchar_t)
      | ^~~~~~~~~~~~~~~~~

../tbb_2020.3/include/tbb/atomic.h:437:32: note: remove the '< >'
  437 |             constexpr atomic<T>(const atomic<T>& rhs):                                              \
      |                                ^
../tbb_2020.3/include/tbb/atomic.h:502:1: note: in expansion of macro '__TBB_DECL_ATOMIC'
  502 | __TBB_DECL_ATOMIC(wchar_t)
      | ^~~~~~~~~~~~~~~~~

In file included from ../tbb_2020.3/src/old/spin_rw_mutex_v2.cpp:20:
../tbb_2020.3/include/tbb/atomic.h:422:24: warning: template-id not allowed for constructor in C++20 [-Wtemplate-id-cdt
or]
  422 |     constexpr atomic<T>(const atomic<T>& rhs): internal::atomic_impl<T>(rhs) {}
      |                        ^

../tbb_2020.3/include/tbb/atomic.h:422:24: note: remove the '< >'
../tbb_2020.3/include/tbb/atomic.h:437:32: warning: template-id not allowed for constructor in C++20 [-Wtemplate-id-cdt
or]
  437 |             constexpr atomic<T>(const atomic<T>& rhs):                                              \
      |                                ^
../tbb_2020.3/include/tbb/atomic.h:454:1: note: in expansion of macro '__TBB_DECL_ATOMIC'
  454 | __TBB_DECL_ATOMIC(__TBB_LONG_LONG)
      | ^~~~~~~~~~~~~~~~~
../tbb_2020.3/include/tbb/atomic.h:437:32: note: remove the '< >'
  437 |             constexpr atomic<T>(const atomic<T>& rhs):                                              \
      |                                ^
../tbb_2020.3/include/tbb/atomic.h:454:1: note: in expansion of macro '__TBB_DECL_ATOMIC'
  454 | __TBB_DECL_ATOMIC(__TBB_LONG_LONG)
      | ^~~~~~~~~~~~~~~~~
../tbb_2020.3/include/tbb/atomic.h:437:32: warning: template-id not allowed for constructor in C++20 [-Wtemplate-id-cdt
or]
  437 |             constexpr atomic<T>(const atomic<T>& rhs):                                              \
      |                                ^
../tbb_2020.3/include/tbb/atomic.h:455:1: note: in expansion of macro '__TBB_DECL_ATOMIC'
  455 | __TBB_DECL_ATOMIC(unsigned __TBB_LONG_LONG)
      | ^~~~~~~~~~~~~~~~~
../tbb_2020.3/include/tbb/atomic.h:437:32: note: remove the '< >'
  437 |             constexpr atomic<T>(const atomic<T>& rhs):                                              \
      |                                ^
../tbb_2020.3/include/tbb/atomic.h:455:1: note: in expansion of macro '__TBB_DECL_ATOMIC'
  455 | __TBB_DECL_ATOMIC(unsigned __TBB_LONG_LONG)
      | ^~~~~~~~~~~~~~~~~

../tbb_2020.3/include/tbb/atomic.h:437:32: warning: template-id not allowed for constructor in C++20 [-Wtemplate-id-cdt
or]
  437 |             constexpr atomic<T>(const atomic<T>& rhs):                                              \
      |                                ^
../tbb_2020.3/include/tbb/atomic.h:459:1: note: in expansion of macro '__TBB_DECL_ATOMIC'
  459 | __TBB_DECL_ATOMIC(long)
      | ^~~~~~~~~~~~~~~~~
../tbb_2020.3/include/tbb/atomic.h:437:32: note: remove the '< >'
  437 |             constexpr atomic<T>(const atomic<T>& rhs):                                              \
      |                                ^
../tbb_2020.3/include/tbb/atomic.h:459:1: note: in expansion of macro '__TBB_DECL_ATOMIC'
  459 | __TBB_DECL_ATOMIC(long)
      | ^~~~~~~~~~~~~~~~~
../tbb_2020.3/include/tbb/atomic.h:437:32: warning: template-id not allowed for constructor in C++20 [-Wtemplate-id-cdt
or]
  437 |             constexpr atomic<T>(const atomic<T>& rhs):                                              \
      |                                ^
../tbb_2020.3/include/tbb/atomic.h:460:1: note: in expansion of macro '__TBB_DECL_ATOMIC'
  460 | __TBB_DECL_ATOMIC(unsigned long)
      | ^~~~~~~~~~~~~~~~~
../tbb_2020.3/include/tbb/atomic.h:437:32: note: remove the '< >'
  437 |             constexpr atomic<T>(const atomic<T>& rhs):                                              \
      |                                ^
../tbb_2020.3/include/tbb/atomic.h:460:1: note: in expansion of macro '__TBB_DECL_ATOMIC'
  460 | __TBB_DECL_ATOMIC(unsigned long)
      | ^~~~~~~~~~~~~~~~~

../tbb_2020.3/include/tbb/atomic.h:437:32: warning: template-id not allowed for constructor in C++20 [-Wtemplate-id-cdt
or]
  437 |             constexpr atomic<T>(const atomic<T>& rhs):                                              \
      |                                ^
../tbb_2020.3/include/tbb/atomic.h:491:1: note: in expansion of macro '__TBB_DECL_ATOMIC'
  491 | __TBB_DECL_ATOMIC(unsigned)
      | ^~~~~~~~~~~~~~~~~
../tbb_2020.3/include/tbb/atomic.h:437:32: note: remove the '< >'
  437 |             constexpr atomic<T>(const atomic<T>& rhs):                                              \
      |                                ^
../tbb_2020.3/include/tbb/atomic.h:491:1: note: in expansion of macro '__TBB_DECL_ATOMIC'
  491 | __TBB_DECL_ATOMIC(unsigned)
      | ^~~~~~~~~~~~~~~~~

../tbb_2020.3/include/tbb/atomic.h:437:32: warning: template-id not allowed for constructor in C++20 [-Wtemplate-id-cdt
or]
  437 |             constexpr atomic<T>(const atomic<T>& rhs):                                              \
      |                                ^
../tbb_2020.3/include/tbb/atomic.h:492:1: note: in expansion of macro '__TBB_DECL_ATOMIC'
  492 | __TBB_DECL_ATOMIC(int)
      | ^~~~~~~~~~~~~~~~~
../tbb_2020.3/include/tbb/atomic.h:437:32: note: remove the '< >'
  437 |             constexpr atomic<T>(const atomic<T>& rhs):                                              \
      |                                ^
../tbb_2020.3/include/tbb/atomic.h:492:1: note: in expansion of macro '__TBB_DECL_ATOMIC'
  492 | __TBB_DECL_ATOMIC(int)
      | ^~~~~~~~~~~~~~~~~

../tbb_2020.3/include/tbb/atomic.h:437:32: warning: template-id not allowed for constructor in C++20 [-Wtemplate-id-cdt
or]
  437 |             constexpr atomic<T>(const atomic<T>& rhs):                                              \
      |                                ^
../tbb_2020.3/include/tbb/atomic.h:495:1: note: in expansion of macro '__TBB_DECL_ATOMIC'
  495 | __TBB_DECL_ATOMIC(unsigned short)
      | ^~~~~~~~~~~~~~~~~
../tbb_2020.3/include/tbb/atomic.h:437:32: note: remove the '< >'
  437 |             constexpr atomic<T>(const atomic<T>& rhs):                                              \
      |                                ^
../tbb_2020.3/include/tbb/atomic.h:495:1: note: in expansion of macro '__TBB_DECL_ATOMIC'
  495 | __TBB_DECL_ATOMIC(unsigned short)
      | ^~~~~~~~~~~~~~~~~

../tbb_2020.3/include/tbb/atomic.h:437:32: warning: template-id not allowed for constructor in C++20 [-Wtemplate-id-cdt
or]
  437 |             constexpr atomic<T>(const atomic<T>& rhs):                                              \
      |                                ^
../tbb_2020.3/include/tbb/atomic.h:496:1: note: in expansion of macro '__TBB_DECL_ATOMIC'
  496 | __TBB_DECL_ATOMIC(short)
      | ^~~~~~~~~~~~~~~~~
../tbb_2020.3/include/tbb/atomic.h:437:32: note: remove the '< >'
  437 |             constexpr atomic<T>(const atomic<T>& rhs):                                              \
      |                                ^
../tbb_2020.3/include/tbb/atomic.h:496:1: note: in expansion of macro '__TBB_DECL_ATOMIC'
  496 | __TBB_DECL_ATOMIC(short)
      | ^~~~~~~~~~~~~~~~~

../tbb_2020.3/include/tbb/atomic.h:437:32: warning: template-id not allowed for constructor in C++20 [-Wtemplate-id-cdt
or]
  437 |             constexpr atomic<T>(const atomic<T>& rhs):                                              \
      |                                ^
../tbb_2020.3/include/tbb/atomic.h:497:1: note: in expansion of macro '__TBB_DECL_ATOMIC'
  497 | __TBB_DECL_ATOMIC(char)
      | ^~~~~~~~~~~~~~~~~
../tbb_2020.3/include/tbb/atomic.h:437:32: note: remove the '< >'
  437 |             constexpr atomic<T>(const atomic<T>& rhs):                                              \
      |                                ^
../tbb_2020.3/include/tbb/atomic.h:497:1: note: in expansion of macro '__TBB_DECL_ATOMIC'
  497 | __TBB_DECL_ATOMIC(char)
      | ^~~~~~~~~~~~~~~~~

../tbb_2020.3/include/tbb/atomic.h:437:32: warning: template-id not allowed for constructor in C++20 [-Wtemplate-id-cdt
or]
  437 |             constexpr atomic<T>(const atomic<T>& rhs):                                              \
      |                                ^
../tbb_2020.3/include/tbb/atomic.h:498:1: note: in expansion of macro '__TBB_DECL_ATOMIC'
  498 | __TBB_DECL_ATOMIC(signed char)
      | ^~~~~~~~~~~~~~~~~

../tbb_2020.3/include/tbb/atomic.h:437:32: note: remove the '< >'
  437 |             constexpr atomic<T>(const atomic<T>& rhs):                                              \
      |                                ^
../tbb_2020.3/include/tbb/atomic.h:498:1: note: in expansion of macro '__TBB_DECL_ATOMIC'
  498 | __TBB_DECL_ATOMIC(signed char)
      | ^~~~~~~~~~~~~~~~~

../tbb_2020.3/include/tbb/atomic.h:437:32: warning: template-id not allowed for constructor in C++20 [-Wtemplate-id-cdt
or]
  437 |             constexpr atomic<T>(const atomic<T>& rhs):                                              \
      |                                ^
../tbb_2020.3/include/tbb/atomic.h:499:1: note: in expansion of macro '__TBB_DECL_ATOMIC'
  499 | __TBB_DECL_ATOMIC(unsigned char)
      | ^~~~~~~~~~~~~~~~~
../tbb_2020.3/include/tbb/atomic.h:437:32: note: remove the '< >'
  437 |             constexpr atomic<T>(const atomic<T>& rhs):                                              \
      |                                ^
../tbb_2020.3/include/tbb/atomic.h:499:1: note: in expansion of macro '__TBB_DECL_ATOMIC'
  499 | __TBB_DECL_ATOMIC(unsigned char)
      | ^~~~~~~~~~~~~~~~~

../tbb_2020.3/include/tbb/atomic.h:437:32: warning: template-id not allowed for constructor in C++20 [-Wtemplate-id-cdt
or]
  437 |             constexpr atomic<T>(const atomic<T>& rhs):                                              \
      |                                ^
../tbb_2020.3/include/tbb/atomic.h:502:1: note: in expansion of macro '__TBB_DECL_ATOMIC'
  502 | __TBB_DECL_ATOMIC(wchar_t)
      | ^~~~~~~~~~~~~~~~~
../tbb_2020.3/include/tbb/atomic.h:437:32: note: remove the '< >'
  437 |             constexpr atomic<T>(const atomic<T>& rhs):                                              \
      |                                ^
../tbb_2020.3/include/tbb/atomic.h:502:1: note: in expansion of macro '__TBB_DECL_ATOMIC'
  502 | __TBB_DECL_ATOMIC(wchar_t)
      | ^~~~~~~~~~~~~~~~~

../tbb_2020.3/include/tbb/atomic.h: In instantiation of 'tbb::atomic<T>& tbb::internal::as_atomic(T&) [with T = volatil
e long long unsigned int]':
../tbb_2020.3/src/old/spin_rw_mutex_v2.cpp:27:21:   required from here
   27 |     return as_atomic(addr).compare_and_swap(newv, oldv) == oldv;
      |            ~~~~~~~~~^~~~~~
../tbb_2020.3/include/tbb/atomic.h:573:12: warning: casting 'volatile long long unsigned int' to 'tbb::atomic<volatile 
long long unsigned int>&' does not use 'constexpr tbb::atomic<T>::atomic(T) [with T = volatile long long unsigned int]'
 [-Wcast-user-defined]
  573 |     return (atomic<T>&)t;
      |            ^~~~~~~~~~~~~

In file included from ../tbb_2020.3/include/tbb/tbb_profiling.h:123,
                 from ../tbb_2020.3/include/tbb/task.h:36,
                 from ../tbb_2020.3/src/old/task_v2.cpp:25:
../tbb_2020.3/include/tbb/atomic.h:422:24: warning: template-id not allowed for constructor in C++20 [-Wtemplate-id-cdt
or]
  422 |     constexpr atomic<T>(const atomic<T>& rhs): internal::atomic_impl<T>(rhs) {}
      |                        ^

../tbb_2020.3/include/tbb/atomic.h:422:24: note: remove the '< >'
../tbb_2020.3/include/tbb/atomic.h:437:32: warning: template-id not allowed for constructor in C++20 [-Wtemplate-id-cdt
or]
  437 |             constexpr atomic<T>(const atomic<T>& rhs):                                              \
      |                                ^
../tbb_2020.3/include/tbb/atomic.h:454:1: note: in expansion of macro '__TBB_DECL_ATOMIC'
  454 | __TBB_DECL_ATOMIC(__TBB_LONG_LONG)
      | ^~~~~~~~~~~~~~~~~
../tbb_2020.3/include/tbb/atomic.h:437:32: note: remove the '< >'
  437 |             constexpr atomic<T>(const atomic<T>& rhs):                                              \
      |                                ^
../tbb_2020.3/include/tbb/atomic.h:454:1: note: in expansion of macro '__TBB_DECL_ATOMIC'
  454 | __TBB_DECL_ATOMIC(__TBB_LONG_LONG)
      | ^~~~~~~~~~~~~~~~~

../tbb_2020.3/include/tbb/atomic.h:437:32: warning: template-id not allowed for constructor in C++20 [-Wtemplate-id-cdt
or]
  437 |             constexpr atomic<T>(const atomic<T>& rhs):                                              \
      |                                ^
../tbb_2020.3/include/tbb/atomic.h:455:1: note: in expansion of macro '__TBB_DECL_ATOMIC'
  455 | __TBB_DECL_ATOMIC(unsigned __TBB_LONG_LONG)
      | ^~~~~~~~~~~~~~~~~
../tbb_2020.3/include/tbb/atomic.h:437:32: note: remove the '< >'
  437 |             constexpr atomic<T>(const atomic<T>& rhs):                                              \
      |                                ^
../tbb_2020.3/include/tbb/atomic.h:455:1: note: in expansion of macro '__TBB_DECL_ATOMIC'
  455 | __TBB_DECL_ATOMIC(unsigned __TBB_LONG_LONG)
      | ^~~~~~~~~~~~~~~~~

../tbb_2020.3/include/tbb/atomic.h:437:32: warning: template-id not allowed for constructor in C++20 [-Wtemplate-id-cdt
or]
  437 |             constexpr atomic<T>(const atomic<T>& rhs):                                              \
      |                                ^
../tbb_2020.3/include/tbb/atomic.h:459:1: note: in expansion of macro '__TBB_DECL_ATOMIC'
  459 | __TBB_DECL_ATOMIC(long)
      | ^~~~~~~~~~~~~~~~~

../tbb_2020.3/include/tbb/atomic.h:437:32: note: remove the '< >'
  437 |             constexpr atomic<T>(const atomic<T>& rhs):                                              \
      |                                ^
../tbb_2020.3/include/tbb/atomic.h:459:1: note: in expansion of macro '__TBB_DECL_ATOMIC'
  459 | __TBB_DECL_ATOMIC(long)
      | ^~~~~~~~~~~~~~~~~

../tbb_2020.3/include/tbb/atomic.h:437:32: warning: template-id not allowed for constructor in C++20 [-Wtemplate-id-cdt
or]
  437 |             constexpr atomic<T>(const atomic<T>& rhs):                                              \
      |                                ^
../tbb_2020.3/include/tbb/atomic.h:460:1: note: in expansion of macro '__TBB_DECL_ATOMIC'
  460 | __TBB_DECL_ATOMIC(unsigned long)
      | ^~~~~~~~~~~~~~~~~

../tbb_2020.3/include/tbb/atomic.h:437:32: note: remove the '< >'
  437 |             constexpr atomic<T>(const atomic<T>& rhs):                                              \
      |                                ^
../tbb_2020.3/include/tbb/atomic.h:460:1: note: in expansion of macro '__TBB_DECL_ATOMIC'
  460 | __TBB_DECL_ATOMIC(unsigned long)
      | ^~~~~~~~~~~~~~~~~

../tbb_2020.3/include/tbb/atomic.h:437:32: warning: template-id not allowed for constructor in C++20 [-Wtemplate-id-cdt
or]
  437 |             constexpr atomic<T>(const atomic<T>& rhs):                                              \
      |                                ^
../tbb_2020.3/include/tbb/atomic.h:491:1: note: in expansion of macro '__TBB_DECL_ATOMIC'
  491 | __TBB_DECL_ATOMIC(unsigned)
      | ^~~~~~~~~~~~~~~~~

../tbb_2020.3/include/tbb/atomic.h:437:32: note: remove the '< >'
  437 |             constexpr atomic<T>(const atomic<T>& rhs):                                              \
      |                                ^
../tbb_2020.3/include/tbb/atomic.h:491:1: note: in expansion of macro '__TBB_DECL_ATOMIC'
  491 | __TBB_DECL_ATOMIC(unsigned)
      | ^~~~~~~~~~~~~~~~~

../tbb_2020.3/include/tbb/atomic.h:437:32: warning: template-id not allowed for constructor in C++20 [-Wtemplate-id-cdt
or]
  437 |             constexpr atomic<T>(const atomic<T>& rhs):                                              \
      |                                ^
../tbb_2020.3/include/tbb/atomic.h:492:1: note: in expansion of macro '__TBB_DECL_ATOMIC'
  492 | __TBB_DECL_ATOMIC(int)
      | ^~~~~~~~~~~~~~~~~

../tbb_2020.3/include/tbb/atomic.h:437:32: note: remove the '< >'
  437 |             constexpr atomic<T>(const atomic<T>& rhs):                                              \
      |                                ^
../tbb_2020.3/include/tbb/atomic.h:492:1: note: in expansion of macro '__TBB_DECL_ATOMIC'
  492 | __TBB_DECL_ATOMIC(int)
      | ^~~~~~~~~~~~~~~~~

../tbb_2020.3/include/tbb/atomic.h:437:32: warning: template-id not allowed for constructor in C++20 [-Wtemplate-id-cdt
or]
  437 |             constexpr atomic<T>(const atomic<T>& rhs):                                              \
      |                                ^
../tbb_2020.3/include/tbb/atomic.h:495:1: note: in expansion of macro '__TBB_DECL_ATOMIC'
  495 | __TBB_DECL_ATOMIC(unsigned short)
      | ^~~~~~~~~~~~~~~~~

../tbb_2020.3/include/tbb/atomic.h:437:32: note: remove the '< >'
  437 |             constexpr atomic<T>(const atomic<T>& rhs):                                              \
      |                                ^
../tbb_2020.3/include/tbb/atomic.h:495:1: note: in expansion of macro '__TBB_DECL_ATOMIC'
  495 | __TBB_DECL_ATOMIC(unsigned short)
      | ^~~~~~~~~~~~~~~~~

../tbb_2020.3/include/tbb/atomic.h:437:32: warning: template-id not allowed for constructor in C++20 [-Wtemplate-id-cdt
or]
  437 |             constexpr atomic<T>(const atomic<T>& rhs):                                              \
      |                                ^
../tbb_2020.3/include/tbb/atomic.h:496:1: note: in expansion of macro '__TBB_DECL_ATOMIC'
  496 | __TBB_DECL_ATOMIC(short)
      | ^~~~~~~~~~~~~~~~~

../tbb_2020.3/include/tbb/atomic.h:437:32: note: remove the '< >'
  437 |             constexpr atomic<T>(const atomic<T>& rhs):                                              \
      |                                ^
../tbb_2020.3/include/tbb/atomic.h:496:1: note: in expansion of macro '__TBB_DECL_ATOMIC'
  496 | __TBB_DECL_ATOMIC(short)
      | ^~~~~~~~~~~~~~~~~

../tbb_2020.3/include/tbb/atomic.h:437:32: warning: template-id not allowed for constructor in C++20 [-Wtemplate-id-cdt
or]
  437 |             constexpr atomic<T>(const atomic<T>& rhs):                                              \
      |                                ^
../tbb_2020.3/include/tbb/atomic.h:497:1: note: in expansion of macro '__TBB_DECL_ATOMIC'
  497 | __TBB_DECL_ATOMIC(char)
      | ^~~~~~~~~~~~~~~~~

../tbb_2020.3/include/tbb/atomic.h:437:32: note: remove the '< >'
  437 |             constexpr atomic<T>(const atomic<T>& rhs):                                              \
      |                                ^
../tbb_2020.3/include/tbb/atomic.h:497:1: note: in expansion of macro '__TBB_DECL_ATOMIC'
  497 | __TBB_DECL_ATOMIC(char)
      | ^~~~~~~~~~~~~~~~~

../tbb_2020.3/include/tbb/atomic.h:437:32: warning: template-id not allowed for constructor in C++20 [-Wtemplate-id-cdt
or]
  437 |             constexpr atomic<T>(const atomic<T>& rhs):                                              \
      |                                ^
../tbb_2020.3/include/tbb/atomic.h:498:1: note: in expansion of macro '__TBB_DECL_ATOMIC'
  498 | __TBB_DECL_ATOMIC(signed char)
      | ^~~~~~~~~~~~~~~~~
../tbb_2020.3/include/tbb/atomic.h:437:32: note: remove the '< >'
  437 |             constexpr atomic<T>(const atomic<T>& rhs):                                              \
      |                                ^
../tbb_2020.3/include/tbb/atomic.h:498:1: note: in expansion of macro '__TBB_DECL_ATOMIC'
  498 | __TBB_DECL_ATOMIC(signed char)
      | ^~~~~~~~~~~~~~~~~

../tbb_2020.3/include/tbb/atomic.h:437:32: warning: template-id not allowed for constructor in C++20 [-Wtemplate-id-cdt
or]
  437 |             constexpr atomic<T>(const atomic<T>& rhs):                                              \
      |                                ^
../tbb_2020.3/include/tbb/atomic.h:499:1: note: in expansion of macro '__TBB_DECL_ATOMIC'
  499 | __TBB_DECL_ATOMIC(unsigned char)
      | ^~~~~~~~~~~~~~~~~

../tbb_2020.3/include/tbb/atomic.h:437:32: note: remove the '< >'
  437 |             constexpr atomic<T>(const atomic<T>& rhs):                                              \
      |                                ^
../tbb_2020.3/include/tbb/atomic.h:499:1: note: in expansion of macro '__TBB_DECL_ATOMIC'
  499 | __TBB_DECL_ATOMIC(unsigned char)
      | ^~~~~~~~~~~~~~~~~

../tbb_2020.3/include/tbb/atomic.h:437:32: warning: template-id not allowed for constructor in C++20 [-Wtemplate-id-cdt
or]
  437 |             constexpr atomic<T>(const atomic<T>& rhs):                                              \
      |                                ^
../tbb_2020.3/include/tbb/atomic.h:502:1: note: in expansion of macro '__TBB_DECL_ATOMIC'
  502 | __TBB_DECL_ATOMIC(wchar_t)
      | ^~~~~~~~~~~~~~~~~
../tbb_2020.3/include/tbb/atomic.h:437:32: note: remove the '< >'
  437 |             constexpr atomic<T>(const atomic<T>& rhs):                                              \
      |                                ^
../tbb_2020.3/include/tbb/atomic.h:502:1: note: in expansion of macro '__TBB_DECL_ATOMIC'
  502 | __TBB_DECL_ATOMIC(wchar_t)
      | ^~~~~~~~~~~~~~~~~

In file included from ../tbb_2020.3/src/tbb/tbb_misc.h:22,
                 from ../tbb_2020.3/src/tbb/tbb_misc.cpp:24:
../tbb_2020.3/include/tbb/atomic.h:422:24: warning: template-id not allowed for constructor in C++20 [-Wtemplate-id-cdt
or]
  422 |     constexpr atomic<T>(const atomic<T>& rhs): internal::atomic_impl<T>(rhs) {}
      |                        ^

../tbb_2020.3/include/tbb/atomic.h:422:24: note: remove the '< >'
../tbb_2020.3/include/tbb/atomic.h:437:32: warning: template-id not allowed for constructor in C++20 [-Wtemplate-id-cdt
or]
  437 |             constexpr atomic<T>(const atomic<T>& rhs):                                              \
      |                                ^
../tbb_2020.3/include/tbb/atomic.h:454:1: note: in expansion of macro '__TBB_DECL_ATOMIC'
  454 | __TBB_DECL_ATOMIC(__TBB_LONG_LONG)
      | ^~~~~~~~~~~~~~~~~
../tbb_2020.3/include/tbb/atomic.h:437:32: note: remove the '< >'
  437 |             constexpr atomic<T>(const atomic<T>& rhs):                                              \
      |                                ^
../tbb_2020.3/include/tbb/atomic.h:454:1: note: in expansion of macro '__TBB_DECL_ATOMIC'
  454 | __TBB_DECL_ATOMIC(__TBB_LONG_LONG)
      | ^~~~~~~~~~~~~~~~~

../tbb_2020.3/include/tbb/atomic.h:437:32: warning: template-id not allowed for constructor in C++20 [-Wtemplate-id-cdt
or]
  437 |             constexpr atomic<T>(const atomic<T>& rhs):                                              \
      |                                ^
../tbb_2020.3/include/tbb/atomic.h:455:1: note: in expansion of macro '__TBB_DECL_ATOMIC'
  455 | __TBB_DECL_ATOMIC(unsigned __TBB_LONG_LONG)
      | ^~~~~~~~~~~~~~~~~
../tbb_2020.3/include/tbb/atomic.h:437:32: note: remove the '< >'
  437 |             constexpr atomic<T>(const atomic<T>& rhs):                                              \
      |                                ^
../tbb_2020.3/include/tbb/atomic.h:455:1: note: in expansion of macro '__TBB_DECL_ATOMIC'
  455 | __TBB_DECL_ATOMIC(unsigned __TBB_LONG_LONG)
      | ^~~~~~~~~~~~~~~~~

../tbb_2020.3/include/tbb/atomic.h:437:32: warning: template-id not allowed for constructor in C++20 [-Wtemplate-id-cdt
or]
  437 |             constexpr atomic<T>(const atomic<T>& rhs):                                              \
      |                                ^
../tbb_2020.3/include/tbb/atomic.h:459:1: note: in expansion of macro '__TBB_DECL_ATOMIC'
  459 | __TBB_DECL_ATOMIC(long)
      | ^~~~~~~~~~~~~~~~~

../tbb_2020.3/include/tbb/atomic.h:437:32: note: remove the '< >'
  437 |             constexpr atomic<T>(const atomic<T>& rhs):                                              \
      |                                ^
../tbb_2020.3/include/tbb/atomic.h:459:1: note: in expansion of macro '__TBB_DECL_ATOMIC'
  459 | __TBB_DECL_ATOMIC(long)
      | ^~~~~~~~~~~~~~~~~

../tbb_2020.3/include/tbb/atomic.h:437:32: warning: template-id not allowed for constructor in C++20 [-Wtemplate-id-cdt
or]
  437 |             constexpr atomic<T>(const atomic<T>& rhs):                                              \
      |                                ^
../tbb_2020.3/include/tbb/atomic.h:460:1: note: in expansion of macro '__TBB_DECL_ATOMIC'
  460 | __TBB_DECL_ATOMIC(unsigned long)
      | ^~~~~~~~~~~~~~~~~
../tbb_2020.3/include/tbb/atomic.h:437:32: note: remove the '< >'
  437 |             constexpr atomic<T>(const atomic<T>& rhs):                                              \
      |                                ^
../tbb_2020.3/include/tbb/atomic.h:460:1: note: in expansion of macro '__TBB_DECL_ATOMIC'
  460 | __TBB_DECL_ATOMIC(unsigned long)
      | ^~~~~~~~~~~~~~~~~

../tbb_2020.3/include/tbb/atomic.h:437:32: warning: template-id not allowed for constructor in C++20 [-Wtemplate-id-cdt
or]
  437 |             constexpr atomic<T>(const atomic<T>& rhs):                                              \
      |                                ^
../tbb_2020.3/include/tbb/atomic.h:491:1: note: in expansion of macro '__TBB_DECL_ATOMIC'
  491 | __TBB_DECL_ATOMIC(unsigned)
      | ^~~~~~~~~~~~~~~~~
../tbb_2020.3/include/tbb/atomic.h:437:32: note: remove the '< >'
  437 |             constexpr atomic<T>(const atomic<T>& rhs):                                              \
      |                                ^
../tbb_2020.3/include/tbb/atomic.h:491:1: note: in expansion of macro '__TBB_DECL_ATOMIC'
  491 | __TBB_DECL_ATOMIC(unsigned)
      | ^~~~~~~~~~~~~~~~~

../tbb_2020.3/include/tbb/atomic.h:437:32: warning: template-id not allowed for constructor in C++20 [-Wtemplate-id-cdt
or]
  437 |             constexpr atomic<T>(const atomic<T>& rhs):                                              \
      |                                ^
../tbb_2020.3/include/tbb/atomic.h:492:1: note: in expansion of macro '__TBB_DECL_ATOMIC'
  492 | __TBB_DECL_ATOMIC(int)
      | ^~~~~~~~~~~~~~~~~
../tbb_2020.3/include/tbb/atomic.h:437:32: note: remove the '< >'
  437 |             constexpr atomic<T>(const atomic<T>& rhs):                                              \
      |                                ^
../tbb_2020.3/include/tbb/atomic.h:492:1: note: in expansion of macro '__TBB_DECL_ATOMIC'
  492 | __TBB_DECL_ATOMIC(int)
      | ^~~~~~~~~~~~~~~~~

../tbb_2020.3/include/tbb/atomic.h:437:32: warning: template-id not allowed for constructor in C++20 [-Wtemplate-id-cdt
or]
  437 |             constexpr atomic<T>(const atomic<T>& rhs):                                              \
      |                                ^
../tbb_2020.3/include/tbb/atomic.h:495:1: note: in expansion of macro '__TBB_DECL_ATOMIC'
  495 | __TBB_DECL_ATOMIC(unsigned short)
      | ^~~~~~~~~~~~~~~~~
../tbb_2020.3/include/tbb/atomic.h:437:32: note: remove the '< >'
  437 |             constexpr atomic<T>(const atomic<T>& rhs):                                              \
      |                                ^
../tbb_2020.3/include/tbb/atomic.h:495:1: note: in expansion of macro '__TBB_DECL_ATOMIC'
  495 | __TBB_DECL_ATOMIC(unsigned short)
      | ^~~~~~~~~~~~~~~~~

../tbb_2020.3/include/tbb/atomic.h:437:32: warning: template-id not allowed for constructor in C++20 [-Wtemplate-id-cdt
or]
  437 |             constexpr atomic<T>(const atomic<T>& rhs):                                              \
      |                                ^
../tbb_2020.3/include/tbb/atomic.h:496:1: note: in expansion of macro '__TBB_DECL_ATOMIC'
  496 | __TBB_DECL_ATOMIC(short)
      | ^~~~~~~~~~~~~~~~~

../tbb_2020.3/include/tbb/atomic.h:437:32: note: remove the '< >'
  437 |             constexpr atomic<T>(const atomic<T>& rhs):                                              \
      |                                ^
../tbb_2020.3/include/tbb/atomic.h:496:1: note: in expansion of macro '__TBB_DECL_ATOMIC'
  496 | __TBB_DECL_ATOMIC(short)
      | ^~~~~~~~~~~~~~~~~

../tbb_2020.3/include/tbb/atomic.h:437:32: warning: template-id not allowed for constructor in C++20 [-Wtemplate-id-cdt
or]
  437 |             constexpr atomic<T>(const atomic<T>& rhs):                                              \
      |                                ^
../tbb_2020.3/include/tbb/atomic.h:497:1: note: in expansion of macro '__TBB_DECL_ATOMIC'
  497 | __TBB_DECL_ATOMIC(char)
      | ^~~~~~~~~~~~~~~~~
../tbb_2020.3/include/tbb/atomic.h:437:32: note: remove the '< >'
  437 |             constexpr atomic<T>(const atomic<T>& rhs):                                              \
      |                                ^
../tbb_2020.3/include/tbb/atomic.h:497:1: note: in expansion of macro '__TBB_DECL_ATOMIC'
  497 | __TBB_DECL_ATOMIC(char)
      | ^~~~~~~~~~~~~~~~~

../tbb_2020.3/include/tbb/atomic.h:437:32: warning: template-id not allowed for constructor in C++20 [-Wtemplate-id-cdt
or]
  437 |             constexpr atomic<T>(const atomic<T>& rhs):                                              \
      |                                ^
../tbb_2020.3/include/tbb/atomic.h:498:1: note: in expansion of macro '__TBB_DECL_ATOMIC'
  498 | __TBB_DECL_ATOMIC(signed char)
      | ^~~~~~~~~~~~~~~~~
../tbb_2020.3/include/tbb/atomic.h:437:32: note: remove the '< >'
  437 |             constexpr atomic<T>(const atomic<T>& rhs):                                              \
      |                                ^
../tbb_2020.3/include/tbb/atomic.h:498:1: note: in expansion of macro '__TBB_DECL_ATOMIC'
  498 | __TBB_DECL_ATOMIC(signed char)
      | ^~~~~~~~~~~~~~~~~

../tbb_2020.3/include/tbb/atomic.h:437:32: warning: template-id not allowed for constructor in C++20 [-Wtemplate-id-cdt
or]
  437 |             constexpr atomic<T>(const atomic<T>& rhs):                                              \
      |                                ^
../tbb_2020.3/include/tbb/atomic.h:499:1: note: in expansion of macro '__TBB_DECL_ATOMIC'
  499 | __TBB_DECL_ATOMIC(unsigned char)
      | ^~~~~~~~~~~~~~~~~

../tbb_2020.3/include/tbb/atomic.h:437:32: note: remove the '< >'
  437 |             constexpr atomic<T>(const atomic<T>& rhs):                                              \
      |                                ^
../tbb_2020.3/include/tbb/atomic.h:499:1: note: in expansion of macro '__TBB_DECL_ATOMIC'
  499 | __TBB_DECL_ATOMIC(unsigned char)
      | ^~~~~~~~~~~~~~~~~
../tbb_2020.3/include/tbb/atomic.h:437:32: warning: template-id not allowed for constructor in C++20 [-Wtemplate-id-cdt
or]
  437 |             constexpr atomic<T>(const atomic<T>& rhs):                                              \
      |                                ^
../tbb_2020.3/include/tbb/atomic.h:502:1: note: in expansion of macro '__TBB_DECL_ATOMIC'
  502 | __TBB_DECL_ATOMIC(wchar_t)
      | ^~~~~~~~~~~~~~~~~
../tbb_2020.3/include/tbb/atomic.h:437:32: note: remove the '< >'
  437 |             constexpr atomic<T>(const atomic<T>& rhs):                                              \
      |                                ^
../tbb_2020.3/include/tbb/atomic.h:502:1: note: in expansion of macro '__TBB_DECL_ATOMIC'
  502 | __TBB_DECL_ATOMIC(wchar_t)
      | ^~~~~~~~~~~~~~~~~

t
ask.o: duplicate section `.rdata$_ZTIN3tbb4taskE[_ZTIN3tbb4taskE]' has different size


arena.o: duplicate section `.rdata$_ZTIN3tbb4taskE[_ZTIN3tbb4taskE]' has different size


s
cheduler.o: duplicate section `.rdata$_ZTIN3tbb4taskE[_ZTIN3tbb4taskE]' has different size


* Finished installing CmdStan to C:/work/cmdstan/cmdstan-2.40.0

CmdStan path set to: C:/work/cmdstan/cmdstan-2.40.0
install_cmdstan ok: TRUE 
cmdstan path: C:/work/cmdstan/cmdstan-2.40.0 
cmdstan version: 2.40.0 
