path,category,bytes,attributes,head_blob
.Rhistory,被Git忽略（本轮未证明其他历史或分支是否含有）,1176,32,
.Rproj.user/D05357A7/persistent-state,被Git忽略（本轮未证明其他历史或分支是否含有）,635,32,
.Rproj.user/D05357A7/rmd-outputs,被Git忽略（本轮未证明其他历史或分支是否含有）,5,32,
.Rproj.user/D05357A7/saved_source_markers,被Git忽略（本轮未证明其他历史或分支是否含有）,27,32,
.Rproj.user/D05357A7/jobs/17944C23-output.json,被Git忽略（本轮未证明其他历史或分支是否含有）,804,32,
.Rproj.user/D05357A7/jobs/596D3E40-output.json,被Git忽略（本轮未证明其他历史或分支是否含有）,1199,32,
.Rproj.user/D05357A7/jobs/9676F4F2-output.json,被Git忽略（本轮未证明其他历史或分支是否含有）,3064,32,
.Rproj.user/D05357A7/jobs/B7146324-output.json,被Git忽略（本轮未证明其他历史或分支是否含有）,1152,32,
.Rproj.user/D05357A7/jobs/C4A105B8-output.json,被Git忽略（本轮未证明其他历史或分支是否含有）,1152,32,
.Rproj.user/D05357A7/jobs/CC6AE223-output.json,被Git忽略（本轮未证明其他历史或分支是否含有）,1274,32,
.Rproj.user/D05357A7/jobs/DD81B74B-output.json,被Git忽略（本轮未证明其他历史或分支是否含有）,1172,32,
.Rproj.user/D05357A7/jobs/E562C0A5-output.json,被Git忽略（本轮未证明其他历史或分支是否含有）,4013,32,
.Rproj.user/D05357A7/jobs/F2803005-output.json,被Git忽略（本轮未证明其他历史或分支是否含有）,811,32,
.Rproj.user/D05357A7/pcs/debug-breakpoints.pper,被Git忽略（本轮未证明其他历史或分支是否含有）,66,32,
.Rproj.user/D05357A7/pcs/files-pane.pper,被Git忽略（本轮未证明其他历史或分支是否含有）,299,32,
.Rproj.user/D05357A7/pcs/packages-pane.pper,被Git忽略（本轮未证明其他历史或分支是否含有）,184,32,
.Rproj.user/D05357A7/pcs/source-pane.pper,被Git忽略（本轮未证明其他历史或分支是否含有）,36,32,
.Rproj.user/D05357A7/pcs/windowlayoutstate.pper,被Git忽略（本轮未证明其他历史或分支是否含有）,289,32,
.Rproj.user/D05357A7/pcs/workbench-pane.pper,被Git忽略（本轮未证明其他历史或分支是否含有）,75,32,
.Rproj.user/D05357A7/quarto-crossref/164992C9,被Git忽略（本轮未证明其他历史或分支是否含有）,8802,32,
.Rproj.user/D05357A7/quarto-crossref/1BB3EE5F,被Git忽略（本轮未证明其他历史或分支是否含有）,4877,32,
.Rproj.user/D05357A7/quarto-crossref/38271322,被Git忽略（本轮未证明其他历史或分支是否含有）,2863,32,
.Rproj.user/D05357A7/quarto-crossref/418A404E,被Git忽略（本轮未证明其他历史或分支是否含有）,30769,32,
.Rproj.user/D05357A7/quarto-crossref/6CB7ACB7,被Git忽略（本轮未证明其他历史或分支是否含有）,5608,32,
.Rproj.user/D05357A7/quarto-crossref/B1F250AB,被Git忽略（本轮未证明其他历史或分支是否含有）,11634,32,
.Rproj.user/D05357A7/quarto-crossref/E4A5A4B9,被Git忽略（本轮未证明其他历史或分支是否含有）,61650,32,
.Rproj.user/D05357A7/quarto-crossref/F2E0B0DB,被Git忽略（本轮未证明其他历史或分支是否含有）,28669,32,
.Rproj.user/D05357A7/quarto-crossref/INDEX,被Git忽略（本轮未证明其他历史或分支是否含有）,1838,32,
.Rproj.user/D05357A7/sources/prop/0724F4E5,被Git忽略（本轮未证明其他历史或分支是否含有）,84,32,
.Rproj.user/D05357A7/sources/prop/0BFDB180,被Git忽略（本轮未证明其他历史或分支是否含有）,144,32,
.Rproj.user/D05357A7/sources/prop/15DEC726,被Git忽略（本轮未证明其他历史或分支是否含有）,107,32,
.Rproj.user/D05357A7/sources/prop/1B69A855,被Git忽略（本轮未证明其他历史或分支是否含有）,137,32,
.Rproj.user/D05357A7/sources/prop/299F6164,被Git忽略（本轮未证明其他历史或分支是否含有）,107,32,
.Rproj.user/D05357A7/sources/prop/2D28CC47,被Git忽略（本轮未证明其他历史或分支是否含有）,108,32,
.Rproj.user/D05357A7/sources/prop/36C3FD47,被Git忽略（本轮未证明其他历史或分支是否含有）,107,32,
.Rproj.user/D05357A7/sources/prop/3D7B8733,被Git忽略（本轮未证明其他历史或分支是否含有）,136,32,
.Rproj.user/D05357A7/sources/prop/405184EC,被Git忽略（本轮未证明其他历史或分支是否含有）,54,32,
.Rproj.user/D05357A7/sources/prop/44897D40,被Git忽略（本轮未证明其他历史或分支是否含有）,142,32,
.Rproj.user/D05357A7/sources/prop/4FE6C787,被Git忽略（本轮未证明其他历史或分支是否含有）,54,32,
.Rproj.user/D05357A7/sources/prop/60746FD6,被Git忽略（本轮未证明其他历史或分支是否含有）,136,32,
.Rproj.user/D05357A7/sources/prop/6429158B,被Git忽略（本轮未证明其他历史或分支是否含有）,106,32,
.Rproj.user/D05357A7/sources/prop/692880A5,被Git忽略（本轮未证明其他历史或分支是否含有）,108,32,
.Rproj.user/D05357A7/sources/prop/7194E4C3,被Git忽略（本轮未证明其他历史或分支是否含有）,106,32,
.Rproj.user/D05357A7/sources/prop/72B4E2E1,被Git忽略（本轮未证明其他历史或分支是否含有）,110,32,
.Rproj.user/D05357A7/sources/prop/79EEB665,被Git忽略（本轮未证明其他历史或分支是否含有）,54,32,
.Rproj.user/D05357A7/sources/prop/8746109C,被Git忽略（本轮未证明其他历史或分支是否含有）,136,32,
.Rproj.user/D05357A7/sources/prop/8D744908,被Git忽略（本轮未证明其他历史或分支是否含有）,54,32,
.Rproj.user/D05357A7/sources/prop/90B68459,被Git忽略（本轮未证明其他历史或分支是否含有）,107,32,
.Rproj.user/D05357A7/sources/prop/97061A76,被Git忽略（本轮未证明其他历史或分支是否含有）,54,32,
.Rproj.user/D05357A7/sources/prop/9807F9FF,被Git忽略（本轮未证明其他历史或分支是否含有）,54,32,
.Rproj.user/D05357A7/sources/prop/9B4E6BA1,被Git忽略（本轮未证明其他历史或分支是否含有）,110,32,
.Rproj.user/D05357A7/sources/prop/A19517CE,被Git忽略（本轮未证明其他历史或分支是否含有）,138,32,
.Rproj.user/D05357A7/sources/prop/AEC3F4A7,被Git忽略（本轮未证明其他历史或分支是否含有）,109,32,
.Rproj.user/D05357A7/sources/prop/CBC89FCE,被Git忽略（本轮未证明其他历史或分支是否含有）,142,32,
.Rproj.user/D05357A7/sources/prop/CFE861D8,被Git忽略（本轮未证明其他历史或分支是否含有）,107,32,
.Rproj.user/D05357A7/sources/prop/D08CBFB2,被Git忽略（本轮未证明其他历史或分支是否含有）,137,32,
.Rproj.user/D05357A7/sources/prop/D1FCA012,被Git忽略（本轮未证明其他历史或分支是否含有）,106,32,
.Rproj.user/D05357A7/sources/prop/DC22BDCC,被Git忽略（本轮未证明其他历史或分支是否含有）,142,32,
.Rproj.user/D05357A7/sources/prop/E4970AB8,被Git忽略（本轮未证明其他历史或分支是否含有）,136,32,
.Rproj.user/D05357A7/sources/prop/E5E12247,被Git忽略（本轮未证明其他历史或分支是否含有）,54,32,
.Rproj.user/D05357A7/sources/prop/E7C4204F,被Git忽略（本轮未证明其他历史或分支是否含有）,54,32,
.Rproj.user/D05357A7/sources/prop/F6D0449E,被Git忽略（本轮未证明其他历史或分支是否含有）,54,32,
.Rproj.user/D05357A7/sources/prop/F90B904C,被Git忽略（本轮未证明其他历史或分支是否含有）,54,32,
.Rproj.user/D05357A7/sources/prop/FE8C63A5,被Git忽略（本轮未证明其他历史或分支是否含有）,54,32,
.Rproj.user/D05357A7/sources/prop/INDEX,被Git忽略（本轮未证明其他历史或分支是否含有）,6581,32,
.Rproj.user/D05357A7/sources/session-43db8217/3433D0D2,被Git忽略（本轮未证明其他历史或分支是否含有）,844,32,
.Rproj.user/D05357A7/sources/session-43db8217/3433D0D2-contents,被Git忽略（本轮未证明其他历史或分支是否含有）,551275,32,
.Rproj.user/D05357A7/sources/session-43db8217/3ED97F0C-contents,被Git忽略（本轮未证明其他历史或分支是否含有）,365299,32,
.Rproj.user/D05357A7/sources/session-43db8217/597E709B,被Git忽略（本轮未证明其他历史或分支是否含有）,1078,32,
.Rproj.user/D05357A7/sources/session-43db8217/597E709B-contents,被Git忽略（本轮未证明其他历史或分支是否含有）,0,32,
.Rproj.user/D05357A7/sources/session-43db8217/5FE627C3,被Git忽略（本轮未证明其他历史或分支是否含有）,746,32,
.Rproj.user/D05357A7/sources/session-43db8217/5FE627C3-contents,被Git忽略（本轮未证明其他历史或分支是否含有）,6899,32,
.Rproj.user/D05357A7/sources/session-43db8217/7E414331-contents,被Git忽略（本轮未证明其他历史或分支是否含有）,634114,32,
.Rproj.user/D05357A7/sources/session-43db8217/81D4F2A2-contents,被Git忽略（本轮未证明其他历史或分支是否含有）,8249,32,
.Rproj.user/D05357A7/sources/session-43db8217/86A0175D-contents,被Git忽略（本轮未证明其他历史或分支是否含有）,613377,32,
.Rproj.user/D05357A7/sources/session-43db8217/87849E2B,被Git忽略（本轮未证明其他历史或分支是否含有）,765,32,
.Rproj.user/D05357A7/sources/session-43db8217/87849E2B-contents,被Git忽略（本轮未证明其他历史或分支是否含有）,1565272,32,
.Rproj.user/D05357A7/sources/session-43db8217/9C835E9F-contents,被Git忽略（本轮未证明其他历史或分支是否含有）,8968,32,
.Rproj.user/D05357A7/sources/session-43db8217/A12BA4D7,被Git忽略（本轮未证明其他历史或分支是否含有）,743,32,
.Rproj.user/D05357A7/sources/session-43db8217/A12BA4D7-contents,被Git忽略（本轮未证明其他历史或分支是否含有）,2336,32,
.Rproj.user/D05357A7/sources/session-43db8217/D28C6E3E,被Git忽略（本轮未证明其他历史或分支是否含有）,740,32,
.Rproj.user/D05357A7/sources/session-43db8217/D28C6E3E-contents,被Git忽略（本轮未证明其他历史或分支是否含有）,9592,32,
.Rproj.user/D05357A7/sources/session-43db8217/E692E788-contents,被Git忽略（本轮未证明其他历史或分支是否含有）,360165,32,
.Rproj.user/D05357A7/sources/session-43db8217/EC7A39EF-contents,被Git忽略（本轮未证明其他历史或分支是否含有）,0,32,
.Rproj.user/D05357A7/sources/session-43db8217/lock_file,被Git忽略（本轮未证明其他历史或分支是否含有）,0,32,
.Rproj.user/shared/notebooks/patch-chunk-names,被Git忽略（本轮未证明其他历史或分支是否含有）,0,32,
.Rproj.user/shared/notebooks/paths,被Git忽略（本轮未证明其他历史或分支是否含有）,3857,32,
.Rproj.user/shared/notebooks/35D5B283-優化並强化現有資源_視窗10版/1/s/chunks.json,被Git忽略（本轮未证明其他历史或分支是否含有）,52,32,
.Rproj.user/shared/notebooks/67D0FB9C-電腦已昇級至視窗11版（工欲善其事必先利其器）/1/D05357A739cca528/chunks.json,被Git忽略（本轮未证明其他历史或分支是否含有）,52,32,
.Rproj.user/shared/notebooks/67D0FB9C-電腦已昇級至視窗11版（工欲善其事必先利其器）/1/D05357A743db8217/chunks.json,被Git忽略（本轮未证明其他历史或分支是否含有）,52,32,
.Rproj.user/shared/notebooks/67D0FB9C-電腦已昇級至視窗11版（工欲善其事必先利其器）/1/D05357A77cf86d20/chunks.json,被Git忽略（本轮未证明其他历史或分支是否含有）,52,32,
.Rproj.user/shared/notebooks/67D0FB9C-電腦已昇級至視窗11版（工欲善其事必先利其器）/1/D05357A784c5a60a/chunks.json,被Git忽略（本轮未证明其他历史或分支是否含有）,52,32,
.Rproj.user/shared/notebooks/67D0FB9C-電腦已昇級至視窗11版（工欲善其事必先利其器）/1/D05357A7fce4caf6/chunks.json,被Git忽略（本轮未证明其他历史或分支是否含有）,52,32,
.Rproj.user/shared/notebooks/67D0FB9C-電腦已昇級至視窗11版（工欲善其事必先利其器）/1/D05357A7ff2218d4/chunks.json,被Git忽略（本轮未证明其他历史或分支是否含有）,52,32,
.Rproj.user/shared/notebooks/67D0FB9C-電腦已昇級至視窗11版（工欲善其事必先利其器）/1/s/chunks.json,被Git忽略（本轮未证明其他历史或分支是否含有）,52,32,
.Rproj.user/shared/notebooks/8E822BE0-優化並强化現有資源_視窗10版（提問一）/1/D05357A73d46104/chunks.json,被Git忽略（本轮未证明其他历史或分支是否含有）,52,32,
.Rproj.user/shared/notebooks/8E822BE0-優化並强化現有資源_視窗10版（提問一）/1/s/chunks.json,被Git忽略（本轮未证明其他历史或分支是否含有）,52,32,
.Rproj.user/shared/notebooks/9231B8BA-人工智能解答的模板/1/s/chunks.json,被Git忽略（本轮未证明其他历史或分支是否含有）,52,32,
.Rproj.user/shared/notebooks/A232493F-_大秦赋算筹_v1_2_2/1/D05357A7a4d47637/chunks.json,被Git忽略（本轮未证明其他历史或分支是否含有）,52,32,
.Rproj.user/shared/notebooks/A232493F-_大秦赋算筹_v1_2_2/1/s/chunks.json,被Git忽略（本轮未证明其他历史或分支是否含有）,52,32,
.Rproj.user/shared/notebooks/D11E3AD2-Inteligent_egaming_platform_ref_v000.000.001/1/D05357A727865c01/chunks.json,被Git忽略（本轮未证明其他历史或分支是否含有）,52,32,
.Rproj.user/shared/notebooks/D11E3AD2-Inteligent_egaming_platform_ref_v000.000.001/1/D05357A739cca528/chunks.json,被Git忽略（本轮未证明其他历史或分支是否含有）,52,32,
.Rproj.user/shared/notebooks/D11E3AD2-Inteligent_egaming_platform_ref_v000.000.001/1/D05357A743db8217/chunks.json,被Git忽略（本轮未证明其他历史或分支是否含有）,52,32,
.Rproj.user/shared/notebooks/D11E3AD2-Inteligent_egaming_platform_ref_v000.000.001/1/D05357A77cf86d20/chunks.json,被Git忽略（本轮未证明其他历史或分支是否含有）,52,32,
.Rproj.user/shared/notebooks/D11E3AD2-Inteligent_egaming_platform_ref_v000.000.001/1/D05357A784c5a60a/chunks.json,被Git忽略（本轮未证明其他历史或分支是否含有）,52,32,
.Rproj.user/shared/notebooks/D11E3AD2-Inteligent_egaming_platform_ref_v000.000.001/1/D05357A78f19f490/chunks.json,被Git忽略（本轮未证明其他历史或分支是否含有）,52,32,
.Rproj.user/shared/notebooks/D11E3AD2-Inteligent_egaming_platform_ref_v000.000.001/1/D05357A7a4d47637/chunks.json,被Git忽略（本轮未证明其他历史或分支是否含有）,52,32,
.Rproj.user/shared/notebooks/D11E3AD2-Inteligent_egaming_platform_ref_v000.000.001/1/D05357A7da424fa/chunks.json,被Git忽略（本轮未证明其他历史或分支是否含有）,52,32,
.Rproj.user/shared/notebooks/D11E3AD2-Inteligent_egaming_platform_ref_v000.000.001/1/D05357A7fce4caf6/chunks.json,被Git忽略（本轮未证明其他历史或分支是否含有）,52,32,
.Rproj.user/shared/notebooks/D11E3AD2-Inteligent_egaming_platform_ref_v000.000.001/1/D05357A7ff2218d4/chunks.json,被Git忽略（本轮未证明其他历史或分支是否含有）,52,32,
.Rproj.user/shared/notebooks/D11E3AD2-Inteligent_egaming_platform_ref_v000.000.001/1/s/chunks.json,被Git忽略（本轮未证明其他历史或分支是否含有）,52,32,
.Rproj.user/shared/notebooks/E4CD1206-優化並强化現有資源_視窗10版之Claude篇/1/D05357A73d46104/chunks.json,被Git忽略（本轮未证明其他历史或分支是否含有）,52,32,
.Rproj.user/shared/notebooks/E4CD1206-優化並强化現有資源_視窗10版之Claude篇/1/s/chunks.json,被Git忽略（本轮未证明其他历史或分支是否含有）,52,32,
reports/app-space-20261002.csv,被Git忽略（本轮未证明其他历史或分支是否含有）,16383,32,
reports/app-space-20261002.json,被Git忽略（本轮未证明其他历史或分支是否含有）,28367,32,
reports/app-space-20261002.py,被Git忽略（本轮未证明其他历史或分支是否含有）,2257,32,
reports/category-space-20261002.json,被Git忽略（本轮未证明其他历史或分支是否含有）,5144,32,
reports/category-space-20261002.py,被Git忽略（本轮未证明其他历史或分支是否含有）,3497,32,
reports/codex-app-size-20261002.json,被Git忽略（本轮未证明其他历史或分支是否含有）,168,32,
reports/ime-capabilities-20260927.json,被Git忽略（本轮未证明其他历史或分支是否含有）,1104,32,
reports/ime-codepage-before.json,被Git忽略（本轮未证明其他历史或分支是否含有）,50,32,
reports/ime-download-diagnosis-20260927.md,被Git忽略（本轮未证明其他历史或分支是否含有）,2066,32,
reports/ime-install-dism.log,被Git忽略（本轮未证明其他历史或分支是否含有）,24875,32,
reports/ime-install-results.json,被Git忽略（本轮未证明其他历史或分支是否含有）,589,32,
reports/ime-status-1733.json,被Git忽略（本轮未证明其他历史或分支是否含有）,1228,32,
reports/Install-LanguageFeatures-20260927.ps1,被Git忽略（本轮未证明其他历史或分支是否含有）,2800,32,
reports/microsoft-apps-20261002.json,被Git忽略（本轮未证明其他历史或分支是否含有）,19186,32,
reports/space-20261002.json,被Git忽略（本轮未证明其他历史或分支是否含有）,3813,32,
reports/space-20261002.py,被Git忽略（本轮未证明其他历史或分支是否含有）,3557,32,
reports/space-summary-20261002.md,被Git忽略（本轮未证明其他历史或分支是否含有）,3236,32,
reports/speedtest-evidence-20260930.md,被Git忽略（本轮未证明其他历史或分支是否含有）,2161,32,
reports/分类空间清单-20261002.md,被Git忽略（本轮未证明其他历史或分支是否含有）,3984,32,
reports/2026-09-21/00_metadata.csv,被Git忽略（本轮未证明其他历史或分支是否含有）,331,32,
reports/2026-09-21/00_metadata.json,被Git忽略（本轮未证明其他历史或分支是否含有）,395,32,
reports/2026-09-21/00_summary.md,被Git忽略（本轮未证明其他历史或分支是否含有）,3432,32,
reports/2026-09-21/01_system.csv,被Git忽略（本轮未证明其他历史或分支是否含有）,410,32,
reports/2026-09-21/01_system.json,被Git忽略（本轮未证明其他历史或分支是否含有）,523,32,
reports/2026-09-21/02_cpu.csv,被Git忽略（本轮未证明其他历史或分支是否含有）,265,32,
reports/2026-09-21/02_cpu.json,被Git忽略（本轮未证明其他历史或分支是否含有）,321,32,
reports/2026-09-21/03_memory.csv,被Git忽略（本轮未证明其他历史或分支是否含有）,182,32,
reports/2026-09-21/03_memory.json,被Git忽略（本轮未证明其他历史或分支是否含有）,336,32,
reports/2026-09-21/04_gpu.csv,被Git忽略（本轮未证明其他历史或分支是否含有）,181,32,
reports/2026-09-21/04_gpu.json,被Git忽略（本轮未证明其他历史或分支是否含有）,229,32,
reports/2026-09-21/05_bios.csv,被Git忽略（本轮未证明其他历史或分支是否含有）,114,32,
reports/2026-09-21/05_bios.json,被Git忽略（本轮未证明其他历史或分支是否含有）,143,32,
reports/2026-09-21/06_volumes.csv,被Git忽略（本轮未证明其他历史或分支是否含有）,97,32,
reports/2026-09-21/06_volumes.json,被Git忽略（本轮未证明其他历史或分支是否含有）,140,32,
reports/2026-09-21/07_disks.csv,被Git忽略（本轮未证明其他历史或分支是否含有）,138,32,
reports/2026-09-21/07_disks.json,被Git忽略（本轮未证明其他历史或分支是否含有）,192,32,
reports/2026-09-21/08_pagefile.csv,被Git忽略（本轮未证明其他历史或分支是否含有）,114,32,
reports/2026-09-21/08_pagefile.json,被Git忽略（本轮未证明其他历史或分支是否含有）,156,32,
reports/2026-09-21/09_updates.csv,被Git忽略（本轮未证明其他历史或分支是否含有）,514,32,
reports/2026-09-21/09_updates.json,被Git忽略（本轮未证明其他历史或分支是否含有）,844,32,
reports/2026-09-21/10_reboot.csv,被Git忽略（本轮未证明其他历史或分支是否含有）,67,32,
reports/2026-09-21/10_reboot.json,被Git忽略（本轮未证明其他历史或分支是否含有）,96,32,
reports/2026-09-21/11_software.csv,被Git忽略（本轮未证明其他历史或分支是否含有）,11061,32,
reports/2026-09-21/11_software.json,被Git忽略（本轮未证明其他历史或分支是否含有）,25483,32,
reports/2026-09-21/12_appx_current_user.csv,被Git忽略（本轮未证明其他历史或分支是否含有）,10846,32,
reports/2026-09-21/12_appx_current_user.json,被Git忽略（本轮未证明其他历史或分支是否含有）,28644,32,
reports/2026-09-21/13_startup.csv,被Git忽略（本轮未证明其他历史或分支是否含有）,802,32,
reports/2026-09-21/13_startup.json,被Git忽略（本轮未证明其他历史或分支是否含有）,1111,32,
reports/2026-09-21/14_services.csv,被Git忽略（本轮未证明其他历史或分支是否含有）,21121,32,
reports/2026-09-21/14_services.json,被Git忽略（本轮未证明其他历史或分支是否含有）,51780,32,
reports/2026-09-21/15_scheduled_tasks.csv,被Git忽略（本轮未证明其他历史或分支是否含有）,14312,32,
reports/2026-09-21/15_scheduled_tasks.json,被Git忽略（本轮未证明其他历史或分支是否含有）,27391,32,
reports/2026-09-21/16_defender.csv,被Git忽略（本轮未证明其他历史或分支是否含有）,324,32,
reports/2026-09-21/16_defender.json,被Git忽略（本轮未证明其他历史或分支是否含有）,394,32,
reports/2026-09-21/17_antivirus.csv,被Git忽略（本轮未证明其他历史或分支是否含有）,111,32,
reports/2026-09-21/17_antivirus.json,被Git忽略（本轮未证明其他历史或分支是否含有）,187,32,
reports/2026-09-21/18_firewall.csv,被Git忽略（本轮未证明其他历史或分支是否含有）,141,32,
reports/2026-09-21/18_firewall.json,被Git忽略（本轮未证明其他历史或分支是否含有）,373,32,
reports/2026-09-21/19_secure_boot.json,被Git忽略（本轮未证明其他历史或分支是否含有）,5,32,
reports/2026-09-21/20_tpm.csv,被Git忽略（本轮未证明其他历史或分支是否含有）,101,32,
reports/2026-09-21/20_tpm.json,被Git忽略（本轮未证明其他历史或分支是否含有）,181,32,
reports/2026-09-21/21_tpm_specification.json,被Git忽略（本轮未证明其他历史或分支是否含有）,5,32,
reports/2026-09-21/22_bitlocker.json,被Git忽略（本轮未证明其他历史或分支是否含有）,5,32,
reports/2026-09-21/23_security_settings.csv,被Git忽略（本轮未证明其他历史或分支是否含有）,104,32,
reports/2026-09-21/23_security_settings.json,被Git忽略（本轮未证明其他历史或分支是否含有）,138,32,
reports/2026-09-21/24_device_guard.csv,被Git忽略（本轮未证明其他历史或分支是否含有）,181,32,
reports/2026-09-21/24_device_guard.json,被Git忽略（本轮未证明其他历史或分支是否含有）,271,32,
reports/2026-09-21/25_optional_features.json,被Git忽略（本轮未证明其他历史或分支是否含有）,5,32,
reports/2026-09-21/26_smb.csv,被Git忽略（本轮未证明其他历史或分支是否含有）,128,32,
reports/2026-09-21/26_smb.json,被Git忽略（本轮未证明其他历史或分支是否含有）,162,32,
reports/2026-09-21/27_settings.csv,被Git忽略（本轮未证明其他历史或分支是否含有）,145,32,
reports/2026-09-21/27_settings.json,被Git忽略（本轮未证明其他历史或分支是否含有）,199,32,
reports/2026-09-21/28_execution_policy.csv,被Git忽略（本轮未证明其他历史或分支是否含有）,160,32,
reports/2026-09-21/28_execution_policy.json,被Git忽略（本轮未证明其他历史或分支是否含有）,384,32,
reports/2026-09-21/29_odbc.csv,被Git忽略（本轮未证明其他历史或分支是否含有）,1049,32,
reports/2026-09-21/29_odbc.json,被Git忽略（本轮未证明其他历史或分支是否含有）,1938,32,
reports/2026-09-21/30_windows_licensing.csv,被Git忽略（本轮未证明其他历史或分支是否含有）,166,32,
reports/2026-09-21/30_windows_licensing.json,被Git忽略（本轮未证明其他历史或分支是否含有）,204,32,
reports/2026-09-21/31_editor_extensions.csv,被Git忽略（本轮未证明其他历史或分支是否含有）,1167,32,
reports/2026-09-21/31_editor_extensions.json,被Git忽略（本轮未证明其他历史或分支是否含有）,2074,32,
reports/2026-09-21/32_events.csv,被Git忽略（本轮未证明其他历史或分支是否含有）,94,32,
reports/2026-09-21/32_events.json,被Git忽略（本轮未证明其他历史或分支是否含有）,156,32,
reports/2026-09-21/33_power_plan.csv,被Git忽略（本轮未证明其他历史或分支是否含有）,105,32,
reports/2026-09-21/33_power_plan.json,被Git忽略（本轮未证明其他历史或分支是否含有）,126,32,
reports/2026-09-21/34_registered_interpreters.csv,被Git忽略（本轮未证明其他历史或分支是否含有）,211,32,
reports/2026-09-21/34_registered_interpreters.json,被Git忽略（本轮未证明其他历史或分支是否含有）,337,32,
reports/2026-09-21/35_runtimes.csv,被Git忽略（本轮未证明其他历史或分支是否含有）,2508,32,
reports/2026-09-21/35_runtimes.json,被Git忽略（本轮未证明其他历史或分支是否含有）,4721,32,
reports/2026-09-21/36_python_environments.csv,被Git忽略（本轮未证明其他历史或分支是否含有）,1972,32,
reports/2026-09-21/36_python_environments.json,被Git忽略（本轮未证明其他历史或分支是否含有）,2899,32,
reports/2026-09-21/37_python_packages.csv,被Git忽略（本轮未证明其他历史或分支是否含有）,39511,32,
reports/2026-09-21/37_python_packages.json,被Git忽略（本轮未证明其他历史或分支是否含有）,72346,32,
reports/2026-09-21/38_r_environments.csv,被Git忽略（本轮未证明其他历史或分支是否含有）,810,32,
reports/2026-09-21/38_r_environments.json,被Git忽略（本轮未证明其他历史或分支是否含有）,1172,32,
reports/2026-09-21/39_r_packages.csv,被Git忽略（本轮未证明其他历史或分支是否含有）,119344,32,
reports/2026-09-21/39_r_packages.json,被Git忽略（本轮未证明其他历史或分支是否含有）,187856,32,
reports/2026-09-21/90_findings.csv,被Git忽略（本轮未证明其他历史或分支是否含有）,829,32,
reports/2026-09-21/90_findings.json,被Git忽略（本轮未证明其他历史或分支是否含有）,1084,32,
reports/2026-09-21/91_probe_status.csv,被Git忽略（本轮未证明其他历史或分支是否含有）,5623,32,
reports/2026-09-21/91_probe_status.json,被Git忽略（本轮未证明其他历史或分支是否含有）,10494,32,
reports/2026-09-21/gpu-hardware-id.json,被Git忽略（本轮未证明其他历史或分支是否含有）,622,32,
reports/2026-09-21/inventory.json,被Git忽略（本轮未证明其他历史或分支是否含有）,453277,32,
reports/2026-09-21/quarto-check.log,被Git忽略（本轮未证明其他历史或分支是否含有）,784,32,
reports/2026-09-21/quarto-verified.html,被Git忽略（本轮未证明其他历史或分支是否含有）,27414,32,
reports/2026-09-21/r-check.log,被Git忽略（本轮未证明其他历史或分支是否含有）,777,32,
reports/2026-09-21/r-check.parquet,被Git忽略（本轮未证明其他历史或分支是否含有）,400408,32,
reports/2026-09-21/r-check.R,被Git忽略（本轮未证明其他历史或分支是否含有）,1772,32,
reports/2026-09-21/r-environment-verified.csv,被Git忽略（本轮未证明其他历史或分支是否含有）,265,32,
reports/2026-09-21/r-package-snapshot.csv,被Git忽略（本轮未证明其他历史或分支是否含有）,43330,32,
reports/2026-09-21/r-packages-verified.csv,被Git忽略（本轮未证明其他历史或分支是否含有）,43330,32,
reports/2026-09-21/r-result.json,被Git忽略（本轮未证明其他历史或分支是否含有）,187,32,
reports/2026-09-21/RESULTS.md,被Git忽略（本轮未证明其他历史或分支是否含有）,8503,32,
reports/2026-09-21/winget-upgrades.txt,被Git忽略（本轮未证明其他历史或分支是否含有）,1203,32,
reports/2026-09-21/_probe_python.py,被Git忽略（本轮未证明其他历史或分支是否含有）,1301,32,
reports/2026-09-21/_probe_r.R,被Git忽略（本轮未证明其他历史或分支是否含有）,409,32,
reports/2026-09-21/_r_environment_1.csv,被Git忽略（本轮未证明其他历史或分支是否含有）,264,32,
reports/2026-09-21/_r_environment_2.csv,被Git忽略（本轮未证明其他历史或分支是否含有）,264,32,
reports/2026-09-21/_r_packages_1.csv,被Git忽略（本轮未证明其他历史或分支是否含有）,43330,32,
reports/2026-09-21/_r_packages_2.csv,被Git忽略（本轮未证明其他历史或分支是否含有）,43330,32,
reports/2026-09-21/check_files/libs/bootstrap/bootstrap-215b371544c282197b31c8aa00ce3677.min.css,被Git忽略（本轮未证明其他历史或分支是否含有）,431263,32,
reports/2026-09-21/check_files/libs/bootstrap/bootstrap-icons.css,被Git忽略（本轮未证明其他历史或分支是否含有）,99464,32,
reports/2026-09-21/check_files/libs/bootstrap/bootstrap-icons.woff,被Git忽略（本轮未证明其他历史或分支是否含有）,180288,32,
reports/2026-09-21/check_files/libs/bootstrap/bootstrap.min.js,被Git忽略（本轮未证明其他历史或分支是否含有）,80668,32,
reports/2026-09-21/check_files/libs/clipboard/clipboard.min.js,被Git忽略（本轮未证明其他历史或分支是否含有）,9160,32,
reports/2026-09-21/check_files/libs/quarto-html/anchor.min.js,被Git忽略（本轮未证明其他历史或分支是否含有）,5888,32,
reports/2026-09-21/check_files/libs/quarto-html/popper.min.js,被Git忽略（本轮未证明其他历史或分支是否含有）,20084,32,
reports/2026-09-21/check_files/libs/quarto-html/quarto-syntax-highlighting-64a204ab8560d761af7679ceaba22944.css,被Git忽略（本轮未证明其他历史或分支是否含有）,3678,32,
reports/2026-09-21/check_files/libs/quarto-html/quarto.js,被Git忽略（本轮未证明其他历史或分支是否含有）,26830,32,
reports/2026-09-21/check_files/libs/quarto-html/tippy.css,被Git忽略（本轮未证明其他历史或分支是否含有）,1409,32,
reports/2026-09-21/check_files/libs/quarto-html/tippy.umd.min.js,被Git忽略（本轮未证明其他历史或分支是否含有）,24033,32,
reports/2026-09-21/check_files/libs/quarto-html/tabsets/tabsets.js,被Git忽略（本轮未证明其他历史或分支是否含有）,2882,32,
reports/2026-09-21/completion/benchmark.parquet,被Git忽略（本轮未证明其他历史或分支是否含有）,1062262,32,
reports/2026-09-21/completion/benchmark.py,被Git忽略（本轮未证明其他历史或分支是否含有）,1849,32,
reports/2026-09-21/completion/driver-changes.json,被Git忽略（本轮未证明其他历史或分支是否含有）,4361,32,
reports/2026-09-21/completion/driver-version-validation.json,被Git忽略（本轮未证明其他历史或分支是否含有）,212,32,
reports/2026-09-21/completion/drivers-after.csv,被Git忽略（本轮未证明其他历史或分支是否含有）,14149,32,
reports/2026-09-21/completion/ds-dependency-check.txt,被Git忽略（本轮未证明其他历史或分支是否含有）,1613,32,
reports/2026-09-21/completion/edge-dom.html,被Git忽略（本轮未证明其他历史或分支是否含有）,185,32,
reports/2026-09-21/completion/edge-final-dom.html,被Git忽略（本轮未证明其他历史或分支是否含有）,342,32,
reports/2026-09-21/completion/edge-final-render.log,被Git忽略（本轮未证明其他历史或分支是否含有）,2022,32,
reports/2026-09-21/completion/edge-final-validation.json,被Git忽略（本轮未证明其他历史或分支是否含有）,475,32,
reports/2026-09-21/completion/edge-finalize.json,被Git忽略（本轮未证明其他历史或分支是否含有）,59,32,
reports/2026-09-21/completion/edge-install-pid.txt,被Git忽略（本轮未证明其他历史或分支是否含有）,7,32,
reports/2026-09-21/completion/edge-install.log,被Git忽略（本轮未证明其他历史或分支是否含有）,104976,32,
reports/2026-09-21/completion/edge-render.log,被Git忽略（本轮未证明其他历史或分支是否含有）,2010,32,
reports/2026-09-21/completion/edge-test.html,被Git忽略（本轮未证明其他历史或分支是否含有）,166,32,
reports/2026-09-21/completion/edge-validation.json,被Git忽略（本轮未证明其他历史或分支是否含有）,313,32,
reports/2026-09-21/completion/lab-dependency-check.txt,被Git忽略（本轮未证明其他历史或分支是否含有）,134,32,
reports/2026-09-21/completion/MicrosoftEdgeWebView2RuntimeInstallerX64.exe,被Git忽略（本轮未证明其他历史或分支是否含有）,1844944,32,
reports/2026-09-21/completion/performance-baseline.json,被Git忽略（本轮未证明其他历史或分支是否含有）,1067,32,
reports/2026-09-21/completion/performance-comparison.json,被Git忽略（本轮未证明其他历史或分支是否含有）,518,32,
reports/2026-09-21/completion/RESULTS.md,被Git忽略（本轮未证明其他历史或分支是否含有）,4362,32,
reports/2026-09-21/completion/system-after.json,被Git忽略（本轮未证明其他历史或分支是否含有）,1563,32,
reports/2026-09-21/completion/Verify_State.ps1,被Git忽略（本轮未证明其他历史或分支是否含有）,1559,32,
reports/2026-09-21/completion/webview-package.json,被Git忽略（本轮未证明其他历史或分支是否含有）,208,32,
reports/2026-09-21/completion/webview-validation.json,被Git忽略（本轮未证明其他历史或分支是否含有）,255,32,
reports/2026-09-21/completion/windows-update-scan.json,被Git忽略（本轮未证明其他历史或分支是否含有）,111,32,
reports/2026-09-21/completion/edge-final-test-profile/FirstLaunchAfterInstallation,被Git忽略（本轮未证明其他历史或分支是否含有）,0,32,
reports/2026-09-21/completion/edge-final-test-profile/Last Version,被Git忽略（本轮未证明其他历史或分支是否含有）,13,32,
reports/2026-09-21/completion/edge-final-test-profile/Local State,被Git忽略（本轮未证明其他历史或分支是否含有）,9921,32,
reports/2026-09-21/completion/edge-final-test-profile/Variations,被Git忽略（本轮未证明其他历史或分支是否含有）,85,32,
reports/2026-09-21/completion/edge-final-test-profile/VariationsRuntimeSeedV2,被Git忽略（本轮未证明其他历史或分支是否含有）,19,32,
reports/2026-09-21/completion/edge-final-test-profile/VariationsSafeSeedV2,被Git忽略（本轮未证明其他历史或分支是否含有）,19,32,
reports/2026-09-21/completion/edge-final-test-profile/VariationsSeedV2,被Git忽略（本轮未证明其他历史或分支是否含有）,11,32,
reports/2026-09-21/completion/edge-final-test-profile/Crashpad/metadata,被Git忽略（本轮未证明其他历史或分支是否含有）,0,32,
reports/2026-09-21/completion/edge-final-test-profile/Crashpad/settings.dat,被Git忽略（本轮未证明其他历史或分支是否含有）,288,32,
reports/2026-09-21/completion/edge-final-test-profile/Crashpad/throttle_store.dat,被Git忽略（本轮未证明其他历史或分支是否含有）,20,32,
reports/2026-09-21/completion/edge-final-test-profile/Default/Affiliation Database,被Git忽略（本轮未证明其他历史或分支是否含有）,53248,32,
reports/2026-09-21/completion/edge-final-test-profile/Default/Affiliation Database-journal,被Git忽略（本轮未证明其他历史或分支是否含有）,0,32,
reports/2026-09-21/completion/edge-final-test-profile/Default/arbitration_service_config.json,被Git忽略（本轮未证明其他历史或分支是否含有）,20347,32,
reports/2026-09-21/completion/edge-final-test-profile/Default/BookmarkMergedSurfaceOrdering,被Git忽略（本轮未证明其他历史或分支是否含有）,6,32,
reports/2026-09-21/completion/edge-final-test-profile/Default/declarative_performance_observer.db,被Git忽略（本轮未证明其他历史或分支是否含有）,32768,32,
reports/2026-09-21/completion/edge-final-test-profile/Default/declarative_performance_observer.db-journal,被Git忽略（本轮未证明其他历史或分支是否含有）,0,32,
reports/2026-09-21/completion/edge-final-test-profile/Default/Favicons,被Git忽略（本轮未证明其他历史或分支是否含有）,20480,32,
reports/2026-09-21/completion/edge-final-test-profile/Default/Favicons-journal,被Git忽略（本轮未证明其他历史或分支是否含有）,0,32,
reports/2026-09-21/completion/edge-final-test-profile/Default/History,被Git忽略（本轮未证明其他历史或分支是否含有）,212992,32,
reports/2026-09-21/completion/edge-final-test-profile/Default/History-journal,被Git忽略（本轮未证明其他历史或分支是否含有）,0,32,
reports/2026-09-21/completion/edge-final-test-profile/Default/HubApps Icons,被Git忽略（本轮未证明其他历史或分支是否含有）,28672,32,
reports/2026-09-21/completion/edge-final-test-profile/Default/HubApps Icons-journal,被Git忽略（本轮未证明其他历史或分支是否含有）,0,32,
reports/2026-09-21/completion/edge-final-test-profile/Default/load_statistics.db,被Git忽略（本轮未证明其他历史或分支是否含有）,45056,32,
reports/2026-09-21/completion/edge-final-test-profile/Default/LOCK,被Git忽略（本轮未证明其他历史或分支是否含有）,0,32,
reports/2026-09-21/completion/edge-final-test-profile/Default/LOG,被Git忽略（本轮未证明其他历史或分支是否含有）,0,32,
reports/2026-09-21/completion/edge-final-test-profile/Default/Login Data,被Git忽略（本轮未证明其他历史或分支是否含有）,51200,32,
reports/2026-09-21/completion/edge-final-test-profile/Default/Login Data For Account,被Git忽略（本轮未证明其他历史或分支是否含有）,51200,32,
reports/2026-09-21/completion/edge-final-test-profile/Default/Login Data For Account-journal,被Git忽略（本轮未证明其他历史或分支是否含有）,0,32,
reports/2026-09-21/completion/edge-final-test-profile/Default/Login Data-journal,被Git忽略（本轮未证明其他历史或分支是否含有）,0,32,
reports/2026-09-21/completion/edge-final-test-profile/Default/Preferences,被Git忽略（本轮未证明其他历史或分支是否含有）,9574,32,
reports/2026-09-21/completion/edge-final-test-profile/Default/README,被Git忽略（本轮未证明其他历史或分支是否含有）,182,32,
reports/2026-09-21/completion/edge-final-test-profile/Default/Secure Preferences,被Git忽略（本轮未证明其他历史或分支是否含有）,113229,32,
reports/2026-09-21/completion/edge-final-test-profile/Default/ServerCertificate,被Git忽略（本轮未证明其他历史或分支是否含有）,20480,32,
reports/2026-09-21/completion/edge-final-test-profile/Default/ServerCertificate-journal,被Git忽略（本轮未证明其他历史或分支是否含有）,0,32,
reports/2026-09-21/completion/edge-final-test-profile/Default/Top Sites,被Git忽略（本轮未证明其他历史或分支是否含有）,20480,32,
reports/2026-09-21/completion/edge-final-test-profile/Default/Top Sites-journal,被Git忽略（本轮未证明其他历史或分支是否含有）,0,32,
reports/2026-09-21/completion/edge-final-test-profile/Default/Vpn Tokens,被Git忽略（本轮未证明其他历史或分支是否含有）,28672,32,
reports/2026-09-21/completion/edge-final-test-profile/Default/Vpn Tokens-journal,被Git忽略（本轮未证明其他历史或分支是否含有）,0,32,
reports/2026-09-21/completion/edge-final-test-profile/Default/Web Data,被Git忽略（本轮未证明其他历史或分支是否含有）,241664,32,
reports/2026-09-21/completion/edge-final-test-profile/Default/Web Data-journal,被Git忽略（本轮未证明其他历史或分支是否含有）,0,32,
reports/2026-09-21/completion/edge-final-test-profile/Default/Cache/Cache_Data/data_0,被Git忽略（本轮未证明其他历史或分支是否含有）,45056,32,
reports/2026-09-21/completion/edge-final-test-profile/Default/Cache/Cache_Data/data_1,被Git忽略（本轮未证明其他历史或分支是否含有）,270336,32,
reports/2026-09-21/completion/edge-final-test-profile/Default/Cache/Cache_Data/data_2,被Git忽略（本轮未证明其他历史或分支是否含有）,8192,32,
reports/2026-09-21/completion/edge-final-test-profile/Default/Cache/Cache_Data/data_3,被Git忽略（本轮未证明其他历史或分支是否含有）,8192,32,
reports/2026-09-21/completion/edge-final-test-profile/Default/Cache/Cache_Data/index,被Git忽略（本轮未证明其他历史或分支是否含有）,524656,32,
reports/2026-09-21/completion/edge-final-test-profile/Default/Cache/No_Vary_Search/journal.baj,被Git忽略（本轮未证明其他历史或分支是否含有）,4,32,
reports/2026-09-21/completion/edge-final-test-profile/Default/Cache/No_Vary_Search/snapshot.baf,被Git忽略（本轮未证明其他历史或分支是否含有）,20,32,
reports/2026-09-21/completion/edge-final-test-profile/Default/ClientCertificates/LOCK,被Git忽略（本轮未证明其他历史或分支是否含有）,0,32,
reports/2026-09-21/completion/edge-final-test-profile/Default/ClientCertificates/LOG,被Git忽略（本轮未证明其他历史或分支是否含有）,0,32,
reports/2026-09-21/completion/edge-final-test-profile/Default/Code Cache/js/2a8a6f695a3ff316_0,被Git忽略（本轮未证明其他历史或分支是否含有）,303,32,
reports/2026-09-21/completion/edge-final-test-profile/Default/Code Cache/js/2cca9bc741a6516d_0,被Git忽略（本轮未证明其他历史或分支是否含有）,306,32,
reports/2026-09-21/completion/edge-final-test-profile/Default/Code Cache/js/5cce1706364839f1_0,被Git忽略（本轮未证明其他历史或分支是否含有）,307,32,
reports/2026-09-21/completion/edge-final-test-profile/Default/Code Cache/js/5fbb54f36261c413_0,被Git忽略（本轮未证明其他历史或分支是否含有）,308,32,
reports/2026-09-21/completion/edge-final-test-profile/Default/Code Cache/js/7de0dc67a2b3a69c_0,被Git忽略（本轮未证明其他历史或分支是否含有）,307,32,
reports/2026-09-21/completion/edge-final-test-profile/Default/Code Cache/js/8020acacb3d13763_0,被Git忽略（本轮未证明其他历史或分支是否含有）,321,32,
reports/2026-09-21/completion/edge-final-test-profile/Default/Code Cache/js/8bb1867be67136eb_0,被Git忽略（本轮未证明其他历史或分支是否含有）,305,32,
reports/2026-09-21/completion/edge-final-test-profile/Default/Code Cache/js/945cb8fb56d09a8e_0,被Git忽略（本轮未证明其他历史或分支是否含有）,321,32,
reports/2026-09-21/completion/edge-final-test-profile/Default/Code Cache/js/b21fb45197b9c728_0,被Git忽略（本轮未证明其他历史或分支是否含有）,303,32,
reports/2026-09-21/completion/edge-final-test-profile/Default/Code Cache/js/ba678a2fbd8c358c_0,被Git忽略（本轮未证明其他历史或分支是否含有）,298,32,
reports/2026-09-21/completion/edge-final-test-profile/Default/Code Cache/js/baded5730168391f_0,被Git忽略（本轮未证明其他历史或分支是否含有）,313,32,
reports/2026-09-21/completion/edge-final-test-profile/Default/Code Cache/js/e94999eac39dfd99_0,被Git忽略（本轮未证明其他历史或分支是否含有）,317,32,
reports/2026-09-21/completion/edge-final-test-profile/Default/Code Cache/js/e9a142a21b9ad9ef_0,被Git忽略（本轮未证明其他历史或分支是否含有）,297,32,
reports/2026-09-21/completion/edge-final-test-profile/Default/Code Cache/js/ebce9e52a869b921_0,被Git忽略（本轮未证明其他历史或分支是否含有）,303,32,
reports/2026-09-21/completion/edge-final-test-profile/Default/Code Cache/js/index,被Git忽略（本轮未证明其他历史或分支是否含有）,24,32,
reports/2026-09-21/completion/edge-final-test-profile/Default/Code Cache/js/index-dir/the-real-index,被Git忽略（本轮未证明其他历史或分支是否含有）,384,32,
reports/2026-09-21/completion/edge-final-test-profile/Default/Code Cache/wasm/index,被Git忽略（本轮未证明其他历史或分支是否含有）,24,32,
reports/2026-09-21/completion/edge-final-test-profile/Default/Code Cache/wasm/index-dir/the-real-index,被Git忽略（本轮未证明其他历史或分支是否含有）,48,32,
reports/2026-09-21/completion/edge-final-test-profile/Default/commerce_subscription_db/LOCK,被Git忽略（本轮未证明其他历史或分支是否含有）,0,32,
reports/2026-09-21/completion/edge-final-test-profile/Default/commerce_subscription_db/LOG,被Git忽略（本轮未证明其他历史或分支是否含有）,0,32,
reports/2026-09-21/completion/edge-final-test-profile/Default/DawnGraphiteCache/data_0,被Git忽略（本轮未证明其他历史或分支是否含有）,8192,32,
reports/2026-09-21/completion/edge-final-test-profile/Default/DawnGraphiteCache/data_1,被Git忽略（本轮未证明其他历史或分支是否含有）,270336,32,
reports/2026-09-21/completion/edge-final-test-profile/Default/DawnGraphiteCache/data_2,被Git忽略（本轮未证明其他历史或分支是否含有）,8192,32,
reports/2026-09-21/completion/edge-final-test-profile/Default/DawnGraphiteCache/data_3,被Git忽略（本轮未证明其他历史或分支是否含有）,8192,32,
reports/2026-09-21/completion/edge-final-test-profile/Default/DawnGraphiteCache/index,被Git忽略（本轮未证明其他历史或分支是否含有）,262512,32,
reports/2026-09-21/completion/edge-final-test-profile/Default/DawnWebGPUCache/data_0,被Git忽略（本轮未证明其他历史或分支是否含有）,8192,32,
reports/2026-09-21/completion/edge-final-test-profile/Default/DawnWebGPUCache/data_1,被Git忽略（本轮未证明其他历史或分支是否含有）,270336,32,
reports/2026-09-21/completion/edge-final-test-profile/Default/DawnWebGPUCache/data_2,被Git忽略（本轮未证明其他历史或分支是否含有）,8192,32,
reports/2026-09-21/completion/edge-final-test-profile/Default/DawnWebGPUCache/data_3,被Git忽略（本轮未证明其他历史或分支是否含有）,8192,32,
reports/2026-09-21/completion/edge-final-test-profile/Default/DawnWebGPUCache/index,被Git忽略（本轮未证明其他历史或分支是否含有）,262512,32,
reports/2026-09-21/completion/edge-final-test-profile/Default/discounts_db/LOCK,被Git忽略（本轮未证明其他历史或分支是否含有）,0,32,
reports/2026-09-21/completion/edge-final-test-profile/Default/discounts_db/LOG,被Git忽略（本轮未证明其他历史或分支是否含有）,0,32,
reports/2026-09-21/completion/edge-final-test-profile/Default/discount_infos_db/LOCK,被Git忽略（本轮未证明其他历史或分支是否含有）,0,32,
reports/2026-09-21/completion/edge-final-test-profile/Default/discount_infos_db/LOG,被Git忽略（本轮未证明其他历史或分支是否含有）,0,32,
reports/2026-09-21/completion/edge-final-test-profile/Default/EdgeHubAppUsage/EdgeHubAppUsageSQLite.db,被Git忽略（本轮未证明其他历史或分支是否含有）,32768,32,
reports/2026-09-21/completion/edge-final-test-profile/Default/EdgeHubAppUsage/EdgeHubAppUsageSQLite.db-journal,被Git忽略（本轮未证明其他历史或分支是否含有）,0,32,
reports/2026-09-21/completion/edge-final-test-profile/Default/EdgePushStorageWithConnectTokenAndKey/LOCK,被Git忽略（本轮未证明其他历史或分支是否含有）,0,32,
reports/2026-09-21/completion/edge-final-test-profile/Default/EdgePushStorageWithConnectTokenAndKey/LOG,被Git忽略（本轮未证明其他历史或分支是否含有）,0,32,
reports/2026-09-21/completion/edge-final-test-profile/Default/Extension Rules/000003.log,被Git忽略（本轮未证明其他历史或分支是否含有）,171,32,
reports/2026-09-21/completion/edge-final-test-profile/Default/Extension Rules/CURRENT,被Git忽略（本轮未证明其他历史或分支是否含有）,16,32,
reports/2026-09-21/completion/edge-final-test-profile/Default/Extension Rules/LOCK,被Git忽略（本轮未证明其他历史或分支是否含有）,0,32,
reports/2026-09-21/completion/edge-final-test-profile/Default/Extension Rules/LOG,被Git忽略（本轮未证明其他历史或分支是否含有）,449,32,
reports/2026-09-21/completion/edge-final-test-profile/Default/Extension Rules/MANIFEST-000001,被Git忽略（本轮未证明其他历史或分支是否含有）,41,32,
reports/2026-09-21/completion/edge-final-test-profile/Default/Extension Scripts/000003.log,被Git忽略（本轮未证明其他历史或分支是否含有）,171,32,
reports/2026-09-21/completion/edge-final-test-profile/Default/Extension Scripts/CURRENT,被Git忽略（本轮未证明其他历史或分支是否含有）,16,32,
reports/2026-09-21/completion/edge-final-test-profile/Default/Extension Scripts/LOCK,被Git忽略（本轮未证明其他历史或分支是否含有）,0,32,
reports/2026-09-21/completion/edge-final-test-profile/Default/Extension Scripts/LOG,被Git忽略（本轮未证明其他历史或分支是否含有）,453,32,
reports/2026-09-21/completion/edge-final-test-profile/Default/Extension Scripts/MANIFEST-000001,被Git忽略（本轮未证明其他历史或分支是否含有）,41,32,
reports/2026-09-21/completion/edge-final-test-profile/Default/Extension State/000003.log,被Git忽略（本轮未证明其他历史或分支是否含有）,513,32,
reports/2026-09-21/completion/edge-final-test-profile/Default/Extension State/CURRENT,被Git忽略（本轮未证明其他历史或分支是否含有）,16,32,
reports/2026-09-21/completion/edge-final-test-profile/Default/Extension State/LOCK,被Git忽略（本轮未证明其他历史或分支是否含有）,0,32,
reports/2026-09-21/completion/edge-final-test-profile/Default/Extension State/LOG,被Git忽略（本轮未证明其他历史或分支是否含有）,447,32,
reports/2026-09-21/completion/edge-final-test-profile/Default/Extension State/MANIFEST-000001,被Git忽略（本轮未证明其他历史或分支是否含有）,41,32,
reports/2026-09-21/completion/edge-final-test-profile/Default/GPUCache/data_0,被Git忽略（本轮未证明其他历史或分支是否含有）,8192,32,
reports/2026-09-21/completion/edge-final-test-profile/Default/GPUCache/data_1,被Git忽略（本轮未证明其他历史或分支是否含有）,270336,32,
reports/2026-09-21/completion/edge-final-test-profile/Default/GPUCache/data_2,被Git忽略（本轮未证明其他历史或分支是否含有）,8192,32,
reports/2026-09-21/completion/edge-final-test-profile/Default/GPUCache/data_3,被Git忽略（本轮未证明其他历史或分支是否含有）,8192,32,
reports/2026-09-21/completion/edge-final-test-profile/Default/GPUCache/index,被Git忽略（本轮未证明其他历史或分支是否含有）,262512,32,
reports/2026-09-21/completion/edge-final-test-profile/Default/Local Extension Settings/jdiccldimpdaibmpdkjnbmckianbfold/000003.log,被Git忽略（本轮未证明其他历史或分支是否含有）,0,32,
reports/2026-09-21/completion/edge-final-test-profile/Default/Local Extension Settings/jdiccldimpdaibmpdkjnbmckianbfold/CURRENT,被Git忽略（本轮未证明其他历史或分支是否含有）,16,32,
reports/2026-09-21/completion/edge-final-test-profile/Default/Local Extension Settings/jdiccldimpdaibmpdkjnbmckianbfold/LOCK,被Git忽略（本轮未证明其他历史或分支是否含有）,0,32,
reports/2026-09-21/completion/edge-final-test-profile/Default/Local Extension Settings/jdiccldimpdaibmpdkjnbmckianbfold/LOG,被Git忽略（本轮未证明其他历史或分支是否含有）,533,32,
reports/2026-09-21/completion/edge-final-test-profile/Default/Local Extension Settings/jdiccldimpdaibmpdkjnbmckianbfold/MANIFEST-000001,被Git忽略（本轮未证明其他历史或分支是否含有）,41,32,
reports/2026-09-21/completion/edge-final-test-profile/Default/Local Storage/leveldb/000003.log,被Git忽略（本轮未证明其他历史或分支是否含有）,30,32,
reports/2026-09-21/completion/edge-final-test-profile/Default/Local Storage/leveldb/CURRENT,被Git忽略（本轮未证明其他历史或分支是否含有）,16,32,
reports/2026-09-21/completion/edge-final-test-profile/Default/Local Storage/leveldb/LOCK,被Git忽略（本轮未证明其他历史或分支是否含有）,0,32,
reports/2026-09-21/completion/edge-final-test-profile/Default/Local Storage/leveldb/LOG,被Git忽略（本轮未证明其他历史或分支是否含有）,461,32,
reports/2026-09-21/completion/edge-final-test-profile/Default/Local Storage/leveldb/MANIFEST-000001,被Git忽略（本轮未证明其他历史或分支是否含有）,41,32,
reports/2026-09-21/completion/edge-final-test-profile/Default/Network/Cookies,被Git忽略（本轮未证明其他历史或分支是否含有）,20480,32,
reports/2026-09-21/completion/edge-final-test-profile/Default/Network/Cookies-journal,被Git忽略（本轮未证明其他历史或分支是否含有）,0,32,
reports/2026-09-21/completion/edge-final-test-profile/Default/Network/Device Bound Sessions,被Git忽略（本轮未证明其他历史或分支是否含有）,20480,32,
reports/2026-09-21/completion/edge-final-test-profile/Default/Network/Device Bound Sessions-journal,被Git忽略（本轮未证明其他历史或分支是否含有）,0,32,
reports/2026-09-21/completion/edge-final-test-profile/Default/Network/Network Persistent State,被Git忽略（本轮未证明其他历史或分支是否含有）,111,32,
reports/2026-09-21/completion/edge-final-test-profile/Default/Network/NetworkDataMigrated,被Git忽略（本轮未证明其他历史或分支是否含有）,0,32,
reports/2026-09-21/completion/edge-final-test-profile/Default/Network/Reporting and NEL,被Git忽略（本轮未证明其他历史或分支是否含有）,36864,32,
reports/2026-09-21/completion/edge-final-test-profile/Default/Network/Reporting and NEL-journal,被Git忽略（本轮未证明其他历史或分支是否含有）,0,32,
reports/2026-09-21/completion/edge-final-test-profile/Default/Network/SCT Auditing Pending Reports,被Git忽略（本轮未证明其他历史或分支是否含有）,2,32,
reports/2026-09-21/completion/edge-final-test-profile/Default/Network/Sdch Dictionaries,被Git忽略（本轮未证明其他历史或分支是否含有）,40,32,
reports/2026-09-21/completion/edge-final-test-profile/Default/Network/Trust Tokens,被Git忽略（本轮未证明其他历史或分支是否含有）,36864,32,
reports/2026-09-21/completion/edge-final-test-profile/Default/Network/Trust Tokens-journal,被Git忽略（本轮未证明其他历史或分支是否含有）,0,32,
reports/2026-09-21/completion/edge-final-test-profile/Default/Nurturing/campaign_history,被Git忽略（本轮未证明其他历史或分支是否含有）,20480,32,
reports/2026-09-21/completion/edge-final-test-profile/Default/Nurturing/campaign_history-journal,被Git忽略（本轮未证明其他历史或分支是否含有）,0,32,
reports/2026-09-21/completion/edge-final-test-profile/Default/parcel_tracking_db/LOCK,被Git忽略（本轮未证明其他历史或分支是否含有）,0,32,
reports/2026-09-21/completion/edge-final-test-profile/Default/parcel_tracking_db/LOG,被Git忽略（本轮未证明其他历史或分支是否含有）,0,32,
reports/2026-09-21/completion/edge-final-test-profile/Default/PersistentOriginTrials/LOCK,被Git忽略（本轮未证明其他历史或分支是否含有）,0,32,
reports/2026-09-21/completion/edge-final-test-profile/Default/PersistentOriginTrials/LOG,被Git忽略（本轮未证明其他历史或分支是否含有）,0,32,
reports/2026-09-21/completion/edge-final-test-profile/Default/Service Worker/Database/000003.log,被Git忽略（本轮未证明其他历史或分支是否含有）,1038,32,
reports/2026-09-21/completion/edge-final-test-profile/Default/Service Worker/Database/CURRENT,被Git忽略（本轮未证明其他历史或分支是否含有）,16,32,
reports/2026-09-21/completion/edge-final-test-profile/Default/Service Worker/Database/LOCK,被Git忽略（本轮未证明其他历史或分支是否含有）,0,32,
reports/2026-09-21/completion/edge-final-test-profile/Default/Service Worker/Database/LOG,被Git忽略（本轮未证明其他历史或分支是否含有）,465,32,
reports/2026-09-21/completion/edge-final-test-profile/Default/Service Worker/Database/MANIFEST-000001,被Git忽略（本轮未证明其他历史或分支是否含有）,41,32,
reports/2026-09-21/completion/edge-final-test-profile/Default/Service Worker/ScriptCache/2cc80dabc69f58b6_0,被Git忽略（本轮未证明其他历史或分支是否含有）,318069,32,
reports/2026-09-21/completion/edge-final-test-profile/Default/Service Worker/ScriptCache/index,被Git忽略（本轮未证明其他历史或分支是否含有）,24,32,
reports/2026-09-21/completion/edge-final-test-profile/Default/Service Worker/ScriptCache/index-dir/the-real-index,被Git忽略（本轮未证明其他历史或分支是否含有）,72,32,
reports/2026-09-21/completion/edge-final-test-profile/Default/Session Storage/000003.log,被Git忽略（本轮未证明其他历史或分支是否含有）,163,32,
reports/2026-09-21/completion/edge-final-test-profile/Default/Session Storage/CURRENT,被Git忽略（本轮未证明其他历史或分支是否含有）,16,32,
reports/2026-09-21/completion/edge-final-test-profile/Default/Session Storage/LOCK,被Git忽略（本轮未证明其他历史或分支是否含有）,0,32,
reports/2026-09-21/completion/edge-final-test-profile/Default/Session Storage/LOG,被Git忽略（本轮未证明其他历史或分支是否含有）,449,32,
reports/2026-09-21/completion/edge-final-test-profile/Default/Session Storage/MANIFEST-000001,被Git忽略（本轮未证明其他历史或分支是否含有）,41,32,
reports/2026-09-21/completion/edge-final-test-profile/Default/Sessions/Session_13434524262768737,被Git忽略（本轮未证明其他历史或分支是否含有）,2435,32,
reports/2026-09-21/completion/edge-final-test-profile/Default/Sessions/Tabs_13434524262842939,被Git忽略（本轮未证明其他历史或分支是否含有）,2068,32,
reports/2026-09-21/completion/edge-final-test-profile/Default/Shared Dictionary/db,被Git忽略（本轮未证明其他历史或分支是否含有）,45056,32,
reports/2026-09-21/completion/edge-final-test-profile/Default/Shared Dictionary/db-journal,被Git忽略（本轮未证明其他历史或分支是否含有）,0,32,
reports/2026-09-21/completion/edge-final-test-profile/Default/Shared Dictionary/cache/index,被Git忽略（本轮未证明其他历史或分支是否含有）,24,32,
reports/2026-09-21/completion/edge-final-test-profile/Default/Shared Dictionary/cache/index-dir/the-real-index,被Git忽略（本轮未证明其他历史或分支是否含有）,48,32,
reports/2026-09-21/completion/edge-final-test-profile/Default/shared_proto_db/000003.log,被Git忽略（本轮未证明其他历史或分支是否含有）,19,32,
reports/2026-09-21/completion/edge-final-test-profile/Default/shared_proto_db/CURRENT,被Git忽略（本轮未证明其他历史或分支是否含有）,16,32,
reports/2026-09-21/completion/edge-final-test-profile/Default/shared_proto_db/LOCK,被Git忽略（本轮未证明其他历史或分支是否含有）,0,32,
reports/2026-09-21/completion/edge-final-test-profile/Default/shared_proto_db/LOG,被Git忽略（本轮未证明其他历史或分支是否含有）,449,32,
reports/2026-09-21/completion/edge-final-test-profile/Default/shared_proto_db/MANIFEST-000001,被Git忽略（本轮未证明其他历史或分支是否含有）,41,32,
reports/2026-09-21/completion/edge-final-test-profile/Default/shared_proto_db/metadata/000003.log,被Git忽略（本轮未证明其他历史或分支是否含有）,474,32,
reports/2026-09-21/completion/edge-final-test-profile/Default/shared_proto_db/metadata/CURRENT,被Git忽略（本轮未证明其他历史或分支是否含有）,16,32,
reports/2026-09-21/completion/edge-final-test-profile/Default/shared_proto_db/metadata/LOCK,被Git忽略（本轮未证明其他历史或分支是否含有）,0,32,
reports/2026-09-21/completion/edge-final-test-profile/Default/shared_proto_db/metadata/LOG,被Git忽略（本轮未证明其他历史或分支是否含有）,467,32,
reports/2026-09-21/completion/edge-final-test-profile/Default/shared_proto_db/metadata/MANIFEST-000001,被Git忽略（本轮未证明其他历史或分支是否含有）,41,32,
reports/2026-09-21/completion/edge-final-test-profile/Default/Site Characteristics Database/000003.log,被Git忽略（本轮未证明其他历史或分支是否含有）,40,32,
reports/2026-09-21/completion/edge-final-test-profile/Default/Site Characteristics Database/CURRENT,被Git忽略（本轮未证明其他历史或分支是否含有）,16,32,
reports/2026-09-21/completion/edge-final-test-profile/Default/Site Characteristics Database/LOCK,被Git忽略（本轮未证明其他历史或分支是否含有）,0,32,
reports/2026-09-21/completion/edge-final-test-profile/Default/Site Characteristics Database/LOG,被Git忽略（本轮未证明其他历史或分支是否含有）,477,32,
reports/2026-09-21/completion/edge-final-test-profile/Default/Site Characteristics Database/MANIFEST-000001,被Git忽略（本轮未证明其他历史或分支是否含有）,41,32,
reports/2026-09-21/completion/edge-final-test-profile/Default/Storage/ext/ihmafllikibpmigkcoadcmckbfhibefp/def/declarative_performance_observer.db,被Git忽略（本轮未证明其他历史或分支是否含有）,32768,32,
reports/2026-09-21/completion/edge-final-test-profile/Default/Storage/ext/ihmafllikibpmigkcoadcmckbfhibefp/def/declarative_performance_observer.db-journal,被Git忽略（本轮未证明其他历史或分支是否含有）,0,32,
reports/2026-09-21/completion/edge-final-test-profile/Default/Storage/ext/ihmafllikibpmigkcoadcmckbfhibefp/def/Code Cache/js/6f3a0dc5e6916f1e_0,被Git忽略（本轮未证明其他历史或分支是否含有）,309,32,
reports/2026-09-21/completion/edge-final-test-profile/Default/Storage/ext/ihmafllikibpmigkcoadcmckbfhibefp/def/Code Cache/js/index,被Git忽略（本轮未证明其他历史或分支是否含有）,24,32,
reports/2026-09-21/completion/edge-final-test-profile/Default/Storage/ext/ihmafllikibpmigkcoadcmckbfhibefp/def/Code Cache/js/index-dir/the-real-index,被Git忽略（本轮未证明其他历史或分支是否含有）,72,32,
reports/2026-09-21/completion/edge-final-test-profile/Default/Storage/ext/ihmafllikibpmigkcoadcmckbfhibefp/def/Code Cache/wasm/index,被Git忽略（本轮未证明其他历史或分支是否含有）,24,32,
reports/2026-09-21/completion/edge-final-test-profile/Default/Storage/ext/ihmafllikibpmigkcoadcmckbfhibefp/def/Code Cache/wasm/index-dir/the-real-index,被Git忽略（本轮未证明其他历史或分支是否含有）,48,32,
reports/2026-09-21/completion/edge-final-test-profile/Default/Storage/ext/ihmafllikibpmigkcoadcmckbfhibefp/def/DawnGraphiteCache/data_0,被Git忽略（本轮未证明其他历史或分支是否含有）,8192,32,
reports/2026-09-21/completion/edge-final-test-profile/Default/Storage/ext/ihmafllikibpmigkcoadcmckbfhibefp/def/DawnGraphiteCache/data_1,被Git忽略（本轮未证明其他历史或分支是否含有）,270336,32,
reports/2026-09-21/completion/edge-final-test-profile/Default/Storage/ext/ihmafllikibpmigkcoadcmckbfhibefp/def/DawnGraphiteCache/data_2,被Git忽略（本轮未证明其他历史或分支是否含有）,8192,32,
reports/2026-09-21/completion/edge-final-test-profile/Default/Storage/ext/ihmafllikibpmigkcoadcmckbfhibefp/def/DawnGraphiteCache/data_3,被Git忽略（本轮未证明其他历史或分支是否含有）,8192,32,
reports/2026-09-21/completion/edge-final-test-profile/Default/Storage/ext/ihmafllikibpmigkcoadcmckbfhibefp/def/DawnGraphiteCache/index,被Git忽略（本轮未证明其他历史或分支是否含有）,262512,32,
reports/2026-09-21/completion/edge-final-test-profile/Default/Storage/ext/ihmafllikibpmigkcoadcmckbfhibefp/def/DawnWebGPUCache/data_0,被Git忽略（本轮未证明其他历史或分支是否含有）,8192,32,
reports/2026-09-21/completion/edge-final-test-profile/Default/Storage/ext/ihmafllikibpmigkcoadcmckbfhibefp/def/DawnWebGPUCache/data_1,被Git忽略（本轮未证明其他历史或分支是否含有）,270336,32,
reports/2026-09-21/completion/edge-final-test-profile/Default/Storage/ext/ihmafllikibpmigkcoadcmckbfhibefp/def/DawnWebGPUCache/data_2,被Git忽略（本轮未证明其他历史或分支是否含有）,8192,32,
reports/2026-09-21/completion/edge-final-test-profile/Default/Storage/ext/ihmafllikibpmigkcoadcmckbfhibefp/def/DawnWebGPUCache/data_3,被Git忽略（本轮未证明其他历史或分支是否含有）,8192,32,
reports/2026-09-21/completion/edge-final-test-profile/Default/Storage/ext/ihmafllikibpmigkcoadcmckbfhibefp/def/DawnWebGPUCache/index,被Git忽略（本轮未证明其他历史或分支是否含有）,262512,32,
reports/2026-09-21/completion/edge-final-test-profile/Default/Storage/ext/ihmafllikibpmigkcoadcmckbfhibefp/def/GPUCache/data_0,被Git忽略（本轮未证明其他历史或分支是否含有）,8192,32,
reports/2026-09-21/completion/edge-final-test-profile/Default/Storage/ext/ihmafllikibpmigkcoadcmckbfhibefp/def/GPUCache/data_1,被Git忽略（本轮未证明其他历史或分支是否含有）,270336,32,
reports/2026-09-21/completion/edge-final-test-profile/Default/Storage/ext/ihmafllikibpmigkcoadcmckbfhibefp/def/GPUCache/data_2,被Git忽略（本轮未证明其他历史或分支是否含有）,8192,32,
reports/2026-09-21/completion/edge-final-test-profile/Default/Storage/ext/ihmafllikibpmigkcoadcmckbfhibefp/def/GPUCache/data_3,被Git忽略（本轮未证明其他历史或分支是否含有）,8192,32,
reports/2026-09-21/completion/edge-final-test-profile/Default/Storage/ext/ihmafllikibpmigkcoadcmckbfhibefp/def/GPUCache/index,被Git忽略（本轮未证明其他历史或分支是否含有）,262512,32,
reports/2026-09-21/completion/edge-final-test-profile/Default/Storage/ext/ihmafllikibpmigkcoadcmckbfhibefp/def/Local Storage/leveldb/000003.log,被Git忽略（本轮未证明其他历史或分支是否含有）,30,32,
reports/2026-09-21/completion/edge-final-test-profile/Default/Storage/ext/ihmafllikibpmigkcoadcmckbfhibefp/def/Local Storage/leveldb/CURRENT,被Git忽略（本轮未证明其他历史或分支是否含有）,16,32,
reports/2026-09-21/completion/edge-final-test-profile/Default/Storage/ext/ihmafllikibpmigkcoadcmckbfhibefp/def/Local Storage/leveldb/LOCK,被Git忽略（本轮未证明其他历史或分支是否含有）,0,32,
reports/2026-09-21/completion/edge-final-test-profile/Default/Storage/ext/ihmafllikibpmigkcoadcmckbfhibefp/def/Local Storage/leveldb/LOG,被Git忽略（本轮未证明其他历史或分支是否含有）,559,32,
reports/2026-09-21/completion/edge-final-test-profile/Default/Storage/ext/ihmafllikibpmigkcoadcmckbfhibefp/def/Local Storage/leveldb/MANIFEST-000001,被Git忽略（本轮未证明其他历史或分支是否含有）,41,32,
reports/2026-09-21/completion/edge-final-test-profile/Default/Storage/ext/ihmafllikibpmigkcoadcmckbfhibefp/def/Network/Device Bound Sessions,被Git忽略（本轮未证明其他历史或分支是否含有）,20480,32,
reports/2026-09-21/completion/edge-final-test-profile/Default/Storage/ext/ihmafllikibpmigkcoadcmckbfhibefp/def/Network/Device Bound Sessions-journal,被Git忽略（本轮未证明其他历史或分支是否含有）,0,32,
reports/2026-09-21/completion/edge-final-test-profile/Default/Storage/ext/ihmafllikibpmigkcoadcmckbfhibefp/def/Network/NetworkDataMigrated,被Git忽略（本轮未证明其他历史或分支是否含有）,0,32,
reports/2026-09-21/completion/edge-final-test-profile/Default/Storage/ext/ihmafllikibpmigkcoadcmckbfhibefp/def/Network/Trust Tokens,被Git忽略（本轮未证明其他历史或分支是否含有）,36864,32,
reports/2026-09-21/completion/edge-final-test-profile/Default/Storage/ext/ihmafllikibpmigkcoadcmckbfhibefp/def/Network/Trust Tokens-journal,被Git忽略（本轮未证明其他历史或分支是否含有）,0,32,
reports/2026-09-21/completion/edge-final-test-profile/Default/Storage/ext/ihmafllikibpmigkcoadcmckbfhibefp/def/Session Storage/000003.log,被Git忽略（本轮未证明其他历史或分支是否含有）,49,32,
reports/2026-09-21/completion/edge-final-test-profile/Default/Storage/ext/ihmafllikibpmigkcoadcmckbfhibefp/def/Session Storage/CURRENT,被Git忽略（本轮未证明其他历史或分支是否含有）,16,32,
reports/2026-09-21/completion/edge-final-test-profile/Default/Storage/ext/ihmafllikibpmigkcoadcmckbfhibefp/def/Session Storage/LOCK,被Git忽略（本轮未证明其他历史或分支是否含有）,0,32,
reports/2026-09-21/completion/edge-final-test-profile/Default/Storage/ext/ihmafllikibpmigkcoadcmckbfhibefp/def/Session Storage/LOG,被Git忽略（本轮未证明其他历史或分支是否含有）,547,32,
reports/2026-09-21/completion/edge-final-test-profile/Default/Storage/ext/ihmafllikibpmigkcoadcmckbfhibefp/def/Session Storage/MANIFEST-000001,被Git忽略（本轮未证明其他历史或分支是否含有）,41,32,
reports/2026-09-21/completion/edge-final-test-profile/Default/Storage/ext/ihmafllikibpmigkcoadcmckbfhibefp/def/Shared Dictionary/db,被Git忽略（本轮未证明其他历史或分支是否含有）,45056,32,
reports/2026-09-21/completion/edge-final-test-profile/Default/Storage/ext/ihmafllikibpmigkcoadcmckbfhibefp/def/Shared Dictionary/db-journal,被Git忽略（本轮未证明其他历史或分支是否含有）,0,32,
reports/2026-09-21/completion/edge-final-test-profile/Default/Storage/ext/ihmafllikibpmigkcoadcmckbfhibefp/def/Shared Dictionary/cache/index,被Git忽略（本轮未证明其他历史或分支是否含有）,24,32,
reports/2026-09-21/completion/edge-final-test-profile/Default/Storage/ext/ihmafllikibpmigkcoadcmckbfhibefp/def/Shared Dictionary/cache/index-dir/the-real-index,被Git忽略（本轮未证明其他历史或分支是否含有）,48,32,
reports/2026-09-21/completion/edge-final-test-profile/Default/Sync Data/LevelDB/000003.log,被Git忽略（本轮未证明其他历史或分支是否含有）,137,32,
reports/2026-09-21/completion/edge-final-test-profile/Default/Sync Data/LevelDB/CURRENT,被Git忽略（本轮未证明其他历史或分支是否含有）,16,32,
reports/2026-09-21/completion/edge-final-test-profile/Default/Sync Data/LevelDB/LOCK,被Git忽略（本轮未证明其他历史或分支是否含有）,0,32,
reports/2026-09-21/completion/edge-final-test-profile/Default/Sync Data/LevelDB/LOG,被Git忽略（本轮未证明其他历史或分支是否含有）,453,32,
reports/2026-09-21/completion/edge-final-test-profile/Default/Sync Data/LevelDB/MANIFEST-000001,被Git忽略（本轮未证明其他历史或分支是否含有）,41,32,
reports/2026-09-21/completion/edge-final-test-profile/Default/WebStorage/QuotaManager,被Git忽略（本轮未证明其他历史或分支是否含有）,40960,32,
reports/2026-09-21/completion/edge-final-test-profile/Default/WebStorage/QuotaManager-journal,被Git忽略（本轮未证明其他历史或分支是否含有）,0,32,
reports/2026-09-21/completion/edge-final-test-profile/extensions_crx_cache/metadata.json,被Git忽略（本轮未证明其他历史或分支是否含有）,13,32,
reports/2026-09-21/completion/edge-final-test-profile/GPUPersistentCache/DawnGraphiteCache/ZBRSUVJ7IMDXK2RUP4UNAHPCKJL4BWQB/cache.db,被Git忽略（本轮未证明其他历史或分支是否含有）,0,32,
reports/2026-09-21/completion/edge-final-test-profile/GPUPersistentCache/DawnGraphiteCache/ZBRSUVJ7IMDXK2RUP4UNAHPCKJL4BWQB/cache.db-wal,被Git忽略（本轮未证明其他历史或分支是否含有）,0,32,
reports/2026-09-21/completion/edge-final-test-profile/GPUPersistentCache/DawnGraphiteCache/ZBRSUVJ7IMDXK2RUP4UNAHPCKJL4BWQB/cache.journal,被Git忽略（本轮未证明其他历史或分支是否含有）,0,32,
reports/2026-09-21/completion/edge-final-test-profile/GrShaderCache/data_0,被Git忽略（本轮未证明其他历史或分支是否含有）,45056,32,
reports/2026-09-21/completion/edge-final-test-profile/GrShaderCache/data_1,被Git忽略（本轮未证明其他历史或分支是否含有）,270336,32,
reports/2026-09-21/completion/edge-final-test-profile/GrShaderCache/data_2,被Git忽略（本轮未证明其他历史或分支是否含有）,8192,32,
reports/2026-09-21/completion/edge-final-test-profile/GrShaderCache/data_3,被Git忽略（本轮未证明其他历史或分支是否含有）,4202496,32,
reports/2026-09-21/completion/edge-final-test-profile/GrShaderCache/index,被Git忽略（本轮未证明其他历史或分支是否含有）,262512,32,
reports/2026-09-21/completion/edge-final-test-profile/Nurturing/campaign_history,被Git忽略（本轮未证明其他历史或分支是否含有）,20480,32,
reports/2026-09-21/completion/edge-final-test-profile/Nurturing/campaign_history-journal,被Git忽略（本轮未证明其他历史或分支是否含有）,0,32,
reports/2026-09-21/completion/edge-final-test-profile/ShaderCache/data_0,被Git忽略（本轮未证明其他历史或分支是否含有）,8192,32,
reports/2026-09-21/completion/edge-final-test-profile/ShaderCache/data_1,被Git忽略（本轮未证明其他历史或分支是否含有）,270336,32,
reports/2026-09-21/completion/edge-final-test-profile/ShaderCache/data_2,被Git忽略（本轮未证明其他历史或分支是否含有）,8192,32,
reports/2026-09-21/completion/edge-final-test-profile/ShaderCache/data_3,被Git忽略（本轮未证明其他历史或分支是否含有）,8192,32,
reports/2026-09-21/completion/edge-final-test-profile/ShaderCache/index,被Git忽略（本轮未证明其他历史或分支是否含有）,262512,32,
reports/2026-09-21/completion/edge-final-test-profile/SmartScreen/RemoteData/customSettings,被Git忽略（本轮未证明其他历史或分支是否含有）,47,32,
reports/2026-09-21/completion/edge-final-test-profile/SmartScreen/RemoteData/customSettings_F95BA787499AB4FA9EFFF472CE383A14,被Git忽略（本轮未证明其他历史或分支是否含有）,35,32,
reports/2026-09-21/completion/edge-final-test-profile/SmartScreen/RemoteData/edgeSettings,被Git忽略（本轮未证明其他历史或分支是否含有）,18,32,
reports/2026-09-21/completion/edge-final-test-profile/SmartScreen/RemoteData/edgeSettings_2.0-0,被Git忽略（本轮未证明其他历史或分支是否含有）,3552,32,
reports/2026-09-21/completion/edge-test-profile/FirstLaunchAfterInstallation,被Git忽略（本轮未证明其他历史或分支是否含有）,0,32,
reports/2026-09-21/completion/edge-test-profile/Last Version,被Git忽略（本轮未证明其他历史或分支是否含有）,14,32,
reports/2026-09-21/completion/edge-test-profile/Local State,被Git忽略（本轮未证明其他历史或分支是否含有）,10531,32,
reports/2026-09-21/completion/edge-test-profile/Variations,被Git忽略（本轮未证明其他历史或分支是否含有）,85,32,
reports/2026-09-21/completion/edge-test-profile/Crashpad/metadata,被Git忽略（本轮未证明其他历史或分支是否含有）,0,32,
reports/2026-09-21/completion/edge-test-profile/Crashpad/settings.dat,被Git忽略（本轮未证明其他历史或分支是否含有）,288,32,
reports/2026-09-21/completion/edge-test-profile/Crashpad/throttle_store.dat,被Git忽略（本轮未证明其他历史或分支是否含有）,20,32,
reports/2026-09-21/completion/edge-test-profile/Default/Affiliation Database,被Git忽略（本轮未证明其他历史或分支是否含有）,53248,32,
reports/2026-09-21/completion/edge-test-profile/Default/Affiliation Database-journal,被Git忽略（本轮未证明其他历史或分支是否含有）,0,32,
reports/2026-09-21/completion/edge-test-profile/Default/arbitration_service_config.json,被Git忽略（本轮未证明其他历史或分支是否含有）,20347,32,
reports/2026-09-21/completion/edge-test-profile/Default/BookmarkMergedSurfaceOrdering,被Git忽略（本轮未证明其他历史或分支是否含有）,6,32,
reports/2026-09-21/completion/edge-test-profile/Default/Favicons,被Git忽略（本轮未证明其他历史或分支是否含有）,20480,32,
reports/2026-09-21/completion/edge-test-profile/Default/Favicons-journal,被Git忽略（本轮未证明其他历史或分支是否含有）,0,32,
reports/2026-09-21/completion/edge-test-profile/Default/History,被Git忽略（本轮未证明其他历史或分支是否含有）,212992,32,
reports/2026-09-21/completion/edge-test-profile/Default/History-journal,被Git忽略（本轮未证明其他历史或分支是否含有）,0,32,
reports/2026-09-21/completion/edge-test-profile/Default/HubApps Icons,被Git忽略（本轮未证明其他历史或分支是否含有）,28672,32,
reports/2026-09-21/completion/edge-test-profile/Default/HubApps Icons-journal,被Git忽略（本轮未证明其他历史或分支是否含有）,0,32,
reports/2026-09-21/completion/edge-test-profile/Default/load_statistics.db,被Git忽略（本轮未证明其他历史或分支是否含有）,45056,32,
reports/2026-09-21/completion/edge-test-profile/Default/LOCK,被Git忽略（本轮未证明其他历史或分支是否含有）,0,32,
reports/2026-09-21/completion/edge-test-profile/Default/LOG,被Git忽略（本轮未证明其他历史或分支是否含有）,0,32,
reports/2026-09-21/completion/edge-test-profile/Default/Login Data,被Git忽略（本轮未证明其他历史或分支是否含有）,51200,32,
reports/2026-09-21/completion/edge-test-profile/Default/Login Data For Account,被Git忽略（本轮未证明其他历史或分支是否含有）,51200,32,
reports/2026-09-21/completion/edge-test-profile/Default/Login Data For Account-journal,被Git忽略（本轮未证明其他历史或分支是否含有）,0,32,
reports/2026-09-21/completion/edge-test-profile/Default/Login Data-journal,被Git忽略（本轮未证明其他历史或分支是否含有）,0,32,
reports/2026-09-21/completion/edge-test-profile/Default/Preferences,被Git忽略（本轮未证明其他历史或分支是否含有）,11920,32,
reports/2026-09-21/completion/edge-test-profile/Default/README,被Git忽略（本轮未证明其他历史或分支是否含有）,182,32,
reports/2026-09-21/completion/edge-test-profile/Default/Secure Preferences,被Git忽略（本轮未证明其他历史或分支是否含有）,30003,32,
reports/2026-09-21/completion/edge-test-profile/Default/ServerCertificate,被Git忽略（本轮未证明其他历史或分支是否含有）,20480,32,
reports/2026-09-21/completion/edge-test-profile/Default/ServerCertificate-journal,被Git忽略（本轮未证明其他历史或分支是否含有）,0,32,
reports/2026-09-21/completion/edge-test-profile/Default/Top Sites,被Git忽略（本轮未证明其他历史或分支是否含有）,20480,32,
reports/2026-09-21/completion/edge-test-profile/Default/Top Sites-journal,被Git忽略（本轮未证明其他历史或分支是否含有）,0,32,
reports/2026-09-21/completion/edge-test-profile/Default/trusted_vault.pb,被Git忽略（本轮未证明其他历史或分支是否含有）,84,32,
reports/2026-09-21/completion/edge-test-profile/Default/Vpn Tokens,被Git忽略（本轮未证明其他历史或分支是否含有）,28672,32,
reports/2026-09-21/completion/edge-test-profile/Default/Vpn Tokens-journal,被Git忽略（本轮未证明其他历史或分支是否含有）,0,32,
reports/2026-09-21/completion/edge-test-profile/Default/Web Data,被Git忽略（本轮未证明其他历史或分支是否含有）,227328,32,
reports/2026-09-21/completion/edge-test-profile/Default/Web Data-journal,被Git忽略（本轮未证明其他历史或分支是否含有）,0,32,
reports/2026-09-21/completion/edge-test-profile/Default/Cache/Cache_Data/data_0,被Git忽略（本轮未证明其他历史或分支是否含有）,45056,32,
reports/2026-09-21/completion/edge-test-profile/Default/Cache/Cache_Data/data_1,被Git忽略（本轮未证明其他历史或分支是否含有）,270336,32,
reports/2026-09-21/completion/edge-test-profile/Default/Cache/Cache_Data/data_2,被Git忽略（本轮未证明其他历史或分支是否含有）,8192,32,
reports/2026-09-21/completion/edge-test-profile/Default/Cache/Cache_Data/data_3,被Git忽略（本轮未证明其他历史或分支是否含有）,4202496,32,
reports/2026-09-21/completion/edge-test-profile/Default/Cache/Cache_Data/index,被Git忽略（本轮未证明其他历史或分支是否含有）,524656,32,
reports/2026-09-21/completion/edge-test-profile/Default/Cache/No_Vary_Search/journal.baj,被Git忽略（本轮未证明其他历史或分支是否含有）,4,32,
reports/2026-09-21/completion/edge-test-profile/Default/Cache/No_Vary_Search/snapshot.baf,被Git忽略（本轮未证明其他历史或分支是否含有）,20,32,
reports/2026-09-21/completion/edge-test-profile/Default/ClientCertificates/LOCK,被Git忽略（本轮未证明其他历史或分支是否含有）,0,32,
reports/2026-09-21/completion/edge-test-profile/Default/ClientCertificates/LOG,被Git忽略（本轮未证明其他历史或分支是否含有）,0,32,
reports/2026-09-21/completion/edge-test-profile/Default/Code Cache/js/2a8a6f695a3ff316_0,被Git忽略（本轮未证明其他历史或分支是否含有）,303,32,
reports/2026-09-21/completion/edge-test-profile/Default/Code Cache/js/2cca9bc741a6516d_0,被Git忽略（本轮未证明其他历史或分支是否含有）,306,32,
reports/2026-09-21/completion/edge-test-profile/Default/Code Cache/js/5cce1706364839f1_0,被Git忽略（本轮未证明其他历史或分支是否含有）,307,32,
reports/2026-09-21/completion/edge-test-profile/Default/Code Cache/js/5fbb54f36261c413_0,被Git忽略（本轮未证明其他历史或分支是否含有）,308,32,
reports/2026-09-21/completion/edge-test-profile/Default/Code Cache/js/7de0dc67a2b3a69c_0,被Git忽略（本轮未证明其他历史或分支是否含有）,307,32,
reports/2026-09-21/completion/edge-test-profile/Default/Code Cache/js/8020acacb3d13763_0,被Git忽略（本轮未证明其他历史或分支是否含有）,321,32,
reports/2026-09-21/completion/edge-test-profile/Default/Code Cache/js/8bb1867be67136eb_0,被Git忽略（本轮未证明其他历史或分支是否含有）,305,32,
reports/2026-09-21/completion/edge-test-profile/Default/Code Cache/js/945cb8fb56d09a8e_0,被Git忽略（本轮未证明其他历史或分支是否含有）,321,32,
reports/2026-09-21/completion/edge-test-profile/Default/Code Cache/js/b21fb45197b9c728_0,被Git忽略（本轮未证明其他历史或分支是否含有）,303,32,
reports/2026-09-21/completion/edge-test-profile/Default/Code Cache/js/ba678a2fbd8c358c_0,被Git忽略（本轮未证明其他历史或分支是否含有）,298,32,
reports/2026-09-21/completion/edge-test-profile/Default/Code Cache/js/baded5730168391f_0,被Git忽略（本轮未证明其他历史或分支是否含有）,313,32,
reports/2026-09-21/completion/edge-test-profile/Default/Code Cache/js/e94999eac39dfd99_0,被Git忽略（本轮未证明其他历史或分支是否含有）,317,32,
reports/2026-09-21/completion/edge-test-profile/Default/Code Cache/js/e9a142a21b9ad9ef_0,被Git忽略（本轮未证明其他历史或分支是否含有）,297,32,
reports/2026-09-21/completion/edge-test-profile/Default/Code Cache/js/ebce9e52a869b921_0,被Git忽略（本轮未证明其他历史或分支是否含有）,303,32,
reports/2026-09-21/completion/edge-test-profile/Default/Code Cache/js/index,被Git忽略（本轮未证明其他历史或分支是否含有）,24,32,
reports/2026-09-21/completion/edge-test-profile/Default/Code Cache/js/index-dir/the-real-index,被Git忽略（本轮未证明其他历史或分支是否含有）,384,32,
reports/2026-09-21/completion/edge-test-profile/Default/Code Cache/wasm/index,被Git忽略（本轮未证明其他历史或分支是否含有）,24,32,
reports/2026-09-21/completion/edge-test-profile/Default/Code Cache/wasm/index-dir/the-real-index,被Git忽略（本轮未证明其他历史或分支是否含有）,48,32,
reports/2026-09-21/completion/edge-test-profile/Default/commerce_subscription_db/LOCK,被Git忽略（本轮未证明其他历史或分支是否含有）,0,32,
reports/2026-09-21/completion/edge-test-profile/Default/commerce_subscription_db/LOG,被Git忽略（本轮未证明其他历史或分支是否含有）,0,32,
reports/2026-09-21/completion/edge-test-profile/Default/DawnGraphiteCache/data_0,被Git忽略（本轮未证明其他历史或分支是否含有）,8192,32,
reports/2026-09-21/completion/edge-test-profile/Default/DawnGraphiteCache/data_1,被Git忽略（本轮未证明其他历史或分支是否含有）,270336,32,
reports/2026-09-21/completion/edge-test-profile/Default/DawnGraphiteCache/data_2,被Git忽略（本轮未证明其他历史或分支是否含有）,8192,32,
reports/2026-09-21/completion/edge-test-profile/Default/DawnGraphiteCache/data_3,被Git忽略（本轮未证明其他历史或分支是否含有）,8192,32,
reports/2026-09-21/completion/edge-test-profile/Default/DawnGraphiteCache/index,被Git忽略（本轮未证明其他历史或分支是否含有）,262512,32,
reports/2026-09-21/completion/edge-test-profile/Default/DawnWebGPUCache/data_0,被Git忽略（本轮未证明其他历史或分支是否含有）,8192,32,
reports/2026-09-21/completion/edge-test-profile/Default/DawnWebGPUCache/data_1,被Git忽略（本轮未证明其他历史或分支是否含有）,270336,32,
reports/2026-09-21/completion/edge-test-profile/Default/DawnWebGPUCache/data_2,被Git忽略（本轮未证明其他历史或分支是否含有）,8192,32,
reports/2026-09-21/completion/edge-test-profile/Default/DawnWebGPUCache/data_3,被Git忽略（本轮未证明其他历史或分支是否含有）,8192,32,
reports/2026-09-21/completion/edge-test-profile/Default/DawnWebGPUCache/index,被Git忽略（本轮未证明其他历史或分支是否含有）,262512,32,
reports/2026-09-21/completion/edge-test-profile/Default/discounts_db/LOCK,被Git忽略（本轮未证明其他历史或分支是否含有）,0,32,
reports/2026-09-21/completion/edge-test-profile/Default/discounts_db/LOG,被Git忽略（本轮未证明其他历史或分支是否含有）,0,32,
reports/2026-09-21/completion/edge-test-profile/Default/discount_infos_db/LOCK,被Git忽略（本轮未证明其他历史或分支是否含有）,0,32,
reports/2026-09-21/completion/edge-test-profile/Default/discount_infos_db/LOG,被Git忽略（本轮未证明其他历史或分支是否含有）,0,32,
reports/2026-09-21/completion/edge-test-profile/Default/EdgeEDrop/EdgeEDropSQLite.db,被Git忽略（本轮未证明其他历史或分支是否含有）,32768,32,
reports/2026-09-21/completion/edge-test-profile/Default/EdgeEDrop/EdgeEDropSQLite.db-journal,被Git忽略（本轮未证明其他历史或分支是否含有）,0,32,
reports/2026-09-21/completion/edge-test-profile/Default/EdgeHubAppUsage/EdgeHubAppUsageSQLite.db,被Git忽略（本轮未证明其他历史或分支是否含有）,32768,32,
reports/2026-09-21/completion/edge-test-profile/Default/EdgeHubAppUsage/EdgeHubAppUsageSQLite.db-journal,被Git忽略（本轮未证明其他历史或分支是否含有）,0,32,
reports/2026-09-21/completion/edge-test-profile/Default/EdgePushStorageWithConnectTokenAndKey/LOCK,被Git忽略（本轮未证明其他历史或分支是否含有）,0,32,
reports/2026-09-21/completion/edge-test-profile/Default/EdgePushStorageWithConnectTokenAndKey/LOG,被Git忽略（本轮未证明其他历史或分支是否含有）,0,32,
reports/2026-09-21/completion/edge-test-profile/Default/Extension Rules/000003.log,被Git忽略（本轮未证明其他历史或分支是否含有）,171,32,
reports/2026-09-21/completion/edge-test-profile/Default/Extension Rules/CURRENT,被Git忽略（本轮未证明其他历史或分支是否含有）,16,32,
reports/2026-09-21/completion/edge-test-profile/Default/Extension Rules/LOCK,被Git忽略（本轮未证明其他历史或分支是否含有）,0,32,
reports/2026-09-21/completion/edge-test-profile/Default/Extension Rules/LOG,被Git忽略（本轮未证明其他历史或分支是否含有）,437,32,
reports/2026-09-21/completion/edge-test-profile/Default/Extension Rules/MANIFEST-000001,被Git忽略（本轮未证明其他历史或分支是否含有）,41,32,
reports/2026-09-21/completion/edge-test-profile/Default/Extension Scripts/000003.log,被Git忽略（本轮未证明其他历史或分支是否含有）,171,32,
reports/2026-09-21/completion/edge-test-profile/Default/Extension Scripts/CURRENT,被Git忽略（本轮未证明其他历史或分支是否含有）,16,32,
reports/2026-09-21/completion/edge-test-profile/Default/Extension Scripts/LOCK,被Git忽略（本轮未证明其他历史或分支是否含有）,0,32,
reports/2026-09-21/completion/edge-test-profile/Default/Extension Scripts/LOG,被Git忽略（本轮未证明其他历史或分支是否含有）,441,32,
reports/2026-09-21/completion/edge-test-profile/Default/Extension Scripts/MANIFEST-000001,被Git忽略（本轮未证明其他历史或分支是否含有）,41,32,
reports/2026-09-21/completion/edge-test-profile/Default/Extension State/000003.log,被Git忽略（本轮未证明其他历史或分支是否含有）,513,32,
reports/2026-09-21/completion/edge-test-profile/Default/Extension State/CURRENT,被Git忽略（本轮未证明其他历史或分支是否含有）,16,32,
reports/2026-09-21/completion/edge-test-profile/Default/Extension State/LOCK,被Git忽略（本轮未证明其他历史或分支是否含有）,0,32,
reports/2026-09-21/completion/edge-test-profile/Default/Extension State/LOG,被Git忽略（本轮未证明其他历史或分支是否含有）,437,32,
reports/2026-09-21/completion/edge-test-profile/Default/Extension State/MANIFEST-000001,被Git忽略（本轮未证明其他历史或分支是否含有）,41,32,
reports/2026-09-21/completion/edge-test-profile/Default/GPUCache/data_0,被Git忽略（本轮未证明其他历史或分支是否含有）,8192,32,
reports/2026-09-21/completion/edge-test-profile/Default/GPUCache/data_1,被Git忽略（本轮未证明其他历史或分支是否含有）,270336,32,
reports/2026-09-21/completion/edge-test-profile/Default/GPUCache/data_2,被Git忽略（本轮未证明其他历史或分支是否含有）,8192,32,
reports/2026-09-21/completion/edge-test-profile/Default/GPUCache/data_3,被Git忽略（本轮未证明其他历史或分支是否含有）,8192,32,
reports/2026-09-21/completion/edge-test-profile/Default/GPUCache/index,被Git忽略（本轮未证明其他历史或分支是否含有）,262512,32,
reports/2026-09-21/completion/edge-test-profile/Default/Local Extension Settings/jdiccldimpdaibmpdkjnbmckianbfold/000003.log,被Git忽略（本轮未证明其他历史或分支是否含有）,0,32,
reports/2026-09-21/completion/edge-test-profile/Default/Local Extension Settings/jdiccldimpdaibmpdkjnbmckianbfold/CURRENT,被Git忽略（本轮未证明其他历史或分支是否含有）,16,32,
reports/2026-09-21/completion/edge-test-profile/Default/Local Extension Settings/jdiccldimpdaibmpdkjnbmckianbfold/LOCK,被Git忽略（本轮未证明其他历史或分支是否含有）,0,32,
reports/2026-09-21/completion/edge-test-profile/Default/Local Extension Settings/jdiccldimpdaibmpdkjnbmckianbfold/LOG,被Git忽略（本轮未证明其他历史或分支是否含有）,521,32,
reports/2026-09-21/completion/edge-test-profile/Default/Local Extension Settings/jdiccldimpdaibmpdkjnbmckianbfold/MANIFEST-000001,被Git忽略（本轮未证明其他历史或分支是否含有）,41,32,
reports/2026-09-21/completion/edge-test-profile/Default/Local Storage/leveldb/000003.log,被Git忽略（本轮未证明其他历史或分支是否含有）,30,32,
reports/2026-09-21/completion/edge-test-profile/Default/Local Storage/leveldb/CURRENT,被Git忽略（本轮未证明其他历史或分支是否含有）,16,32,
reports/2026-09-21/completion/edge-test-profile/Default/Local Storage/leveldb/LOCK,被Git忽略（本轮未证明其他历史或分支是否含有）,0,32,
reports/2026-09-21/completion/edge-test-profile/Default/Local Storage/leveldb/LOG,被Git忽略（本轮未证明其他历史或分支是否含有）,449,32,
reports/2026-09-21/completion/edge-test-profile/Default/Local Storage/leveldb/MANIFEST-000001,被Git忽略（本轮未证明其他历史或分支是否含有）,41,32,
reports/2026-09-21/completion/edge-test-profile/Default/Network/Cookies,被Git忽略（本轮未证明其他历史或分支是否含有）,20480,32,
reports/2026-09-21/completion/edge-test-profile/Default/Network/Cookies-journal,被Git忽略（本轮未证明其他历史或分支是否含有）,0,32,
reports/2026-09-21/completion/edge-test-profile/Default/Network/Device Bound Sessions,被Git忽略（本轮未证明其他历史或分支是否含有）,20480,32,
reports/2026-09-21/completion/edge-test-profile/Default/Network/Device Bound Sessions-journal,被Git忽略（本轮未证明其他历史或分支是否含有）,0,32,
reports/2026-09-21/completion/edge-test-profile/Default/Network/Network Persistent State,被Git忽略（本轮未证明其他历史或分支是否含有）,244,32,
reports/2026-09-21/completion/edge-test-profile/Default/Network/NetworkDataMigrated,被Git忽略（本轮未证明其他历史或分支是否含有）,0,32,
reports/2026-09-21/completion/edge-test-profile/Default/Network/Reporting and NEL,被Git忽略（本轮未证明其他历史或分支是否含有）,36864,32,
reports/2026-09-21/completion/edge-test-profile/Default/Network/Reporting and NEL-journal,被Git忽略（本轮未证明其他历史或分支是否含有）,0,32,
reports/2026-09-21/completion/edge-test-profile/Default/Network/SCT Auditing Pending Reports,被Git忽略（本轮未证明其他历史或分支是否含有）,2,32,
reports/2026-09-21/completion/edge-test-profile/Default/Network/Sdch Dictionaries,被Git忽略（本轮未证明其他历史或分支是否含有）,40,32,
reports/2026-09-21/completion/edge-test-profile/Default/Network/Trust Tokens,被Git忽略（本轮未证明其他历史或分支是否含有）,36864,32,
reports/2026-09-21/completion/edge-test-profile/Default/Network/Trust Tokens-journal,被Git忽略（本轮未证明其他历史或分支是否含有）,0,32,
reports/2026-09-21/completion/edge-test-profile/Default/Nurturing/campaign_history,被Git忽略（本轮未证明其他历史或分支是否含有）,20480,32,
reports/2026-09-21/completion/edge-test-profile/Default/Nurturing/campaign_history-journal,被Git忽略（本轮未证明其他历史或分支是否含有）,0,32,
reports/2026-09-21/completion/edge-test-profile/Default/parcel_tracking_db/LOCK,被Git忽略（本轮未证明其他历史或分支是否含有）,0,32,
reports/2026-09-21/completion/edge-test-profile/Default/parcel_tracking_db/LOG,被Git忽略（本轮未证明其他历史或分支是否含有）,0,32,
reports/2026-09-21/completion/edge-test-profile/Default/PersistentOriginTrials/LOCK,被Git忽略（本轮未证明其他历史或分支是否含有）,0,32,
reports/2026-09-21/completion/edge-test-profile/Default/PersistentOriginTrials/LOG,被Git忽略（本轮未证明其他历史或分支是否含有）,0,32,
reports/2026-09-21/completion/edge-test-profile/Default/Safe Browsing Network/NetworkDataMigrated,被Git忽略（本轮未证明其他历史或分支是否含有）,0,32,
reports/2026-09-21/completion/edge-test-profile/Default/Safe Browsing Network/Safe Browsing Cookies,被Git忽略（本轮未证明其他历史或分支是否含有）,20480,32,
reports/2026-09-21/completion/edge-test-profile/Default/Safe Browsing Network/Safe Browsing Cookies-journal,被Git忽略（本轮未证明其他历史或分支是否含有）,0,32,
reports/2026-09-21/completion/edge-test-profile/Default/Service Worker/Database/000003.log,被Git忽略（本轮未证明其他历史或分支是否含有）,1038,32,
reports/2026-09-21/completion/edge-test-profile/Default/Service Worker/Database/CURRENT,被Git忽略（本轮未证明其他历史或分支是否含有）,16,32,
reports/2026-09-21/completion/edge-test-profile/Default/Service Worker/Database/LOCK,被Git忽略（本轮未证明其他历史或分支是否含有）,0,32,
reports/2026-09-21/completion/edge-test-profile/Default/Service Worker/Database/LOG,被Git忽略（本轮未证明其他历史或分支是否含有）,453,32,
reports/2026-09-21/completion/edge-test-profile/Default/Service Worker/Database/MANIFEST-000001,被Git忽略（本轮未证明其他历史或分支是否含有）,41,32,
reports/2026-09-21/completion/edge-test-profile/Default/Service Worker/ScriptCache/2cc80dabc69f58b6_0,被Git忽略（本轮未证明其他历史或分支是否含有）,266967,32,
reports/2026-09-21/completion/edge-test-profile/Default/Service Worker/ScriptCache/index,被Git忽略（本轮未证明其他历史或分支是否含有）,24,32,
reports/2026-09-21/completion/edge-test-profile/Default/Service Worker/ScriptCache/index-dir/the-real-index,被Git忽略（本轮未证明其他历史或分支是否含有）,72,32,
reports/2026-09-21/completion/edge-test-profile/Default/Session Storage/000003.log,被Git忽略（本轮未证明其他历史或分支是否含有）,163,32,
reports/2026-09-21/completion/edge-test-profile/Default/Session Storage/CURRENT,被Git忽略（本轮未证明其他历史或分支是否含有）,16,32,
reports/2026-09-21/completion/edge-test-profile/Default/Session Storage/LOCK,被Git忽略（本轮未证明其他历史或分支是否含有）,0,32,
reports/2026-09-21/completion/edge-test-profile/Default/Session Storage/LOG,被Git忽略（本轮未证明其他历史或分支是否含有）,437,32,
reports/2026-09-21/completion/edge-test-profile/Default/Session Storage/MANIFEST-000001,被Git忽略（本轮未证明其他历史或分支是否含有）,41,32,
reports/2026-09-21/completion/edge-test-profile/Default/Sessions/Session_13434524154682533,被Git忽略（本轮未证明其他历史或分支是否含有）,2435,32,
reports/2026-09-21/completion/edge-test-profile/Default/Sessions/Tabs_13434524154776427,被Git忽略（本轮未证明其他历史或分支是否含有）,2104,32,
reports/2026-09-21/completion/edge-test-profile/Default/Shared Dictionary/db,被Git忽略（本轮未证明其他历史或分支是否含有）,45056,32,
reports/2026-09-21/completion/edge-test-profile/Default/Shared Dictionary/db-journal,被Git忽略（本轮未证明其他历史或分支是否含有）,0,32,
reports/2026-09-21/completion/edge-test-profile/Default/Shared Dictionary/cache/index,被Git忽略（本轮未证明其他历史或分支是否含有）,24,32,
reports/2026-09-21/completion/edge-test-profile/Default/Shared Dictionary/cache/index-dir/the-real-index,被Git忽略（本轮未证明其他历史或分支是否含有）,48,32,
reports/2026-09-21/completion/edge-test-profile/Default/shared_proto_db/000003.log,被Git忽略（本轮未证明其他历史或分支是否含有）,38,32,
reports/2026-09-21/completion/edge-test-profile/Default/shared_proto_db/CURRENT,被Git忽略（本轮未证明其他历史或分支是否含有）,16,32,
reports/2026-09-21/completion/edge-test-profile/Default/shared_proto_db/LOCK,被Git忽略（本轮未证明其他历史或分支是否含有）,0,32,
reports/2026-09-21/completion/edge-test-profile/Default/shared_proto_db/LOG,被Git忽略（本轮未证明其他历史或分支是否含有）,437,32,
reports/2026-09-21/completion/edge-test-profile/Default/shared_proto_db/MANIFEST-000001,被Git忽略（本轮未证明其他历史或分支是否含有）,41,32,
reports/2026-09-21/completion/edge-test-profile/Default/shared_proto_db/metadata/000003.log,被Git忽略（本轮未证明其他历史或分支是否含有）,474,32,
reports/2026-09-21/completion/edge-test-profile/Default/shared_proto_db/metadata/CURRENT,被Git忽略（本轮未证明其他历史或分支是否含有）,16,32,
reports/2026-09-21/completion/edge-test-profile/Default/shared_proto_db/metadata/LOCK,被Git忽略（本轮未证明其他历史或分支是否含有）,0,32,
reports/2026-09-21/completion/edge-test-profile/Default/shared_proto_db/metadata/LOG,被Git忽略（本轮未证明其他历史或分支是否含有）,455,32,
reports/2026-09-21/completion/edge-test-profile/Default/shared_proto_db/metadata/MANIFEST-000001,被Git忽略（本轮未证明其他历史或分支是否含有）,41,32,
reports/2026-09-21/completion/edge-test-profile/Default/Site Characteristics Database/000003.log,被Git忽略（本轮未证明其他历史或分支是否含有）,40,32,
reports/2026-09-21/completion/edge-test-profile/Default/Site Characteristics Database/CURRENT,被Git忽略（本轮未证明其他历史或分支是否含有）,16,32,
reports/2026-09-21/completion/edge-test-profile/Default/Site Characteristics Database/LOCK,被Git忽略（本轮未证明其他历史或分支是否含有）,0,32,
reports/2026-09-21/completion/edge-test-profile/Default/Site Characteristics Database/LOG,被Git忽略（本轮未证明其他历史或分支是否含有）,465,32,
reports/2026-09-21/completion/edge-test-profile/Default/Site Characteristics Database/MANIFEST-000001,被Git忽略（本轮未证明其他历史或分支是否含有）,41,32,
reports/2026-09-21/completion/edge-test-profile/Default/Storage/ext/ihmafllikibpmigkcoadcmckbfhibefp/def/Code Cache/js/6f3a0dc5e6916f1e_0,被Git忽略（本轮未证明其他历史或分支是否含有）,309,32,
reports/2026-09-21/completion/edge-test-profile/Default/Storage/ext/ihmafllikibpmigkcoadcmckbfhibefp/def/Code Cache/js/index,被Git忽略（本轮未证明其他历史或分支是否含有）,24,32,
reports/2026-09-21/completion/edge-test-profile/Default/Storage/ext/ihmafllikibpmigkcoadcmckbfhibefp/def/Code Cache/js/index-dir/the-real-index,被Git忽略（本轮未证明其他历史或分支是否含有）,72,32,
reports/2026-09-21/completion/edge-test-profile/Default/Storage/ext/ihmafllikibpmigkcoadcmckbfhibefp/def/Code Cache/wasm/index,被Git忽略（本轮未证明其他历史或分支是否含有）,24,32,
reports/2026-09-21/completion/edge-test-profile/Default/Storage/ext/ihmafllikibpmigkcoadcmckbfhibefp/def/Code Cache/wasm/index-dir/the-real-index,被Git忽略（本轮未证明其他历史或分支是否含有）,48,32,
reports/2026-09-21/completion/edge-test-profile/Default/Storage/ext/ihmafllikibpmigkcoadcmckbfhibefp/def/DawnGraphiteCache/data_0,被Git忽略（本轮未证明其他历史或分支是否含有）,8192,32,
reports/2026-09-21/completion/edge-test-profile/Default/Storage/ext/ihmafllikibpmigkcoadcmckbfhibefp/def/DawnGraphiteCache/data_1,被Git忽略（本轮未证明其他历史或分支是否含有）,270336,32,
reports/2026-09-21/completion/edge-test-profile/Default/Storage/ext/ihmafllikibpmigkcoadcmckbfhibefp/def/DawnGraphiteCache/data_2,被Git忽略（本轮未证明其他历史或分支是否含有）,8192,32,
reports/2026-09-21/completion/edge-test-profile/Default/Storage/ext/ihmafllikibpmigkcoadcmckbfhibefp/def/DawnGraphiteCache/data_3,被Git忽略（本轮未证明其他历史或分支是否含有）,8192,32,
reports/2026-09-21/completion/edge-test-profile/Default/Storage/ext/ihmafllikibpmigkcoadcmckbfhibefp/def/DawnGraphiteCache/index,被Git忽略（本轮未证明其他历史或分支是否含有）,262512,32,
reports/2026-09-21/completion/edge-test-profile/Default/Storage/ext/ihmafllikibpmigkcoadcmckbfhibefp/def/DawnWebGPUCache/data_0,被Git忽略（本轮未证明其他历史或分支是否含有）,8192,32,
reports/2026-09-21/completion/edge-test-profile/Default/Storage/ext/ihmafllikibpmigkcoadcmckbfhibefp/def/DawnWebGPUCache/data_1,被Git忽略（本轮未证明其他历史或分支是否含有）,270336,32,
reports/2026-09-21/completion/edge-test-profile/Default/Storage/ext/ihmafllikibpmigkcoadcmckbfhibefp/def/DawnWebGPUCache/data_2,被Git忽略（本轮未证明其他历史或分支是否含有）,8192,32,
reports/2026-09-21/completion/edge-test-profile/Default/Storage/ext/ihmafllikibpmigkcoadcmckbfhibefp/def/DawnWebGPUCache/data_3,被Git忽略（本轮未证明其他历史或分支是否含有）,8192,32,
reports/2026-09-21/completion/edge-test-profile/Default/Storage/ext/ihmafllikibpmigkcoadcmckbfhibefp/def/DawnWebGPUCache/index,被Git忽略（本轮未证明其他历史或分支是否含有）,262512,32,
reports/2026-09-21/completion/edge-test-profile/Default/Storage/ext/ihmafllikibpmigkcoadcmckbfhibefp/def/GPUCache/data_0,被Git忽略（本轮未证明其他历史或分支是否含有）,8192,32,
reports/2026-09-21/completion/edge-test-profile/Default/Storage/ext/ihmafllikibpmigkcoadcmckbfhibefp/def/GPUCache/data_1,被Git忽略（本轮未证明其他历史或分支是否含有）,270336,32,
reports/2026-09-21/completion/edge-test-profile/Default/Storage/ext/ihmafllikibpmigkcoadcmckbfhibefp/def/GPUCache/data_2,被Git忽略（本轮未证明其他历史或分支是否含有）,8192,32,
reports/2026-09-21/completion/edge-test-profile/Default/Storage/ext/ihmafllikibpmigkcoadcmckbfhibefp/def/GPUCache/data_3,被Git忽略（本轮未证明其他历史或分支是否含有）,8192,32,
reports/2026-09-21/completion/edge-test-profile/Default/Storage/ext/ihmafllikibpmigkcoadcmckbfhibefp/def/GPUCache/index,被Git忽略（本轮未证明其他历史或分支是否含有）,262512,32,
reports/2026-09-21/completion/edge-test-profile/Default/Storage/ext/ihmafllikibpmigkcoadcmckbfhibefp/def/Local Storage/leveldb/000003.log,被Git忽略（本轮未证明其他历史或分支是否含有）,30,32,
reports/2026-09-21/completion/edge-test-profile/Default/Storage/ext/ihmafllikibpmigkcoadcmckbfhibefp/def/Local Storage/leveldb/CURRENT,被Git忽略（本轮未证明其他历史或分支是否含有）,16,32,
reports/2026-09-21/completion/edge-test-profile/Default/Storage/ext/ihmafllikibpmigkcoadcmckbfhibefp/def/Local Storage/leveldb/LOCK,被Git忽略（本轮未证明其他历史或分支是否含有）,0,32,
reports/2026-09-21/completion/edge-test-profile/Default/Storage/ext/ihmafllikibpmigkcoadcmckbfhibefp/def/Local Storage/leveldb/LOG,被Git忽略（本轮未证明其他历史或分支是否含有）,547,32,
reports/2026-09-21/completion/edge-test-profile/Default/Storage/ext/ihmafllikibpmigkcoadcmckbfhibefp/def/Local Storage/leveldb/MANIFEST-000001,被Git忽略（本轮未证明其他历史或分支是否含有）,41,32,
reports/2026-09-21/completion/edge-test-profile/Default/Storage/ext/ihmafllikibpmigkcoadcmckbfhibefp/def/Network/Device Bound Sessions,被Git忽略（本轮未证明其他历史或分支是否含有）,20480,32,
reports/2026-09-21/completion/edge-test-profile/Default/Storage/ext/ihmafllikibpmigkcoadcmckbfhibefp/def/Network/Device Bound Sessions-journal,被Git忽略（本轮未证明其他历史或分支是否含有）,0,32,
reports/2026-09-21/completion/edge-test-profile/Default/Storage/ext/ihmafllikibpmigkcoadcmckbfhibefp/def/Network/Network Persistent State,被Git忽略（本轮未证明其他历史或分支是否含有）,111,32,
reports/2026-09-21/completion/edge-test-profile/Default/Storage/ext/ihmafllikibpmigkcoadcmckbfhibefp/def/Network/NetworkDataMigrated,被Git忽略（本轮未证明其他历史或分支是否含有）,0,32,
reports/2026-09-21/completion/edge-test-profile/Default/Storage/ext/ihmafllikibpmigkcoadcmckbfhibefp/def/Network/SCT Auditing Pending Reports,被Git忽略（本轮未证明其他历史或分支是否含有）,2,32,
reports/2026-09-21/completion/edge-test-profile/Default/Storage/ext/ihmafllikibpmigkcoadcmckbfhibefp/def/Network/Trust Tokens,被Git忽略（本轮未证明其他历史或分支是否含有）,36864,32,
reports/2026-09-21/completion/edge-test-profile/Default/Storage/ext/ihmafllikibpmigkcoadcmckbfhibefp/def/Network/Trust Tokens-journal,被Git忽略（本轮未证明其他历史或分支是否含有）,0,32,
reports/2026-09-21/completion/edge-test-profile/Default/Storage/ext/ihmafllikibpmigkcoadcmckbfhibefp/def/Session Storage/000003.log,被Git忽略（本轮未证明其他历史或分支是否含有）,49,32,
reports/2026-09-21/completion/edge-test-profile/Default/Storage/ext/ihmafllikibpmigkcoadcmckbfhibefp/def/Session Storage/CURRENT,被Git忽略（本轮未证明其他历史或分支是否含有）,16,32,
reports/2026-09-21/completion/edge-test-profile/Default/Storage/ext/ihmafllikibpmigkcoadcmckbfhibefp/def/Session Storage/LOCK,被Git忽略（本轮未证明其他历史或分支是否含有）,0,32,
reports/2026-09-21/completion/edge-test-profile/Default/Storage/ext/ihmafllikibpmigkcoadcmckbfhibefp/def/Session Storage/LOG,被Git忽略（本轮未证明其他历史或分支是否含有）,535,32,
reports/2026-09-21/completion/edge-test-profile/Default/Storage/ext/ihmafllikibpmigkcoadcmckbfhibefp/def/Session Storage/MANIFEST-000001,被Git忽略（本轮未证明其他历史或分支是否含有）,41,32,
reports/2026-09-21/completion/edge-test-profile/Default/Storage/ext/ihmafllikibpmigkcoadcmckbfhibefp/def/Shared Dictionary/db,被Git忽略（本轮未证明其他历史或分支是否含有）,45056,32,
reports/2026-09-21/completion/edge-test-profile/Default/Storage/ext/ihmafllikibpmigkcoadcmckbfhibefp/def/Shared Dictionary/db-journal,被Git忽略（本轮未证明其他历史或分支是否含有）,0,32,
reports/2026-09-21/completion/edge-test-profile/Default/Storage/ext/ihmafllikibpmigkcoadcmckbfhibefp/def/Shared Dictionary/cache/index,被Git忽略（本轮未证明其他历史或分支是否含有）,24,32,
reports/2026-09-21/completion/edge-test-profile/Default/Storage/ext/ihmafllikibpmigkcoadcmckbfhibefp/def/Shared Dictionary/cache/index-dir/the-real-index,被Git忽略（本轮未证明其他历史或分支是否含有）,48,32,
reports/2026-09-21/completion/edge-test-profile/Default/Sync Data/LevelDB/000003.log,被Git忽略（本轮未证明其他历史或分支是否含有）,118,32,
reports/2026-09-21/completion/edge-test-profile/Default/Sync Data/LevelDB/CURRENT,被Git忽略（本轮未证明其他历史或分支是否含有）,16,32,
reports/2026-09-21/completion/edge-test-profile/Default/Sync Data/LevelDB/LOCK,被Git忽略（本轮未证明其他历史或分支是否含有）,0,32,
reports/2026-09-21/completion/edge-test-profile/Default/Sync Data/LevelDB/LOG,被Git忽略（本轮未证明其他历史或分支是否含有）,441,32,
reports/2026-09-21/completion/edge-test-profile/Default/Sync Data/LevelDB/MANIFEST-000001,被Git忽略（本轮未证明其他历史或分支是否含有）,41,32,
reports/2026-09-21/completion/edge-test-profile/Default/WebStorage/QuotaManager,被Git忽略（本轮未证明其他历史或分支是否含有）,40960,32,
reports/2026-09-21/completion/edge-test-profile/Default/WebStorage/QuotaManager-journal,被Git忽略（本轮未证明其他历史或分支是否含有）,0,32,
reports/2026-09-21/completion/edge-test-profile/extensions_crx_cache/metadata.json,被Git忽略（本轮未证明其他历史或分支是否含有）,13,32,
reports/2026-09-21/completion/edge-test-profile/GPUPersistentCache/DawnGraphiteCache/WRJTYMYAB73RC6HTXXLKRS2FEZVUG6PP/cache.db,被Git忽略（本轮未证明其他历史或分支是否含有）,4096,32,
reports/2026-09-21/completion/edge-test-profile/GPUPersistentCache/DawnGraphiteCache/WRJTYMYAB73RC6HTXXLKRS2FEZVUG6PP/cache.db-wal,被Git忽略（本轮未证明其他历史或分支是否含有）,12392,32,
reports/2026-09-21/completion/edge-test-profile/GPUPersistentCache/DawnGraphiteCache/WRJTYMYAB73RC6HTXXLKRS2FEZVUG6PP/cache.journal,被Git忽略（本轮未证明其他历史或分支是否含有）,0,32,
reports/2026-09-21/completion/edge-test-profile/GrShaderCache/data_0,被Git忽略（本轮未证明其他历史或分支是否含有）,45056,32,
reports/2026-09-21/completion/edge-test-profile/GrShaderCache/data_1,被Git忽略（本轮未证明其他历史或分支是否含有）,270336,32,
reports/2026-09-21/completion/edge-test-profile/GrShaderCache/data_2,被Git忽略（本轮未证明其他历史或分支是否含有）,8192,32,
reports/2026-09-21/completion/edge-test-profile/GrShaderCache/data_3,被Git忽略（本轮未证明其他历史或分支是否含有）,4202496,32,
reports/2026-09-21/completion/edge-test-profile/GrShaderCache/index,被Git忽略（本轮未证明其他历史或分支是否含有）,262512,32,
reports/2026-09-21/completion/edge-test-profile/Nurturing/campaign_history,被Git忽略（本轮未证明其他历史或分支是否含有）,20480,32,
reports/2026-09-21/completion/edge-test-profile/Nurturing/campaign_history-journal,被Git忽略（本轮未证明其他历史或分支是否含有）,0,32,
reports/2026-09-21/completion/edge-test-profile/ShaderCache/data_0,被Git忽略（本轮未证明其他历史或分支是否含有）,8192,32,
reports/2026-09-21/completion/edge-test-profile/ShaderCache/data_1,被Git忽略（本轮未证明其他历史或分支是否含有）,270336,32,
reports/2026-09-21/completion/edge-test-profile/ShaderCache/data_2,被Git忽略（本轮未证明其他历史或分支是否含有）,8192,32,
reports/2026-09-21/completion/edge-test-profile/ShaderCache/data_3,被Git忽略（本轮未证明其他历史或分支是否含有）,8192,32,
reports/2026-09-21/completion/edge-test-profile/ShaderCache/index,被Git忽略（本轮未证明其他历史或分支是否含有）,262512,32,
reports/2026-09-21/completion/edge-test-profile/SmartScreen/RemoteData/customSettings,被Git忽略（本轮未证明其他历史或分支是否含有）,47,32,
reports/2026-09-21/completion/edge-test-profile/SmartScreen/RemoteData/customSettings_F95BA787499AB4FA9EFFF472CE383A14,被Git忽略（本轮未证明其他历史或分支是否含有）,35,32,
reports/2026-09-21/completion/edge-test-profile/SmartScreen/RemoteData/edgeSettings,被Git忽略（本轮未证明其他历史或分支是否含有）,18,32,
reports/2026-09-21/completion/edge-test-profile/SmartScreen/RemoteData/edgeSettings_2.0-0,被Git忽略（本轮未证明其他历史或分支是否含有）,3552,32,
reports/2026-09-21/completion/models-lab/engines.xlsx,被Git忽略（本轮未证明其他历史或分支是否含有）,5330,32,
reports/2026-09-21/completion/models-lab/executed.ipynb,被Git忽略（本轮未证明其他历史或分支是否含有）,1058,32,
reports/2026-09-21/completion/models-lab/models-result.json,被Git忽略（本轮未证明其他历史或分支是否含有）,376,32,
reports/2026-09-21/completion/r-validation/check.R,被Git忽略（本轮未证明其他历史或分支是否含有）,1772,32,
reports/2026-09-21/completion/r-validation/r-check.parquet,被Git忽略（本轮未证明其他历史或分支是否含有）,400408,32,
reports/2026-09-21/completion/r-validation/r-package-snapshot.csv,被Git忽略（本轮未证明其他历史或分支是否含有）,55520,32,
reports/2026-09-21/completion/r-validation/r-result.json,被Git忽略（本轮未证明其他历史或分支是否含有）,187,32,
reports/2026-09-21/completion/smoke-ds/chart.html,被Git忽略（本轮未证明其他历史或分支是否含有）,4567046,32,
reports/2026-09-21/completion/smoke-ds/regression.png,被Git忽略（本轮未证明其他历史或分支是否含有）,15500,32,
reports/2026-09-21/completion/smoke-ds/sample-openpyxl.xlsx,被Git忽略（本轮未证明其他历史或分支是否含有）,4988,32,
reports/2026-09-21/completion/smoke-ds/sample-xlsxwriter.xlsx,被Git忽略（本轮未证明其他历史或分支是否含有）,5461,32,
reports/2026-09-21/completion/smoke-ds/sample.parquet,被Git忽略（本轮未证明其他历史或分支是否含有）,1697,32,
reports/2026-09-21/completion/smoke-ds/smoke-result.json,被Git忽略（本轮未证明其他历史或分支是否含有）,21414,32,
reports/2026-09-21/completion/smoke-lab/chart.html,被Git忽略（本轮未证明其他历史或分支是否含有）,4827351,32,
reports/2026-09-21/completion/smoke-lab/regression.png,被Git忽略（本轮未证明其他历史或分支是否含有）,15500,32,
reports/2026-09-21/completion/smoke-lab/sample-openpyxl.xlsx,被Git忽略（本轮未证明其他历史或分支是否含有）,4897,32,
reports/2026-09-21/completion/smoke-lab/sample-xlsxwriter.xlsx,被Git忽略（本轮未证明其他历史或分支是否含有）,5352,32,
reports/2026-09-21/completion/smoke-lab/sample.parquet,被Git忽略（本轮未证明其他历史或分支是否含有）,1693,32,
reports/2026-09-21/completion/smoke-lab/smoke-result.json,被Git忽略（本轮未证明其他历史或分支是否含有）,5712,32,
reports/2026-09-21/excel-repair/0-before.txt,被Git忽略（本轮未证明其他历史或分支是否含有）,3348,32,
reports/2026-09-21/excel-repair/0-plan.log,被Git忽略（本轮未证明其他历史或分支是否含有）,259,32,
reports/2026-09-21/excel-repair/0-venv.log,被Git忽略（本轮未证明其他历史或分支是否含有）,0,32,
reports/2026-09-21/excel-repair/20260921-081209-334613/0-after.log,被Git忽略（本轮未证明其他历史或分支是否含有）,3460,32,
reports/2026-09-21/excel-repair/20260921-081209-334613/0-after.txt,被Git忽略（本轮未证明其他历史或分支是否含有）,3406,32,
reports/2026-09-21/excel-repair/20260921-081209-334613/0-before.log,被Git忽略（本轮未证明其他历史或分支是否含有）,3348,32,
reports/2026-09-21/excel-repair/20260921-081209-334613/0-before.txt,被Git忽略（本轮未证明其他历史或分支是否含有）,3294,32,
reports/2026-09-21/excel-repair/20260921-081209-334613/0-check.log,被Git忽略（本轮未证明其他历史或分支是否含有）,123,32,
reports/2026-09-21/excel-repair/20260921-081209-334613/0-install.log,被Git忽略（本轮未证明其他历史或分支是否含有）,380,32,
reports/2026-09-21/excel-repair/20260921-081209-334613/0-plan.log,被Git忽略（本轮未证明其他历史或分支是否含有）,368,32,
reports/2026-09-21/excel-repair/20260921-081209-334613/0-venv.log,被Git忽略（本轮未证明其他历史或分支是否含有）,0,32,
reports/2026-09-21/excel-repair/20260921-081209-334613/1-after.log,被Git忽略（本轮未证明其他历史或分支是否含有）,3471,32,
reports/2026-09-21/excel-repair/20260921-081209-334613/1-after.txt,被Git忽略（本轮未证明其他历史或分支是否含有）,3406,32,
reports/2026-09-21/excel-repair/20260921-081209-334613/1-before.log,被Git忽略（本轮未证明其他历史或分支是否含有）,3359,32,
reports/2026-09-21/excel-repair/20260921-081209-334613/1-before.txt,被Git忽略（本轮未证明其他历史或分支是否含有）,3294,32,
reports/2026-09-21/excel-repair/20260921-081209-334613/1-check.log,被Git忽略（本轮未证明其他历史或分支是否含有）,134,32,
reports/2026-09-21/excel-repair/20260921-081209-334613/1-install.log,被Git忽略（本轮未证明其他历史或分支是否含有）,255,32,
reports/2026-09-21/excel-repair/20260921-081209-334613/1-plan.log,被Git忽略（本轮未证明其他历史或分支是否含有）,276,32,
reports/2026-09-21/excel-repair/20260921-081209-334613/1-venv.log,被Git忽略（本轮未证明其他历史或分支是否含有）,0,32,
reports/2026-09-21/excel-repair/20260921-081209-334613/status.json,被Git忽略（本轮未证明其他历史或分支是否含有）,469,32,
reports/2026-09-21/largefile-verified/analysis-result.json,被Git忽略（本轮未证明其他历史或分支是否含有）,963,32,
reports/2026-09-21/largefile-verified/query-config.json,被Git忽略（本轮未证明其他历史或分支是否含有）,402,32,
reports/2026-09-21/largefile-verified/query.py,被Git忽略（本轮未证明其他历史或分支是否含有）,2600,32,
reports/2026-09-21/largefile-verified/result.parquet,被Git忽略（本轮未证明其他历史或分支是否含有）,675,32,
reports/2026-09-21/launcher-check/chart.html,被Git忽略（本轮未证明其他历史或分支是否含有）,4827351,32,
reports/2026-09-21/launcher-check/regression.png,被Git忽略（本轮未证明其他历史或分支是否含有）,15500,32,
reports/2026-09-21/launcher-check/sample-openpyxl.xlsx,被Git忽略（本轮未证明其他历史或分支是否含有）,4896,32,
reports/2026-09-21/launcher-check/sample-xlsxwriter.xlsx,被Git忽略（本轮未证明其他历史或分支是否含有）,5351,32,
reports/2026-09-21/launcher-check/sample.parquet,被Git忽略（本轮未证明其他历史或分支是否含有）,1693,32,
reports/2026-09-21/launcher-check/smoke-result.json,被Git忽略（本轮未证明其他历史或分支是否含有）,5506,32,
reports/2026-09-21/models-ds/engines.xlsx,被Git忽略（本轮未证明其他历史或分支是否含有）,5329,32,
reports/2026-09-21/models-ds/executed.ipynb,被Git忽略（本轮未证明其他历史或分支是否含有）,1046,32,
reports/2026-09-21/models-ds/models-result.json,被Git忽略（本轮未证明其他历史或分支是否含有）,364,32,
reports/2026-09-21/models-lab/engines.xlsx,被Git忽略（本轮未证明其他历史或分支是否含有）,5329,32,
reports/2026-09-21/models-lab/executed.ipynb,被Git忽略（本轮未证明其他历史或分支是否含有）,1058,32,
reports/2026-09-21/models-lab/models-result.json,被Git忽略（本轮未证明其他历史或分支是否含有）,376,32,
reports/2026-09-21/rediagnosis/00_metadata.csv,被Git忽略（本轮未证明其他历史或分支是否含有）,331,32,
reports/2026-09-21/rediagnosis/00_metadata.json,被Git忽略（本轮未证明其他历史或分支是否含有）,395,32,
reports/2026-09-21/rediagnosis/00_summary.md,被Git忽略（本轮未证明其他历史或分支是否含有）,3465,32,
reports/2026-09-21/rediagnosis/01_system.csv,被Git忽略（本轮未证明其他历史或分支是否含有）,411,32,
reports/2026-09-21/rediagnosis/01_system.json,被Git忽略（本轮未证明其他历史或分支是否含有）,524,32,
reports/2026-09-21/rediagnosis/02_cpu.csv,被Git忽略（本轮未证明其他历史或分支是否含有）,265,32,
reports/2026-09-21/rediagnosis/02_cpu.json,被Git忽略（本轮未证明其他历史或分支是否含有）,321,32,
reports/2026-09-21/rediagnosis/03_memory.csv,被Git忽略（本轮未证明其他历史或分支是否含有）,182,32,
reports/2026-09-21/rediagnosis/03_memory.json,被Git忽略（本轮未证明其他历史或分支是否含有）,336,32,
reports/2026-09-21/rediagnosis/04_gpu.csv,被Git忽略（本轮未证明其他历史或分支是否含有）,260,32,
reports/2026-09-21/rediagnosis/04_gpu.json,被Git忽略（本轮未证明其他历史或分支是否含有）,317,32,
reports/2026-09-21/rediagnosis/05_bios.csv,被Git忽略（本轮未证明其他历史或分支是否含有）,114,32,
reports/2026-09-21/rediagnosis/05_bios.json,被Git忽略（本轮未证明其他历史或分支是否含有）,143,32,
reports/2026-09-21/rediagnosis/06_volumes.csv,被Git忽略（本轮未证明其他历史或分支是否含有）,97,32,
reports/2026-09-21/rediagnosis/06_volumes.json,被Git忽略（本轮未证明其他历史或分支是否含有）,140,32,
reports/2026-09-21/rediagnosis/07_disks.csv,被Git忽略（本轮未证明其他历史或分支是否含有）,138,32,
reports/2026-09-21/rediagnosis/07_disks.json,被Git忽略（本轮未证明其他历史或分支是否含有）,192,32,
reports/2026-09-21/rediagnosis/08_pagefile.csv,被Git忽略（本轮未证明其他历史或分支是否含有）,117,32,
reports/2026-09-21/rediagnosis/08_pagefile.json,被Git忽略（本轮未证明其他历史或分支是否含有）,159,32,
reports/2026-09-21/rediagnosis/09_updates.csv,被Git忽略（本轮未证明其他历史或分支是否含有）,514,32,
reports/2026-09-21/rediagnosis/09_updates.json,被Git忽略（本轮未证明其他历史或分支是否含有）,844,32,
reports/2026-09-21/rediagnosis/10_reboot.csv,被Git忽略（本轮未证明其他历史或分支是否含有）,68,32,
reports/2026-09-21/rediagnosis/10_reboot.json,被Git忽略（本轮未证明其他历史或分支是否含有）,97,32,
reports/2026-09-21/rediagnosis/11_software.csv,被Git忽略（本轮未证明其他历史或分支是否含有）,11090,32,
reports/2026-09-21/rediagnosis/11_software.json,被Git忽略（本轮未证明其他历史或分支是否含有）,25508,32,
reports/2026-09-21/rediagnosis/12_appx_current_user.csv,被Git忽略（本轮未证明其他历史或分支是否含有）,10967,32,
reports/2026-09-21/rediagnosis/12_appx_current_user.json,被Git忽略（本轮未证明其他历史或分支是否含有）,28997,32,
reports/2026-09-21/rediagnosis/13_startup.csv,被Git忽略（本轮未证明其他历史或分支是否含有）,802,32,
reports/2026-09-21/rediagnosis/13_startup.json,被Git忽略（本轮未证明其他历史或分支是否含有）,1111,32,
reports/2026-09-21/rediagnosis/14_services.csv,被Git忽略（本轮未证明其他历史或分支是否含有）,21243,32,
reports/2026-09-21/rediagnosis/14_services.json,被Git忽略（本轮未证明其他历史或分支是否含有）,51902,32,
reports/2026-09-21/rediagnosis/15_scheduled_tasks.csv,被Git忽略（本轮未证明其他历史或分支是否含有）,13990,32,
reports/2026-09-21/rediagnosis/15_scheduled_tasks.json,被Git忽略（本轮未证明其他历史或分支是否含有）,26813,32,
reports/2026-09-21/rediagnosis/16_defender.csv,被Git忽略（本轮未证明其他历史或分支是否含有）,297,32,
reports/2026-09-21/rediagnosis/16_defender.json,被Git忽略（本轮未证明其他历史或分支是否含有）,381,32,
reports/2026-09-21/rediagnosis/17_antivirus.csv,被Git忽略（本轮未证明其他历史或分支是否含有）,111,32,
reports/2026-09-21/rediagnosis/17_antivirus.json,被Git忽略（本轮未证明其他历史或分支是否含有）,187,32,
reports/2026-09-21/rediagnosis/18_firewall.csv,被Git忽略（本轮未证明其他历史或分支是否含有）,141,32,
reports/2026-09-21/rediagnosis/18_firewall.json,被Git忽略（本轮未证明其他历史或分支是否含有）,373,32,
reports/2026-09-21/rediagnosis/19_secure_boot.json,被Git忽略（本轮未证明其他历史或分支是否含有）,5,32,
reports/2026-09-21/rediagnosis/20_tpm.csv,被Git忽略（本轮未证明其他历史或分支是否含有）,101,32,
reports/2026-09-21/rediagnosis/20_tpm.json,被Git忽略（本轮未证明其他历史或分支是否含有）,181,32,
reports/2026-09-21/rediagnosis/21_tpm_specification.json,被Git忽略（本轮未证明其他历史或分支是否含有）,5,32,
reports/2026-09-21/rediagnosis/22_bitlocker.json,被Git忽略（本轮未证明其他历史或分支是否含有）,5,32,
reports/2026-09-21/rediagnosis/23_security_settings.csv,被Git忽略（本轮未证明其他历史或分支是否含有）,104,32,
reports/2026-09-21/rediagnosis/23_security_settings.json,被Git忽略（本轮未证明其他历史或分支是否含有）,138,32,
reports/2026-09-21/rediagnosis/24_device_guard.csv,被Git忽略（本轮未证明其他历史或分支是否含有）,181,32,
reports/2026-09-21/rediagnosis/24_device_guard.json,被Git忽略（本轮未证明其他历史或分支是否含有）,271,32,
reports/2026-09-21/rediagnosis/25_optional_features.json,被Git忽略（本轮未证明其他历史或分支是否含有）,5,32,
reports/2026-09-21/rediagnosis/26_smb.csv,被Git忽略（本轮未证明其他历史或分支是否含有）,128,32,
reports/2026-09-21/rediagnosis/26_smb.json,被Git忽略（本轮未证明其他历史或分支是否含有）,162,32,
reports/2026-09-21/rediagnosis/27_settings.csv,被Git忽略（本轮未证明其他历史或分支是否含有）,145,32,
reports/2026-09-21/rediagnosis/27_settings.json,被Git忽略（本轮未证明其他历史或分支是否含有）,199,32,
reports/2026-09-21/rediagnosis/28_execution_policy.csv,被Git忽略（本轮未证明其他历史或分支是否含有）,160,32,
reports/2026-09-21/rediagnosis/28_execution_policy.json,被Git忽略（本轮未证明其他历史或分支是否含有）,384,32,
reports/2026-09-21/rediagnosis/29_odbc.csv,被Git忽略（本轮未证明其他历史或分支是否含有）,1049,32,
reports/2026-09-21/rediagnosis/29_odbc.json,被Git忽略（本轮未证明其他历史或分支是否含有）,1938,32,
reports/2026-09-21/rediagnosis/30_windows_licensing.csv,被Git忽略（本轮未证明其他历史或分支是否含有）,166,32,
reports/2026-09-21/rediagnosis/30_windows_licensing.json,被Git忽略（本轮未证明其他历史或分支是否含有）,204,32,
reports/2026-09-21/rediagnosis/31_editor_extensions.csv,被Git忽略（本轮未证明其他历史或分支是否含有）,1167,32,
reports/2026-09-21/rediagnosis/31_editor_extensions.json,被Git忽略（本轮未证明其他历史或分支是否含有）,2074,32,
reports/2026-09-21/rediagnosis/32_events.csv,被Git忽略（本轮未证明其他历史或分支是否含有）,141,32,
reports/2026-09-21/rediagnosis/32_events.json,被Git忽略（本轮未证明其他历史或分支是否含有）,239,32,
reports/2026-09-21/rediagnosis/33_power_plan.csv,被Git忽略（本轮未证明其他历史或分支是否含有）,105,32,
reports/2026-09-21/rediagnosis/33_power_plan.json,被Git忽略（本轮未证明其他历史或分支是否含有）,126,32,
reports/2026-09-21/rediagnosis/34_registered_interpreters.csv,被Git忽略（本轮未证明其他历史或分支是否含有）,211,32,
reports/2026-09-21/rediagnosis/34_registered_interpreters.json,被Git忽略（本轮未证明其他历史或分支是否含有）,337,32,
reports/2026-09-21/rediagnosis/35_runtimes.csv,被Git忽略（本轮未证明其他历史或分支是否含有）,2508,32,
reports/2026-09-21/rediagnosis/35_runtimes.json,被Git忽略（本轮未证明其他历史或分支是否含有）,4721,32,
reports/2026-09-21/rediagnosis/36_python_environments.csv,被Git忽略（本轮未证明其他历史或分支是否含有）,1972,32,
reports/2026-09-21/rediagnosis/36_python_environments.json,被Git忽略（本轮未证明其他历史或分支是否含有）,2899,32,
reports/2026-09-21/rediagnosis/37_python_packages.csv,被Git忽略（本轮未证明其他历史或分支是否含有）,41171,32,
reports/2026-09-21/rediagnosis/37_python_packages.json,被Git忽略（本轮未证明其他历史或分支是否含有）,75430,32,
reports/2026-09-21/rediagnosis/38_r_environments.csv,被Git忽略（本轮未证明其他历史或分支是否含有）,810,32,
reports/2026-09-21/rediagnosis/38_r_environments.json,被Git忽略（本轮未证明其他历史或分支是否含有）,1172,32,
reports/2026-09-21/rediagnosis/39_r_packages.csv,被Git忽略（本轮未证明其他历史或分支是否含有）,152748,32,
reports/2026-09-21/rediagnosis/39_r_packages.json,被Git忽略（本轮未证明其他历史或分支是否含有）,240172,32,
reports/2026-09-21/rediagnosis/90_findings.csv,被Git忽略（本轮未证明其他历史或分支是否含有）,862,32,
reports/2026-09-21/rediagnosis/90_findings.json,被Git忽略（本轮未证明其他历史或分支是否含有）,1117,32,
reports/2026-09-21/rediagnosis/91_probe_status.csv,被Git忽略（本轮未证明其他历史或分支是否含有）,5622,32,
reports/2026-09-21/rediagnosis/91_probe_status.json,被Git忽略（本轮未证明其他历史或分支是否含有）,10495,32,
reports/2026-09-21/rediagnosis/benchmark.parquet,被Git忽略（本轮未证明其他历史或分支是否含有）,1062262,32,
reports/2026-09-21/rediagnosis/benchmark.py,被Git忽略（本轮未证明其他历史或分支是否含有）,1849,32,
reports/2026-09-21/rediagnosis/inventory.json,被Git忽略（本轮未证明其他历史或分支是否含有）,511678,32,
reports/2026-09-21/rediagnosis/package-diff.json,被Git忽略（本轮未证明其他历史或分支是否含有）,619,32,
reports/2026-09-21/rediagnosis/performance-baseline.json,被Git忽略（本轮未证明其他历史或分支是否含有）,1070,32,
reports/2026-09-21/rediagnosis/r-package-diff.json,被Git忽略（本轮未证明其他历史或分支是否含有）,8297,32,
reports/2026-09-21/rediagnosis/r-version-changes.json,被Git忽略（本轮未证明其他历史或分支是否含有）,1311,32,
reports/2026-09-21/rediagnosis/REVIEW.md,被Git忽略（本轮未证明其他历史或分支是否含有）,7755,32,
reports/2026-09-21/rediagnosis/security-services.json,被Git忽略（本轮未证明其他历史或分支是否含有）,363,32,
reports/2026-09-21/rediagnosis/service-errors.json,被Git忽略（本轮未证明其他历史或分支是否含有）,1757,32,
reports/2026-09-21/rediagnosis/windows-update-scan.json,被Git忽略（本轮未证明其他历史或分支是否含有）,111,32,
reports/2026-09-21/rediagnosis/_probe_python.py,被Git忽略（本轮未证明其他历史或分支是否含有）,1301,32,
reports/2026-09-21/rediagnosis/_probe_r.R,被Git忽略（本轮未证明其他历史或分支是否含有）,409,32,
reports/2026-09-21/rediagnosis/_r_environment_1.csv,被Git忽略（本轮未证明其他历史或分支是否含有）,264,32,
reports/2026-09-21/rediagnosis/_r_environment_2.csv,被Git忽略（本轮未证明其他历史或分支是否含有）,264,32,
reports/2026-09-21/rediagnosis/_r_packages_1.csv,被Git忽略（本轮未证明其他历史或分支是否含有）,55520,32,
reports/2026-09-21/rediagnosis/_r_packages_2.csv,被Git忽略（本轮未证明其他历史或分支是否含有）,55520,32,
reports/2026-09-21/rediagnosis/analytics-smoke/chart.html,被Git忽略（本轮未证明其他历史或分支是否含有）,4827351,32,
reports/2026-09-21/rediagnosis/analytics-smoke/regression.png,被Git忽略（本轮未证明其他历史或分支是否含有）,15500,32,
reports/2026-09-21/rediagnosis/analytics-smoke/sample-openpyxl.xlsx,被Git忽略（本轮未证明其他历史或分支是否含有）,4896,32,
reports/2026-09-21/rediagnosis/analytics-smoke/sample-xlsxwriter.xlsx,被Git忽略（本轮未证明其他历史或分支是否含有）,5351,32,
reports/2026-09-21/rediagnosis/analytics-smoke/sample.parquet,被Git忽略（本轮未证明其他历史或分支是否含有）,1693,32,
reports/2026-09-21/rediagnosis/analytics-smoke/smoke-result.json,被Git忽略（本轮未证明其他历史或分支是否含有）,5712,32,
reports/2026-09-21/rediagnosis/analytics-smoke-ds/chart.html,被Git忽略（本轮未证明其他历史或分支是否含有）,4827351,32,
reports/2026-09-21/rediagnosis/analytics-smoke-ds/regression.png,被Git忽略（本轮未证明其他历史或分支是否含有）,15500,32,
reports/2026-09-21/rediagnosis/analytics-smoke-ds/sample-openpyxl.xlsx,被Git忽略（本轮未证明其他历史或分支是否含有）,4897,32,
reports/2026-09-21/rediagnosis/analytics-smoke-ds/sample-xlsxwriter.xlsx,被Git忽略（本轮未证明其他历史或分支是否含有）,5351,32,
reports/2026-09-21/rediagnosis/analytics-smoke-ds/sample.parquet,被Git忽略（本轮未证明其他历史或分支是否含有）,1693,32,
reports/2026-09-21/rediagnosis/analytics-smoke-ds/smoke-result.json,被Git忽略（本轮未证明其他历史或分支是否含有）,5700,32,
reports/2026-09-21/rediagnosis/models-lab/engines.xlsx,被Git忽略（本轮未证明其他历史或分支是否含有）,5329,32,
reports/2026-09-21/rediagnosis/models-lab/executed.ipynb,被Git忽略（本轮未证明其他历史或分支是否含有）,1058,32,
reports/2026-09-21/rediagnosis/models-lab/models-result.json,被Git忽略（本轮未证明其他历史或分支是否含有）,376,32,
reports/2026-09-21/rediagnosis/r-validation/check.R,被Git忽略（本轮未证明其他历史或分支是否含有）,1772,32,
reports/2026-09-21/rediagnosis/r-validation/r-check.parquet,被Git忽略（本轮未证明其他历史或分支是否含有）,400408,32,
reports/2026-09-21/rediagnosis/r-validation/r-package-snapshot.csv,被Git忽略（本轮未证明其他历史或分支是否含有）,55520,32,
reports/2026-09-21/rediagnosis/r-validation/r-result.json,被Git忽略（本轮未证明其他历史或分支是否含有）,187,32,
reports/2026-09-21/rediagnosis/r-validation/validation.log,被Git忽略（本轮未证明其他历史或分支是否含有）,777,32,
reports/2026-09-21/smoke-ds/chart.html,被Git忽略（本轮未证明其他历史或分支是否含有）,4827351,32,
reports/2026-09-21/smoke-ds/regression.png,被Git忽略（本轮未证明其他历史或分支是否含有）,15500,32,
reports/2026-09-21/smoke-ds/sample-openpyxl.xlsx,被Git忽略（本轮未证明其他历史或分支是否含有）,4896,32,
reports/2026-09-21/smoke-ds/sample-xlsxwriter.xlsx,被Git忽略（本轮未证明其他历史或分支是否含有）,5352,32,
reports/2026-09-21/smoke-ds/sample.parquet,被Git忽略（本轮未证明其他历史或分支是否含有）,1693,32,
reports/2026-09-21/smoke-ds/smoke-result.json,被Git忽略（本轮未证明其他历史或分支是否含有）,5494,32,
reports/2026-09-21/smoke-lab/chart.html,被Git忽略（本轮未证明其他历史或分支是否含有）,4827351,32,
reports/2026-09-21/smoke-lab/regression.png,被Git忽略（本轮未证明其他历史或分支是否含有）,15500,32,
reports/2026-09-21/smoke-lab/sample-openpyxl.xlsx,被Git忽略（本轮未证明其他历史或分支是否含有）,4896,32,
reports/2026-09-21/smoke-lab/sample-xlsxwriter.xlsx,被Git忽略（本轮未证明其他历史或分支是否含有）,5351,32,
reports/2026-09-21/smoke-lab/sample.parquet,被Git忽略（本轮未证明其他历史或分支是否含有）,1693,32,
reports/2026-09-21/smoke-lab/smoke-result.json,被Git忽略（本轮未证明其他历史或分支是否含有）,5506,32,
reports/2026-09-21/update-round2/Adobe.Acrobat.Reader.64-bit.log,被Git忽略（本轮未证明其他历史或分支是否含有）,439,32,
reports/2026-09-21/update-round2/apps-install-results.json,被Git忽略（本轮未证明其他历史或分支是否含有）,2035,32,
reports/2026-09-21/update-round2/board.json,被Git忽略（本轮未证明其他历史或分支是否含有）,109,32,
reports/2026-09-21/update-round2/current-state.json,被Git忽略（本轮未证明其他历史或分支是否含有）,950,32,
reports/2026-09-21/update-round2/devices-before.json,被Git忽略（本轮未证明其他历史或分支是否含有）,746,32,
reports/2026-09-21/update-round2/driver-admin-transcript-2.txt,被Git忽略（本轮未证明其他历史或分支是否含有）,3914,32,
reports/2026-09-21/update-round2/driver-admin-transcript.txt,被Git忽略（本轮未证明其他历史或分支是否含有）,2837,32,
reports/2026-09-21/update-round2/driver-launch.json,被Git忽略（本轮未证明其他历史或分支是否含有）,79,32,
reports/2026-09-21/update-round2/drivers-before.csv,被Git忽略（本轮未证明其他历史或分支是否含有）,20476,32,
reports/2026-09-21/update-round2/edge-before-repair.json,被Git忽略（本轮未证明其他历史或分支是否含有）,647,32,
reports/2026-09-21/update-round2/edge-official-release.json,被Git忽略（本轮未证明其他历史或分支是否含有）,963,32,
reports/2026-09-21/update-round2/edge-package-verified.json,被Git忽略（本轮未证明其他历史或分支是否含有）,239,32,
reports/2026-09-21/update-round2/JetBrains.PyCharm.log,被Git忽略（本轮未证明其他历史或分支是否含有）,472,32,
reports/2026-09-21/update-round2/Microsoft.Edge.log,被Git忽略（本轮未证明其他历史或分支是否含有）,116,32,
reports/2026-09-21/update-round2/Microsoft.Teams.log,被Git忽略（本轮未证明其他历史或分支是否含有）,302,32,
reports/2026-09-21/update-round2/Microsoft.VCRedist.2015+.x64.log,被Git忽略（本轮未证明其他历史或分支是否含有）,595,32,
reports/2026-09-21/update-round2/Microsoft.VCRedist.2015+.x86.log,被Git忽略（本轮未证明其他历史或分支是否含有）,82,32,
reports/2026-09-21/update-round2/MicrosoftEdgeEnterpriseX64.msi,被Git忽略（本轮未证明其他历史或分支是否含有）,213483520,32,
reports/2026-09-21/update-round2/MoonshotAI.Kimi.log,被Git忽略（本轮未证明其他历史或分支是否含有）,355,32,
reports/2026-09-21/update-round2/windows-update-scan.json,被Git忽略（本轮未证明其他历史或分支是否含有）,111,32,
reports/2026-09-21/update-round2/winget-after.txt,被Git忽略（本轮未证明其他历史或分支是否含有）,196,32,
reports/2026-09-21/update-round2/winget-before.txt,被Git忽略（本轮未证明其他历史或分支是否含有）,1203,32,
reports/2026-09-21/update-round2/drivers/compatible-plan.json,被Git忽略（本轮未证明其他历史或分支是否含有）,13162,32,
reports/2026-09-21/update-round2/drivers/official-sha256-additional.json,被Git忽略（本轮未证明其他历史或分支是否含有）,268,32,
reports/2026-09-21/update-round2/drivers/official-sha256.json,被Git忽略（本轮未证明其他历史或分支是否含有）,521,32,
reports/2026-09-22-resource-audit/analysis-apps.json,被Git忽略（本轮未证明其他历史或分支是否含有）,3382,32,
reports/2026-09-22-resource-audit/keyboard-state.json,被Git忽略（本轮未证明其他历史或分支是否含有）,339,32,
reports/2026-09-22-resource-audit/lab-before.txt,被Git忽略（本轮未证明其他历史或分支是否含有）,3540,32,
reports/2026-09-22-resource-audit/lab-candidate-diff.json,被Git忽略（本轮未证明其他历史或分支是否含有）,537,32,
reports/2026-09-22-resource-audit/lab-stable-candidate.txt,被Git忽略（本轮未证明其他历史或分支是否含有）,25380,32,
reports/2026-09-22-resource-audit/lab-stable-minimums.in,被Git忽略（本轮未证明其他历史或分支是否含有）,3540,32,
reports/2026-09-22-resource-audit/office-channel.json,被Git忽略（本轮未证明其他历史或分支是否含有）,139,32,
reports/2026-09-22-resource-audit/removed-driver-zips.json,被Git忽略（本轮未证明其他历史或分支是否含有）,1954,32,
reports/2026-09-22-resource-audit/sizes-before.json,被Git忽略（本轮未证明其他历史或分支是否含有）,830,32,
reports/2026-09-22-resource-audit/space-midpoint.json,被Git忽略（本轮未证明其他历史或分支是否含有）,80,32,
reports/daqin-review-20261002/baseline.qmd,被Git忽略（本轮未证明其他历史或分支是否含有）,593021,32,
reports/daqin-review-20261002/first-run.json,被Git忽略（本轮未证明其他历史或分支是否含有）,141067,32,
reports/daqin-review-20261002/verification.json,被Git忽略（本轮未证明其他历史或分支是否含有）,141555,32,
reports/daqin-review-20261002/verify.py,被Git忽略（本轮未证明其他历史或分支是否含有）,8220,32,
reports/daqin-review-20261002/审阅与实测报告.md,被Git忽略（本轮未证明其他历史或分支是否含有）,4976,32,
reports/daqin-review-20261002/斧正_v1_3_2_思路与路线.md,被Git忽略（本轮未证明其他历史或分支是否含有）,6477,32,
reports/daqin-self-growth-20261002/baseline.qmd,被Git忽略（本轮未证明其他历史或分支是否含有）,651046,32,
reports/daqin-self-growth-20261002/pandoc.log,被Git忽略（本轮未证明其他历史或分支是否含有）,454,32,
reports/daqin-self-growth-20261002/preview.html,被Git忽略（本轮未证明其他历史或分支是否含有）,929313,32,
reports/daqin-self-growth-20261002/render-plain.log,被Git忽略（本轮未证明其他历史或分支是否含有）,1017,32,
reports/daqin-self-growth-20261002/render-retry.log,被Git忽略（本轮未证明其他历史或分支是否含有）,1017,32,
reports/daqin-self-growth-20261002/render.log,被Git忽略（本轮未证明其他历史或分支是否含有）,1018,32,
reports/daqin-self-growth-20261002/verification.json,被Git忽略（本轮未证明其他历史或分支是否含有）,207,32,
reports/game-windows-audit-20261002/check_demo_availability.py,被Git忽略（本轮未证明其他历史或分支是否含有）,2180,32,
reports/game-windows-audit-20261002/check_steam.py,被Git忽略（本轮未证明其他历史或分支是否含有）,4054,32,
reports/game-windows-audit-20261002/daqin-published-http.html,被Git忽略（本轮未证明其他历史或分支是否含有）,26355,32,
reports/game-windows-audit-20261002/dazhou-games.html,被Git忽略（本轮未证明其他历史或分支是否含有）,10854,32,
reports/game-windows-audit-20261002/dazhou-published-http.html,被Git忽略（本轮未证明其他历史或分支是否含有）,10809,32,
reports/game-windows-audit-20261002/demo-1407510.json,被Git忽略（本轮未证明其他历史或分支是否含有）,21487,32,
reports/game-windows-audit-20261002/demo-1565750.json,被Git忽略（本轮未证明其他历史或分支是否含有）,5824,32,
reports/game-windows-audit-20261002/demo-2162830.json,被Git忽略（本轮未证明其他历史或分支是否含有）,6024,32,
reports/game-windows-audit-20261002/demo-2286710.json,被Git忽略（本轮未证明其他历史或分支是否含有）,19888,32,
reports/game-windows-audit-20261002/demo-3288620.json,被Git忽略（本轮未证明其他历史或分支是否含有）,4704,32,
reports/game-windows-audit-20261002/demo-availability.json,被Git忽略（本轮未证明其他历史或分支是否含有）,1412,32,
reports/game-windows-audit-20261002/download-links.json,被Git忽略（本轮未证明其他历史或分支是否含有）,172,32,
reports/game-windows-audit-20261002/download-page-https_sgz_ejoy_com_.html,被Git忽略（本轮未证明其他历史或分支是否含有）,9833,32,
reports/game-windows-audit-20261002/download-page-https_whhx_ehijoy_com_index_shtml.html,被Git忽略（本轮未证明其他历史或分支是否含有）,20913,32,
reports/game-windows-audit-20261002/download-page-https_whhx_ehijoy_com_javascripts_down_html_main_js.html,被Git忽略（本轮未证明其他历史或分支是否含有）,1808,32,
reports/game-windows-audit-20261002/download-page-https_www_capitalismlab_com_download_.html,被Git忽略（本轮未证明其他历史或分支是否含有）,102693,32,
reports/game-windows-audit-20261002/download-page-https_www_taptap_cn_app_166665.html,被Git忽略（本轮未证明其他历史或分支是否含有）,202316,32,
reports/game-windows-audit-20261002/download-page-https_www_taptap_cn_app_190784.html,被Git忽略（本轮未证明其他历史或分支是否含有）,201269,32,
reports/game-windows-audit-20261002/download-page-https_www_taptap_cn_app_234249.html,被Git忽略（本轮未证明其他历史或分支是否含有）,165862,32,
reports/game-windows-audit-20261002/download-result-Capitalism_Lab_Installer.exe.json,被Git忽略（本轮未证明其他历史或分支是否含有）,597,32,
reports/game-windows-audit-20261002/download-result-Daqin_Diguo_official.apk.json,被Git忽略（本轮未证明其他历史或分支是否含有）,347,32,
reports/game-windows-audit-20261002/download-result-Sanguozhi_Zhanlue_official.apk.json,被Git忽略（本轮未证明其他历史或分支是否含有）,569,32,
reports/game-windows-audit-20261002/download-result-WuhuiHuaxia_Android_official.apk.json,被Git忽略（本轮未证明其他历史或分支是否含有）,661,32,
reports/game-windows-audit-20261002/download-result-WuhuiHuaxia_official.apk.json,被Git忽略（本轮未证明其他历史或分支是否含有）,426,32,
reports/game-windows-audit-20261002/download_official.py,被Git忽略（本轮未证明其他历史或分支是否含有）,4372,32,
reports/game-windows-audit-20261002/inspect_download_pages.py,被Git忽略（本轮未证明其他历史或分支是否含有）,2183,32,
reports/game-windows-audit-20261002/make_download_inventory.py,被Git忽略（本轮未证明其他历史或分支是否含有）,8008,32,
reports/game-windows-audit-20261002/publish_download_inventory.ps1,被Git忽略（本轮未证明其他历史或分支是否含有）,2132,32,
reports/game-windows-audit-20261002/resume_sgz_parallel.py,被Git忽略（本轮未证明其他历史或分支是否含有）,5416,32,
reports/game-windows-audit-20261002/sgz-download.js,被Git忽略（本轮未证明其他历史或分支是否含有）,650223,32,
reports/game-windows-audit-20261002/sgz-range-headers.txt,被Git忽略（本轮未证明其他历史或分支是否含有）,1520,32,
reports/game-windows-audit-20261002/steam-1024650.json,被Git忽略（本轮未证明其他历史或分支是否含有）,32828,32,
reports/game-windows-audit-20261002/steam-1063790.json,被Git忽略（本轮未证明其他历史或分支是否含有）,20568,32,
reports/game-windows-audit-20261002/steam-1129580.json,被Git忽略（本轮未证明其他历史或分支是否含有）,42527,32,
reports/game-windows-audit-20261002/steam-1158310.json,被Git忽略（本轮未证明其他历史或分支是否含有）,43583,32,
reports/game-windows-audit-20261002/steam-1222670.json,被Git忽略（本轮未证明其他历史或分支是否含有）,23661,32,
reports/game-windows-audit-20261002/steam-1295660.json,被Git忽略（本轮未证明其他历史或分支是否含有）,48864,32,
reports/game-windows-audit-20261002/steam-1331550.json,被Git忽略（本轮未证明其他历史或分支是否含有）,45657,32,
reports/game-windows-audit-20261002/steam-1336980.json,被Git忽略（本轮未证明其他历史或分支是否含有）,28410,32,
reports/game-windows-audit-20261002/steam-1407450.json,被Git忽略（本轮未证明其他历史或分支是否含有）,31444,32,
reports/game-windows-audit-20261002/steam-1424800.json,被Git忽略（本轮未证明其他历史或分支是否含有）,49,32,
reports/game-windows-audit-20261002/steam-1466860.json,被Git忽略（本轮未证明其他历史或分支是否含有）,28921,32,
reports/game-windows-audit-20261002/steam-1574360.json,被Git忽略（本轮未证明其他历史或分支是否含有）,21905,32,
reports/game-windows-audit-20261002/steam-1696440.json,被Git忽略（本轮未证明其他历史或分支是否含有）,36701,32,
reports/game-windows-audit-20261002/steam-1842810.json,被Git忽略（本轮未证明其他历史或分支是否含有）,49,32,
reports/game-windows-audit-20261002/steam-1948980.json,被Git忽略（本轮未证明其他历史或分支是否含有）,28891,32,
reports/game-windows-audit-20261002/steam-205610.json,被Git忽略（本轮未证明其他历史或分支是否含有）,23858,32,
reports/game-windows-audit-20261002/steam-2135150.json,被Git忽略（本轮未证明其他历史或分支是否含有）,19677,32,
reports/game-windows-audit-20261002/steam-2161440.json,被Git忽略（本轮未证明其他历史或分支是否含有）,31992,32,
reports/game-windows-audit-20261002/steam-2288150.json,被Git忽略（本轮未证明其他历史或分支是否含有）,38852,32,
reports/game-windows-audit-20261002/steam-233860.json,被Git忽略（本轮未证明其他历史或分支是否含有）,34100,32,
reports/game-windows-audit-20261002/steam-261550.json,被Git忽略（本轮未证明其他历史或分支是否含有）,26438,32,
reports/game-windows-audit-20261002/steam-281990.json,被Git忽略（本轮未证明其他历史或分支是否含有）,41690,32,
reports/game-windows-audit-20261002/steam-311260.json,被Git忽略（本轮未证明其他历史或分支是否含有）,24267,32,
reports/game-windows-audit-20261002/steam-335620.json,被Git忽略（本轮未证明其他历史或分支是否含有）,31150,32,
reports/game-windows-audit-20261002/steam-3450310.json,被Git忽略（本轮未证明其他历史或分支是否含有）,38492,32,
reports/game-windows-audit-20261002/steam-39680.json,被Git忽略（本轮未证明其他历史或分支是否含有）,16609,32,
reports/game-windows-audit-20261002/steam-57620.json,被Git忽略（本轮未证明其他历史或分支是否含有）,15929,32,
reports/game-windows-audit-20261002/steam-612720.json,被Git忽略（本轮未证明其他历史或分支是否含有）,36110,32,
reports/game-windows-audit-20261002/steam-779340.json,被Git忽略（本轮未证明其他历史或分支是否含有）,37095,32,
reports/game-windows-audit-20261002/steam-838350.json,被Git忽略（本轮未证明其他历史或分支是否含有）,31571,32,
reports/game-windows-audit-20261002/steam-platforms.json,被Git忽略（本轮未证明其他历史或分支是否含有）,49689,32,
reports/game-windows-audit-20261002/update_download_inventory.ps1,被Git忽略（本轮未证明其他历史或分支是否含有）,1430,32,
reports/game-windows-audit-20261002/validate_evidence.py,被Git忽略（本轮未证明其他历史或分支是否含有）,2213,32,
reports/game-windows-audit-20261002/validation.json,被Git忽略（本轮未证明其他历史或分支是否含有）,274,32,
reports/game-windows-audit-20261002/whhx-download-landing.html,被Git忽略（本轮未证明其他历史或分支是否含有）,1353,32,
reports/game-windows-audit-20261002/游戏Windows与开发工具核查.md,被Git忽略（本轮未证明其他历史或分支是否含有）,14192,32,
reports/game-windows-audit-20261002/游戏下载清单.csv,被Git忽略（本轮未证明其他历史或分支是否含有）,5566,32,
reports/game-windows-audit-20261002/游戏下载结果.md,被Git忽略（本轮未证明其他历史或分支是否含有）,8789,32,
reports/git-upload-audit-20261002/audit_git.py,被Git忽略（本轮未证明其他历史或分支是否含有）,10637,32,
reports/git-upload-audit-20261002/ignore-rules.json,被Git忽略（本轮未证明其他历史或分支是否含有）,226601,32,
reports/git-upload-audit-20261002/summary.json,被Git忽略（本轮未证明其他历史或分支是否含有）,1189,32,
reports/git-upload-audit-20261002/上传与拉取核查报告.md,被Git忽略（本轮未证明其他历史或分支是否含有）,1932,32,
reports/git-upload-audit-20261002/全部文件同步分类.csv,被Git忽略（本轮未证明其他历史或分支是否含有）,257354,32,
reports/git-upload-audit-20261002/当前版本尚未上传文件.csv,被Git忽略（本轮未证明其他历史或分支是否含有）,191891,32,
reports/keyboard-evidence-tests/live-panel-pid.txt,被Git忽略（本轮未证明其他历史或分支是否含有）,7,32,
reports/keyboard-evidence-tests/ps51-live.txt,被Git忽略（本轮未证明其他历史或分支是否含有）,170,32,
reports/keyboard-evidence-tests/ps51-selftest.txt,被Git忽略（本轮未证明其他历史或分支是否含有）,69,32,
reports/keyboard-evidence-tests/ps7-live.txt,被Git忽略（本轮未证明其他历史或分支是否含有）,170,32,
reports/keyboard-evidence-tests/ps7-selftest.txt,被Git忽略（本轮未证明其他历史或分支是否含有）,69,32,
reports/keyboard-security-20260922/connections.xml,被Git忽略（本轮未证明其他历史或分支是否含有）,22914,32,
reports/keyboard-security-20260922/Microsoft-Windows-TerminalServices-LocalSessionManager_Operational.xml,被Git忽略（本轮未证明其他历史或分支是否含有）,110506,32,
reports/keyboard-security-20260922/Microsoft-Windows-Windows_Defender_Operational.xml,被Git忽略（本轮未证明其他历史或分支是否含有）,119810,32,
reports/keyboard-security-20260922/processes.xml,被Git忽略（本轮未证明其他历史或分支是否含有）,69984,32,
reports/keyboard-security-20260922/Read-Security.ps1,被Git忽略（本轮未证明其他历史或分支是否含有）,1455,32,
reports/keyboard-security-20260922/services.xml,被Git忽略（本轮未证明其他历史或分支是否含有）,96957,32,
reports/keyboard-security-20260922/System.xml,被Git忽略（本轮未证明其他历史或分支是否含有）,963836,32,
reports/line-comments-20260922/annotate.py,被Git忽略（本轮未证明其他历史或分支是否含有）,19826,32,
reports/line-comments-20260922/annotation-summary.json,被Git忽略（本轮未证明其他历史或分支是否含有）,1530,32,
reports/line-comments-20260922/comment-only-validation.json,被Git忽略（本轮未证明其他历史或分支是否含有）,2671,32,
reports/line-comments-20260922/coverage.json,被Git忽略（本轮未证明其他历史或分支是否含有）,542940,32,
reports/line-comments-20260922/git-whitespace-warnings.txt,被Git忽略（本轮未证明其他历史或分支是否含有）,1066,32,
reports/line-comments-20260922/powershell-before.json,被Git忽略（本轮未证明其他历史或分支是否含有）,7321322,32,
reports/line-comments-20260922/powershell-validation.json,被Git忽略（本轮未证明其他历史或分支是否含有）,2214,32,
reports/line-comments-20260922/powershell51-validation.json,被Git忽略（本轮未证明其他历史或分支是否含有）,2325,32,
reports/line-comments-20260922/r-validation.txt,被Git忽略（本轮未证明其他历史或分支是否含有）,367,32,
reports/line-comments-20260922/RESULTS.md,被Git忽略（本轮未证明其他历史或分支是否含有）,1377,32,
reports/line-comments-20260922/verify.R,被Git忽略（本轮未证明其他历史或分支是否含有）,871,32,
reports/line-comments-20260922/verify51.ps1,被Git忽略（本轮未证明其他历史或分支是否含有）,1589,32,
reports/line-comments-20260922/verify_comments.py,被Git忽略（本轮未证明其他历史或分支是否含有）,2249,32,
reports/line-comments-20260922/after-r/Analytics_R_Check.R,被Git忽略（本轮未证明其他历史或分支是否含有）,3588,32,
reports/line-comments-20260922/after-r/DataStack_R_Bootstrap.R,被Git忽略（本轮未证明其他历史或分支是否含有）,7549,32,
reports/line-comments-20260922/after-r/Install_R_Packages.R,被Git忽略（本轮未证明其他历史或分支是否含有）,13617,32,
reports/line-comments-20260922/before/Acceptance_Test.ps1,被Git忽略（本轮未证明其他历史或分支是否含有）,21212,32,
reports/line-comments-20260922/before/Analytics_Model_Check.py,被Git忽略（本轮未证明其他历史或分支是否含有）,2781,32,
reports/line-comments-20260922/before/Analytics_R_Check.R,被Git忽略（本轮未证明其他历史或分支是否含有）,1772,32,
reports/line-comments-20260922/before/Analyze_LargeFile.ps1,被Git忽略（本轮未证明其他历史或分支是否含有）,6387,32,
reports/line-comments-20260922/before/Configure_IDEs.ps1,被Git忽略（本轮未证明其他历史或分支是否含有）,10704,32,
reports/line-comments-20260922/before/DataStack_R_Bootstrap.R,被Git忽略（本轮未证明其他历史或分支是否含有）,3634,32,
reports/line-comments-20260922/before/DataStack_Smoke.py,被Git忽略（本轮未证明其他历史或分支是否含有）,3425,32,
reports/line-comments-20260922/before/Driver_Report.ps1,被Git忽略（本轮未证明其他历史或分支是否含有）,9679,32,
reports/line-comments-20260922/before/Install_R_Packages.R,被Git忽略（本轮未证明其他历史或分支是否含有）,6680,32,
reports/line-comments-20260922/before/Install_Verified_Drivers.ps1,被Git忽略（本轮未证明其他历史或分支是否含有）,5855,32,
reports/line-comments-20260922/before/Plan_Compatible_Drivers.ps1,被Git忽略（本轮未证明其他历史或分支是否含有）,2961,32,
reports/line-comments-20260922/before/Repair_Analytics.py,被Git忽略（本轮未证明其他历史或分支是否含有）,2720,32,
reports/line-comments-20260922/before/Run_AsAdmin.ps1,被Git忽略（本轮未证明其他历史或分支是否含有）,10126,32,
reports/line-comments-20260922/before/Setup_DataStack.ps1,被Git忽略（本轮未证明其他历史或分支是否含有）,33089,32,
reports/line-comments-20260922/before/Setup_DataStack_v2.ps1,被Git忽略（本轮未证明其他历史或分支是否含有）,17926,32,
reports/line-comments-20260922/before/Start_Analytics.ps1,被Git忽略（本轮未证明其他历史或分支是否含有）,2288,32,
reports/line-comments-20260922/before/Update_Approved_Apps.ps1,被Git忽略（本轮未证明其他历史或分支是否含有）,1366,32,
reports/line-comments-20260922/before/Win10_Diagnose.ps1,被Git忽略（本轮未证明其他历史或分支是否含有）,36060,32,
reports/line-comments-20260922/before/Win10_Diagnose_v2.ps1,被Git忽略（本轮未证明其他历史或分支是否含有）,48993,32,
reports/line-comments-20260922/before/Win10_Diagnose_v3.ps1,被Git忽略（本轮未证明其他历史或分支是否含有）,34504,32,
reports/line-comments-20260922/before/Win10_Optimize.ps1,被Git忽略（本轮未证明其他历史或分支是否含有）,16933,32,
reports/line-comments-20260922/before/Win10_Optimize_v2.ps1,被Git忽略（本轮未证明其他历史或分支是否含有）,10023,32,
reports/line-comments-20260922/before/Win11_App_RealTest.ps1,被Git忽略（本轮未证明其他历史或分支是否含有）,19825,32,
reports/line-comments-20260922/before/Windows_Update_Scan.ps1,被Git忽略（本轮未证明其他历史或分支是否含有）,1097,32,
reports/space-audit-20260924/capacity.json,被Git忽略（本轮未证明其他历史或分支是否含有）,54,32,
reports/space-audit-20260924/edge-versions.json,被Git忽略（本轮未证明其他历史或分支是否含有）,308,32,
reports/space-audit-20260924/inventory.json,被Git忽略（本轮未证明其他历史或分支是否含有）,29507,32,
reports/space-audit-20260924/scan.py,被Git忽略（本轮未证明其他历史或分支是否含有）,3279,32,
reports/steam-taiko-baseline-20261002/commonredist-registry.txt,被Git忽略（本轮未证明其他历史或分支是否含有）,535,32,
reports/steam-taiko-baseline-20261002/compare.py,被Git忽略（本轮未证明其他历史或分支是否含有）,2432,32,
reports/steam-taiko-baseline-20261002/key-file-streams.json,被Git忽略（本轮未证明其他历史或分支是否含有）,454,32,
reports/steam-taiko-baseline-20261002/processes.json,被Git忽略（本轮未证明其他历史或分支是否含有）,2484,32,
reports/steam-taiko-baseline-20261002/signatures.json,被Git忽略（本轮未证明其他历史或分支是否含有）,1643,32,
reports/steam-taiko-baseline-20261002/snapshot.py,被Git忽略（本轮未证明其他历史或分支是否含有）,12465,32,
reports/steam-taiko-baseline-20261002/核查结论.txt,被Git忽略（本轮未证明其他历史或分支是否含有）,7380,32,
reports/steam-taiko-baseline-20261002/20261002-151241/all-files.csv,被Git忽略（本轮未证明其他历史或分支是否含有）,1325317,32,
reports/steam-taiko-baseline-20261002/20261002-151241/appmanifest_1842810.redacted.txt,被Git忽略（本轮未证明其他历史或分支是否含有）,869,32,
reports/steam-taiko-baseline-20261002/20261002-151241/cloud_log.txt,被Git忽略（本轮未证明其他历史或分支是否含有）,6381,32,
reports/steam-taiko-baseline-20261002/20261002-151241/content_log.txt,被Git忽略（本轮未证明其他历史或分支是否含有）,26166,32,
reports/steam-taiko-baseline-20261002/20261002-151241/gameprocess_log.txt,被Git忽略（本轮未证明其他历史或分支是否含有）,345,32,
reports/steam-taiko-baseline-20261002/20261002-151241/runprocess_log.txt,被Git忽略（本轮未证明其他历史或分支是否含有）,174,32,
reports/steam-taiko-baseline-20261002/20261002-151241/snapshot.json,被Git忽略（本轮未证明其他历史或分支是否含有）,8020,32,
reports/steam-taiko-baseline-20261002/20261002-151241/现有文件与设置报告.txt,被Git忽略（本轮未证明其他历史或分支是否含有）,7538,32,
reports/steam-taiko-baseline-20261002/20261002-151409/all-files.csv,被Git忽略（本轮未证明其他历史或分支是否含有）,1395860,32,
reports/steam-taiko-baseline-20261002/20261002-151409/appmanifest_1842810.redacted.txt,被Git忽略（本轮未证明其他历史或分支是否含有）,869,32,
reports/steam-taiko-baseline-20261002/20261002-151409/cloud_log.txt,被Git忽略（本轮未证明其他历史或分支是否含有）,6381,32,
reports/steam-taiko-baseline-20261002/20261002-151409/content_log.txt,被Git忽略（本轮未证明其他历史或分支是否含有）,26166,32,
reports/steam-taiko-baseline-20261002/20261002-151409/gameprocess_log.txt,被Git忽略（本轮未证明其他历史或分支是否含有）,345,32,
reports/steam-taiko-baseline-20261002/20261002-151409/runprocess_log.txt,被Git忽略（本轮未证明其他历史或分支是否含有）,174,32,
reports/steam-taiko-baseline-20261002/20261002-151409/snapshot.json,被Git忽略（本轮未证明其他历史或分支是否含有）,8020,32,
reports/steam-taiko-baseline-20261002/20261002-151409/现有文件与设置报告.txt,被Git忽略（本轮未证明其他历史或分支是否含有）,7538,32,
reports/steam-taiko-baseline-20261002/20261002-152429/all-files.csv,被Git忽略（本轮未证明其他历史或分支是否含有）,1395997,32,
reports/steam-taiko-baseline-20261002/20261002-152429/appmanifest_1842810.redacted.txt,被Git忽略（本轮未证明其他历史或分支是否含有）,869,32,
reports/steam-taiko-baseline-20261002/20261002-152429/cloud_log.txt,被Git忽略（本轮未证明其他历史或分支是否含有）,10488,32,
reports/steam-taiko-baseline-20261002/20261002-152429/content_log.txt,被Git忽略（本轮未证明其他历史或分支是否含有）,26391,32,
reports/steam-taiko-baseline-20261002/20261002-152429/diff.json,被Git忽略（本轮未证明其他历史或分支是否含有）,9220,32,
reports/steam-taiko-baseline-20261002/20261002-152429/gameprocess_log.txt,被Git忽略（本轮未证明其他历史或分支是否含有）,866,32,
reports/steam-taiko-baseline-20261002/20261002-152429/runprocess_log.txt,被Git忽略（本轮未证明其他历史或分支是否含有）,174,32,
reports/steam-taiko-baseline-20261002/20261002-152429/snapshot.json,被Git忽略（本轮未证明其他历史或分支是否含有）,8014,32,
reports/steam-taiko-baseline-20261002/20261002-152429/启动后差异报告.txt,被Git忽略（本轮未证明其他历史或分支是否含有）,9223,32,
reports/steam-taiko-baseline-20261002/20261002-152429/现有文件与设置报告.txt,被Git忽略（本轮未证明其他历史或分支是否含有）,7532,32,
reports/steam-taiko-baseline-20261002/__pycache__/compare.cpython-313.pyc,被Git忽略（本轮未证明其他历史或分支是否含有）,3343,32,
reports/steam-taiko-baseline-20261002/__pycache__/snapshot.cpython-313.pyc,被Git忽略（本轮未证明其他历史或分支是否含有）,16343,32,
reports/steam-taiko-error-20261002/application-events.json,被Git忽略（本轮未证明其他历史或分支是否含有）,268,32,
reports/steam-taiko-error-20261002/compatibility.json,被Git忽略（本轮未证明其他历史或分支是否含有）,68,32,
reports/steam-taiko-error-20261002/console_log.txt,被Git忽略（本轮未证明其他历史或分支是否含有）,5989,32,
reports/steam-taiko-error-20261002/error-string-search.json,被Git忽略（本轮未证明其他历史或分支是否含有）,151,32,
reports/steam-taiko-error-20261002/gameoverlay_renderer.previous.txt,被Git忽略（本轮未证明其他历史或分支是否含有）,4674,32,
reports/steam-taiko-error-20261002/gameoverlay_renderer.txt,被Git忽略（本轮未证明其他历史或分支是否含有）,4374,32,
reports/steam-taiko-error-20261002/gameprocess_log.txt,被Git忽略（本轮未证明其他历史或分支是否含有）,856,32,
reports/steam-taiko-error-20261002/modules.json,被Git忽略（本轮未证明其他历史或分支是否含有）,25580,32,
reports/steam-taiko-error-20261002/processes.json,被Git忽略（本轮未证明其他历史或分支是否含有）,409,32,
reports/steam-taiko-error-20261002/Read_Block_Evidence.ps1,被Git忽略（本轮未证明其他历史或分支是否含有）,5954,32,
reports/steam-taiko-error-20261002/region-settings.json,被Git忽略（本轮未证明其他历史或分支是否含有）,174,32,
reports/steam-taiko-error-20261002/runprocess_log.txt,被Git忽略（本轮未证明其他历史或分支是否含有）,175,32,
reports/steam-taiko-error-20261002/steam-country-field-check.json,被Git忽略（本轮未证明其他历史或分支是否含有）,116,32,
reports/steam-taiko-error-20261002/steam-source-file-types.json,被Git忽略（本轮未证明其他历史或分支是否含有）,40,32,
reports/steam-taiko-error-20261002/web-launch-log.txt,被Git忽略（本轮未证明其他历史或分支是否含有）,2782,32,
reports/steam-taiko-error-20261002/地区与错误码核查.md,被Git忽略（本轮未证明其他历史或分支是否含有）,5219,32,
reports/steam-taiko-error-20261002/故障核查报告.md,被Git忽略（本轮未证明其他历史或分支是否含有）,5411,32,
reports/steam-taiko-error-20261002/policy-evidence/applocker-state.json,被Git忽略（本轮未证明其他历史或分支是否含有）,69,32,
reports/steam-taiko-error-20261002/policy-evidence/cdg-target-log-hits.json,被Git忽略（本轮未证明其他历史或分支是否含有）,182,32,
reports/steam-taiko-error-20261002/policy-evidence/codeintegrity-3033-review.json,被Git忽略（本轮未证明其他历史或分支是否含有）,150833,32,
reports/steam-taiko-error-20261002/policy-evidence/codeintegrity-id-counts.json,被Git忽略（本轮未证明其他历史或分支是否含有）,105,32,
reports/steam-taiko-error-20261002/policy-evidence/defender.json,被Git忽略（本轮未证明其他历史或分支是否含有）,273,32,
reports/steam-taiko-error-20261002/policy-evidence/event-queries.json,被Git忽略（本轮未证明其他历史或分支是否含有）,1601,32,
reports/steam-taiko-error-20261002/policy-evidence/firewall-readable.json,被Git忽略（本轮未证明其他历史或分支是否含有）,501,32,
reports/steam-taiko-error-20261002/policy-evidence/firewall-target.json,被Git忽略（本轮未证明其他历史或分支是否含有）,1324,32,
reports/steam-taiko-error-20261002/policy-evidence/vendor-log-files.json,被Git忽略（本轮未证明其他历史或分支是否含有）,8517,32,
reports/steam-taiko-error-20261002/policy-evidence/vendor-target-config-hits.json,被Git忽略（本轮未证明其他历史或分支是否含有）,59,32,
reports/steam-taiko-error-20261002/policy-evidence/拦截设置核查报告.md,被Git忽略（本轮未证明其他历史或分支是否含有）,5385,32,
reports/steam-taiko-source-audit-20261002/all-files.csv,被Git忽略（本轮未证明其他历史或分支是否含有）,361500,32,
reports/steam-taiko-source-audit-20261002/alternate-streams.json,被Git忽略（本轮未证明其他历史或分支是否含有）,45,32,
reports/steam-taiko-source-audit-20261002/audit.py,被Git忽略（本轮未证明其他历史或分支是否含有）,8968,32,
reports/steam-taiko-source-audit-20261002/baseline-comparison.json,被Git忽略（本轮未证明其他历史或分支是否含有）,311,32,
reports/steam-taiko-source-audit-20261002/classification-summary.json,被Git忽略（本轮未证明其他历史或分支是否含有）,15715,32,
reports/steam-taiko-source-audit-20261002/classify.py,被Git忽略（本轮未证明其他历史或分支是否含有）,8249,32,
reports/steam-taiko-source-audit-20261002/compare.py,被Git忽略（本轮未证明其他历史或分支是否含有）,1408,32,
reports/steam-taiko-source-audit-20261002/signatures.json,被Git忽略（本轮未证明其他历史或分支是否含有）,1593,32,
reports/steam-taiko-source-audit-20261002/summary.json,被Git忽略（本轮未证明其他历史或分支是否含有）,13468,32,
reports/steam-taiko-source-audit-20261002/分类文件清单.csv,被Git忽略（本轮未证明其他历史或分支是否含有）,470313,32,
reports/steam-taiko-source-audit-20261002/文件分类与架构核查.md,被Git忽略（本轮未证明其他历史或分支是否含有）,9731,32,
reports/steam-taiko-source-audit-20261002/源码可回溯性实测报告.md,被Git忽略（本轮未证明其他历史或分支是否含有）,6899,32,
reports/system-files-20261002/audit.ps1,被Git忽略（本轮未证明其他历史或分支是否含有）,763,32,
reports/system-files-20261002/component-store.txt,被Git忽略（本轮未证明其他历史或分支是否含有）,7447,32,
reports/system-files-20261002/diskfree.txt,被Git忽略（本轮未证明其他历史或分支是否含有）,618,32,
reports/system-files-20261002/dism-exit.txt,被Git忽略（本轮未证明其他历史或分支是否含有）,3,32,
reports/system-files-20261002/done.txt,被Git忽略（本轮未证明其他历史或分支是否含有）,11,32,
reports/system-files-20261002/measure.py,被Git忽略（本轮未证明其他历史或分支是否含有）,1646,32,
reports/system-files-20261002/shadowstorage.txt,被Git忽略（本轮未证明其他历史或分支是否含有）,427,32,
reports/system-files-20261002/windows-logical.json,被Git忽略（本轮未证明其他历史或分支是否含有）,5000,32,
reports/system-files-20261002/说明.md,被Git忽略（本轮未证明其他历史或分支是否含有）,1679,32,
reports/template-tests-20260923/finish.py,被Git忽略（本轮未证明其他历史或分支是否含有）,2420,32,
reports/template-tests-20260923/results.json,被Git忽略（本轮未证明其他历史或分支是否含有）,2252,32,
reports/template-tests-20260923/RESULTS.md,被Git忽略（本轮未证明其他历史或分支是否含有）,1834,32,
reports/template-tests-20260923/test.py,被Git忽略（本轮未证明其他历史或分支是否含有）,2333,32,
reports/template-tests-20260923/upgrade.py,被Git忽略（本轮未证明其他历史或分支是否含有）,11333,32,
reports/template-tests-20260923/Validate.ps1,被Git忽略（本轮未证明其他历史或分支是否含有）,2088,32,
reports/template-tests-20260923/validation-ps51.txt,被Git忽略（本轮未证明其他历史或分支是否含有）,0,32,
reports/template-tests-20260923/validation-ps7.txt,被Git忽略（本轮未证明其他历史或分支是否含有）,2166,32,
reports/template-tests-20260923/validation-unrestricted.txt,被Git忽略（本轮未证明其他历史或分支是否含有）,2070,32,
reports/template-tests-20260923/before/Diag-KeyboardSource.ps1,被Git忽略（本轮未证明其他历史或分支是否含有）,7838,32,
reports/template-tests-20260923/before/Diag-RawInputDevice.ps1,被Git忽略（本轮未证明其他历史或分支是否含有）,5184,32,
reports/template-tests-20260923/before/Full-Keyboard-State.ps1,被Git忽略（本轮未证明其他历史或分支是否含有）,2428,32,
reports/template-tests-20260923/before/Log-AllKeys-Async.ps1,被Git忽略（本轮未证明其他历史或分支是否含有）,1682,32,
reports/template-tests-20260923/before/RawInputKeyLogger.ps1,被Git忽略（本轮未证明其他历史或分支是否含有）,5102,32,
reports/template-tests-20260923/powershell.exe-Diag-KeyboardSource-compile/console.txt,被Git忽略（本轮未证明其他历史或分支是否含有）,630,32,
reports/template-tests-20260923/powershell.exe-Diag-KeyboardSource-run/console.txt,被Git忽略（本轮未证明其他历史或分支是否含有）,9428,32,
reports/template-tests-20260923/powershell.exe-Diag-KeyboardSource-run/20260923-081954-6683574/hid-devices.csv,被Git忽略（本轮未证明其他历史或分支是否含有）,3,32,
reports/template-tests-20260923/powershell.exe-Diag-KeyboardSource-run/20260923-081954-6683574/key-source-log.csv,被Git忽略（本轮未证明其他历史或分支是否含有）,47,32,
reports/template-tests-20260923/powershell.exe-Diag-KeyboardSource-run/20260923-081954-6683574/preflight-error.txt,被Git忽略（本轮未证明其他历史或分支是否含有）,511,32,
reports/template-tests-20260923/powershell.exe-Diag-KeyboardSource-run/20260923-082044-0349312/hid-devices.csv,被Git忽略（本轮未证明其他历史或分支是否含有）,3,32,
reports/template-tests-20260923/powershell.exe-Diag-KeyboardSource-run/20260923-082044-0349312/key-source-log.csv,被Git忽略（本轮未证明其他历史或分支是否含有）,47,32,
reports/template-tests-20260923/powershell.exe-Diag-KeyboardSource-run/20260923-082044-0349312/preflight-error.txt,被Git忽略（本轮未证明其他历史或分支是否含有）,511,32,
reports/template-tests-20260923/powershell.exe-Diag-RawInputDevice-compile/console.txt,被Git忽略（本轮未证明其他历史或分支是否含有）,630,32,
reports/template-tests-20260923/powershell.exe-Diag-RawInputDevice-run/console.txt,被Git忽略（本轮未证明其他历史或分支是否含有）,5774,32,
reports/template-tests-20260923/powershell.exe-Diag-RawInputDevice-run/rawinput-20260923-081958-3026274/raw-device-log.csv,被Git忽略（本轮未证明其他历史或分支是否含有）,39,32,
reports/template-tests-20260923/powershell.exe-Diag-RawInputDevice-run/rawinput-20260923-082046-8019030/raw-device-log.csv,被Git忽略（本轮未证明其他历史或分支是否含有）,39,32,
reports/template-tests-20260923/powershell.exe-Full-Keyboard-State-run/console.txt,被Git忽略（本轮未证明其他历史或分支是否含有）,3978,32,
reports/template-tests-20260923/powershell.exe-Log-AllKeys-Async-run/console.txt,被Git忽略（本轮未证明其他历史或分支是否含有）,2887,32,
reports/template-tests-20260923/powershell.exe-Log-AllKeys-Async-run/keys_20260923_082002_2522744.csv,被Git忽略（本轮未证明其他历史或分支是否含有）,39,32,
reports/template-tests-20260923/powershell.exe-Log-AllKeys-Async-run/keys_20260923_082050_5008137.csv,被Git忽略（本轮未证明其他历史或分支是否含有）,39,32,
reports/template-tests-20260923/powershell.exe-RawInputKeyLogger-compile/console.txt,被Git忽略（本轮未证明其他历史或分支是否含有）,630,32,
reports/template-tests-20260923/powershell.exe-RawInputKeyLogger-run/console.txt,被Git忽略（本轮未证明其他历史或分支是否含有）,5764,32,
reports/template-tests-20260923/powershell.exe-RawInputKeyLogger-run/rawinput-20260923-082004-6515952/raw-device-log.csv,被Git忽略（本轮未证明其他历史或分支是否含有）,39,32,
reports/template-tests-20260923/powershell.exe-RawInputKeyLogger-run/rawinput-20260923-082052-9175581/raw-device-log.csv,被Git忽略（本轮未证明其他历史或分支是否含有）,39,32,
reports/template-tests-20260923/pwsh.exe-Diag-KeyboardSource-compile/console.txt,被Git忽略（本轮未证明其他历史或分支是否含有）,13,32,
reports/template-tests-20260923/pwsh.exe-Diag-KeyboardSource-run/console.txt,被Git忽略（本轮未证明其他历史或分支是否含有）,8673,32,
reports/template-tests-20260923/pwsh.exe-Diag-KeyboardSource-run/20260923-082008-5072905/hid-devices.csv,被Git忽略（本轮未证明其他历史或分支是否含有）,0,32,
reports/template-tests-20260923/pwsh.exe-Diag-KeyboardSource-run/20260923-082008-5072905/key-source-log.csv,被Git忽略（本轮未证明其他历史或分支是否含有）,44,32,
reports/template-tests-20260923/pwsh.exe-Diag-KeyboardSource-run/20260923-082008-5072905/preflight-error.txt,被Git忽略（本轮未证明其他历史或分支是否含有）,342,32,
reports/template-tests-20260923/pwsh.exe-Diag-KeyboardSource-run/20260923-082056-1141358/hid-devices.csv,被Git忽略（本轮未证明其他历史或分支是否含有）,0,32,
reports/template-tests-20260923/pwsh.exe-Diag-KeyboardSource-run/20260923-082056-1141358/key-source-log.csv,被Git忽略（本轮未证明其他历史或分支是否含有）,44,32,
reports/template-tests-20260923/pwsh.exe-Diag-KeyboardSource-run/20260923-082056-1141358/preflight-error.txt,被Git忽略（本轮未证明其他历史或分支是否含有）,342,32,
reports/template-tests-20260923/pwsh.exe-Diag-RawInputDevice-compile/console.txt,被Git忽略（本轮未证明其他历史或分支是否含有）,13,32,
reports/template-tests-20260923/pwsh.exe-Diag-RawInputDevice-run/console.txt,被Git忽略（本轮未证明其他历史或分支是否含有）,5253,32,
reports/template-tests-20260923/pwsh.exe-Diag-RawInputDevice-run/rawinput-20260923-082100-0668478/raw-device-log.csv,被Git忽略（本轮未证明其他历史或分支是否含有）,36,32,
reports/template-tests-20260923/pwsh.exe-Full-Keyboard-State-run/console.txt,被Git忽略（本轮未证明其他历史或分支是否含有）,3620,32,
reports/template-tests-20260923/pwsh.exe-Log-AllKeys-Async-run/console.txt,被Git忽略（本轮未证明其他历史或分支是否含有）,2362,32,
reports/template-tests-20260923/pwsh.exe-Log-AllKeys-Async-run/keys_20260923_082016_2026937.csv,被Git忽略（本轮未证明其他历史或分支是否含有）,36,32,
reports/template-tests-20260923/pwsh.exe-Log-AllKeys-Async-run/keys_20260923_082104_8622087.csv,被Git忽略（本轮未证明其他历史或分支是否含有）,36,32,
reports/template-tests-20260923/pwsh.exe-RawInputKeyLogger-compile/console.txt,被Git忽略（本轮未证明其他历史或分支是否含有）,13,32,
reports/template-tests-20260923/pwsh.exe-RawInputKeyLogger-run/console.txt,被Git忽略（本轮未证明其他历史或分支是否含有）,5245,32,
reports/template-tests-20260923/pwsh.exe-RawInputKeyLogger-run/rawinput-20260923-082107-9642749/raw-device-log.csv,被Git忽略（本轮未证明其他历史或分支是否含有）,36,32,
reports/template-tests-20260923/validation-Core/20260923-082221-0306976/acc-KeyboardResponse.txt,被Git忽略（本轮未证明其他历史或分支是否含有）,639,32,
reports/template-tests-20260923/validation-Core/20260923-082221-0306976/acc-StickyKeys.txt,被Git忽略（本轮未证明其他历史或分支是否含有）,330,32,
reports/template-tests-20260923/validation-Core/20260923-082221-0306976/acc-ToggleKeys.txt,被Git忽略（本轮未证明其他历史或分支是否含有）,329,32,
reports/template-tests-20260923/validation-Core/20260923-082221-0306976/hid-devices-error.txt,被Git忽略（本轮未证明其他历史或分支是否含有）,348,32,
reports/template-tests-20260923/validation-Core/20260923-082221-0306976/hid-devices.csv,被Git忽略（本轮未证明其他历史或分支是否含有）,0,32,
reports/template-tests-20260923/validation-Core/20260923-082221-0306976/input-methods.txt,被Git忽略（本轮未证明其他历史或分支是否含有）,544,32,
reports/template-tests-20260923/validation-Core/20260923-082221-0306976/key-source-log.csv,被Git忽略（本轮未证明其他历史或分支是否含有）,44,32,
reports/template-tests-20260923/validation-Core/20260923-082221-0306976/preflight-status.json,被Git忽略（本轮未证明其他历史或分支是否含有）,381,32,
reports/template-tests-20260923/validation-Core/20260923-082221-0306976/remote-macro-candidates-error.txt,被Git忽略（本轮未证明其他历史或分支是否含有）,342,32,
reports/template-tests-20260923/validation-Core/20260923-082221-0306976/remote-macro-candidates.csv,被Git忽略（本轮未证明其他历史或分支是否含有）,0,32,
reports/template-tests-20260923/validation-Core/20260923-082223-2945135/acc-KeyboardResponse.txt,被Git忽略（本轮未证明其他历史或分支是否含有）,639,32,
reports/template-tests-20260923/validation-Core/20260923-082223-2945135/acc-StickyKeys.txt,被Git忽略（本轮未证明其他历史或分支是否含有）,330,32,
reports/template-tests-20260923/validation-Core/20260923-082223-2945135/acc-ToggleKeys.txt,被Git忽略（本轮未证明其他历史或分支是否含有）,329,32,
reports/template-tests-20260923/validation-Core/20260923-082223-2945135/hid-devices-error.txt,被Git忽略（本轮未证明其他历史或分支是否含有）,348,32,
reports/template-tests-20260923/validation-Core/20260923-082223-2945135/hid-devices.csv,被Git忽略（本轮未证明其他历史或分支是否含有）,0,32,
reports/template-tests-20260923/validation-Core/20260923-082223-2945135/input-methods.txt,被Git忽略（本轮未证明其他历史或分支是否含有）,544,32,
reports/template-tests-20260923/validation-Core/20260923-082223-2945135/key-source-log.csv,被Git忽略（本轮未证明其他历史或分支是否含有）,44,32,
reports/template-tests-20260923/validation-Core/20260923-082223-2945135/preflight-status.json,被Git忽略（本轮未证明其他历史或分支是否含有）,381,32,
reports/template-tests-20260923/validation-Core/20260923-082223-2945135/remote-macro-candidates-error.txt,被Git忽略（本轮未证明其他历史或分支是否含有）,342,32,
reports/template-tests-20260923/validation-Core/20260923-082223-2945135/remote-macro-candidates.csv,被Git忽略（本轮未证明其他历史或分支是否含有）,0,32,
reports/template-tests-20260923/validation-Core/20260923-082302-7518093/acc-KeyboardResponse.txt,被Git忽略（本轮未证明其他历史或分支是否含有）,639,32,
reports/template-tests-20260923/validation-Core/20260923-082302-7518093/acc-StickyKeys.txt,被Git忽略（本轮未证明其他历史或分支是否含有）,330,32,
reports/template-tests-20260923/validation-Core/20260923-082302-7518093/acc-ToggleKeys.txt,被Git忽略（本轮未证明其他历史或分支是否含有）,329,32,
reports/template-tests-20260923/validation-Core/20260923-082302-7518093/hid-devices.csv,被Git忽略（本轮未证明其他历史或分支是否含有）,833,32,
reports/template-tests-20260923/validation-Core/20260923-082302-7518093/input-methods.txt,被Git忽略（本轮未证明其他历史或分支是否含有）,544,32,
reports/template-tests-20260923/validation-Core/20260923-082302-7518093/key-source-log.csv,被Git忽略（本轮未证明其他历史或分支是否含有）,44,32,
reports/template-tests-20260923/validation-Core/20260923-082302-7518093/preflight-status.json,被Git忽略（本轮未证明其他历史或分支是否含有）,341,32,
reports/template-tests-20260923/validation-Core/20260923-082302-7518093/remote-macro-candidates.csv,被Git忽略（本轮未证明其他历史或分支是否含有）,0,32,
reports/template-tests-20260923/validation-Core/20260923-082305-0450918/acc-KeyboardResponse.txt,被Git忽略（本轮未证明其他历史或分支是否含有）,639,32,
reports/template-tests-20260923/validation-Core/20260923-082305-0450918/acc-StickyKeys.txt,被Git忽略（本轮未证明其他历史或分支是否含有）,330,32,
reports/template-tests-20260923/validation-Core/20260923-082305-0450918/acc-ToggleKeys.txt,被Git忽略（本轮未证明其他历史或分支是否含有）,329,32,
reports/template-tests-20260923/validation-Core/20260923-082305-0450918/hid-devices.csv,被Git忽略（本轮未证明其他历史或分支是否含有）,833,32,
reports/template-tests-20260923/validation-Core/20260923-082305-0450918/input-methods.txt,被Git忽略（本轮未证明其他历史或分支是否含有）,544,32,
reports/template-tests-20260923/validation-Core/20260923-082305-0450918/key-source-log.csv,被Git忽略（本轮未证明其他历史或分支是否含有）,44,32,
reports/template-tests-20260923/validation-Core/20260923-082305-0450918/preflight-status.json,被Git忽略（本轮未证明其他历史或分支是否含有）,341,32,
reports/template-tests-20260923/validation-Core/20260923-082305-0450918/remote-macro-candidates.csv,被Git忽略（本轮未证明其他历史或分支是否含有）,0,32,
reports/template-tests-20260923/validation-Core/rawinput-20260923-082224-3752402/raw-device-log.csv,被Git忽略（本轮未证明其他历史或分支是否含有）,36,32,
reports/template-tests-20260923/validation-Core/rawinput-20260923-082225-5649952/raw-device-log.csv,被Git忽略（本轮未证明其他历史或分支是否含有）,36,32,
reports/template-tests-20260923/validation-Core/rawinput-20260923-082306-3580553/raw-device-log.csv,被Git忽略（本轮未证明其他历史或分支是否含有）,36,32,
reports/template-tests-20260923/validation-Core/rawinput-20260923-082307-5352012/raw-device-log.csv,被Git忽略（本轮未证明其他历史或分支是否含有）,36,32,
reports/uv-audit-cache/.gitignore,被Git忽略（本轮未证明其他历史或分支是否含有）,1,32,
reports/uv-audit-cache/.lock,被Git忽略（本轮未证明其他历史或分支是否含有）,0,1572896,
reports/uv-audit-cache/CACHEDIR.TAG,被Git忽略（本轮未证明其他历史或分支是否含有）,43,32,
reports/uv-audit-cache/interpreter-v4/0de9bff94b993286/ac0d61d798b9de7e.msgpack,被Git忽略（本轮未证明其他历史或分支是否含有）,1664,32,
reports/uv-audit-cache/interpreter-v4/0de9bff94b993286/c051bdd7985724d2.msgpack,被Git忽略（本轮未证明其他历史或分支是否含有）,1509,32,
reports/uv-audit-cache/sdists-v9/.git,被Git忽略（本轮未证明其他历史或分支是否含有）,0,32,
reports/uv-audit-cache/sdists-v9/.gitignore,被Git忽略（本轮未证明其他历史或分支是否含有）,0,32,
reports/watch-tests-20260923/live.txt,被Git忽略（本轮未证明其他历史或分支是否含有）,5671,32,
reports/watch-tests-20260923/ps51.txt,被Git忽略（本轮未证明其他历史或分支是否含有）,1267,32,
reports/watch-tests-20260923/ps7.txt,被Git忽略（本轮未证明其他历史或分支是否含有）,1267,32,
reports/watch-tests-20260923/RESULTS.md,被Git忽略（本轮未证明其他历史或分支是否含有）,818,32,
reports/watch-tests-20260923/watch-22dcfbe93286494d9e7e9ca8da2e22df/snapshot-00.json,被Git忽略（本轮未证明其他历史或分支是否含有）,19233,32,
reports/watch-tests-20260923/watch-22dcfbe93286494d9e7e9ca8da2e22df/snapshot-01.json,被Git忽略（本轮未证明其他历史或分支是否含有）,19944,32,
reports/watch-tests-20260923/watch-3944b76e268b442d8f0a46d9d2e5e537/snapshot-00.json,被Git忽略（本轮未证明其他历史或分支是否含有）,931,32,
reports/watch-tests-20260923/watch-68e434e4cdf04fa3811750b7c408df6e/snapshot-00.json,被Git忽略（本轮未证明其他历史或分支是否含有）,469,32,
